source,property_name,property_type,segment,address,district_town,txn_date,price,area_sqm,area_sqft,price_psf,storey_range,tenure,flat_model,lat,lng
HDB,101 BISHAN ST 12,5 ROOM,BISHAN,101 BISHAN ST 12,BISHAN,2017-07-01,788000.0,121.0,1302.43,605.02,22 TO 24,68 years 06 months,Improved,1.34485915828152,103.848400765185
HDB,101 BISHAN ST 12,5 ROOM,BISHAN,101 BISHAN ST 12,BISHAN,2017-08-01,725000.0,121.0,1302.43,556.65,10 TO 12,68 years 05 months,Improved,1.34485915828152,103.848400765185
HDB,101 BISHAN ST 12,5 ROOM,BISHAN,101 BISHAN ST 12,BISHAN,2018-04-01,778000.0,121.0,1302.43,597.34,13 TO 15,67 years 09 months,Improved,1.34485915828152,103.848400765185
HDB,101 BISHAN ST 12,EXECUTIVE,BISHAN,101 BISHAN ST 12,BISHAN,2018-10-01,996000.0,163.0,1754.52,567.68,22 TO 24,67 years 03 months,Maisonette,1.34485915828152,103.848400765185
HDB,101 BISHAN ST 12,5 ROOM,BISHAN,101 BISHAN ST 12,BISHAN,2018-11-01,815000.0,121.0,1302.43,625.75,16 TO 18,67 years 02 months,Improved,1.34485915828152,103.848400765185
HDB,101 BISHAN ST 12,5 ROOM,BISHAN,101 BISHAN ST 12,BISHAN,2020-01-01,672000.0,121.0,1302.43,515.96,01 TO 03,66 years,Improved,1.34485915828152,103.848400765185
HDB,101 BISHAN ST 12,5 ROOM,BISHAN,101 BISHAN ST 12,BISHAN,2020-06-01,723000.0,121.0,1302.43,555.12,10 TO 12,65 years 08 months,Improved,1.34485915828152,103.848400765185
HDB,101 BISHAN ST 12,5 ROOM,BISHAN,101 BISHAN ST 12,BISHAN,2020-10-01,768000.0,121.0,1302.43,589.67,19 TO 21,65 years 03 months,Improved,1.34485915828152,103.848400765185
HDB,101 BISHAN ST 12,5 ROOM,BISHAN,101 BISHAN ST 12,BISHAN,2021-01-01,793888.0,121.0,1302.43,609.54,22 TO 24,65 years,Improved,1.34485915828152,103.848400765185
HDB,101 BISHAN ST 12,5 ROOM,BISHAN,101 BISHAN ST 12,BISHAN,2021-02-01,750000.0,121.0,1302.43,575.85,13 TO 15,64 years 11 months,Improved,1.34485915828152,103.848400765185
HDB,101 BISHAN ST 12,5 ROOM,BISHAN,101 BISHAN ST 12,BISHAN,2021-09-01,780000.0,121.0,1302.43,598.88,10 TO 12,64 years 05 months,Improved,1.34485915828152,103.848400765185
HDB,101 BISHAN ST 12,EXECUTIVE,BISHAN,101 BISHAN ST 12,BISHAN,2022-01-01,1288000.0,163.0,1754.52,734.11,22 TO 24,64 years,Maisonette,1.34485915828152,103.848400765185
HDB,101 BISHAN ST 12,5 ROOM,BISHAN,101 BISHAN ST 12,BISHAN,2022-03-01,670000.0,121.0,1302.43,514.42,01 TO 03,63 years 11 months,Improved,1.34485915828152,103.848400765185
HDB,101 BISHAN ST 12,5 ROOM,BISHAN,101 BISHAN ST 12,BISHAN,2022-05-01,711000.0,121.0,1302.43,545.9,10 TO 12,63 years 09 months,Improved,1.34485915828152,103.848400765185
HDB,101 BISHAN ST 12,5 ROOM,BISHAN,101 BISHAN ST 12,BISHAN,2022-06-01,833000.0,121.0,1302.43,639.57,10 TO 12,63 years 08 months,Improved,1.34485915828152,103.848400765185
HDB,101 BISHAN ST 12,5 ROOM,BISHAN,101 BISHAN ST 12,BISHAN,2022-10-01,880000.0,121.0,1302.43,675.66,22 TO 24,63 years 04 months,Improved,1.34485915828152,103.848400765185
HDB,101 BISHAN ST 12,5 ROOM,BISHAN,101 BISHAN ST 12,BISHAN,2023-05-01,810000.0,121.0,1302.43,621.91,07 TO 09,62 years 09 months,Improved,1.34485915828152,103.848400765185
HDB,101 BISHAN ST 12,5 ROOM,BISHAN,101 BISHAN ST 12,BISHAN,2024-12-01,928000.0,121.0,1302.43,712.51,10 TO 12,61 years 02 months,Improved,1.34485915828152,103.848400765185
HDB,101A LOR 2 TOA PAYOH,EXECUTIVE,TOA PAYOH,101A LOR 2 TOA PAYOH,TOA PAYOH,2017-04-01,940888.0,145.0,1560.77,602.84,10 TO 12,74 years,Apartment,1.33974126719163,103.847264187382
HDB,101A LOR 2 TOA PAYOH,EXECUTIVE,TOA PAYOH,101A LOR 2 TOA PAYOH,TOA PAYOH,2017-08-01,850000.0,146.0,1571.53,540.87,04 TO 06,74 years 08 months,Apartment,1.33974126719163,103.847264187382
HDB,101A LOR 2 TOA PAYOH,EXECUTIVE,TOA PAYOH,101A LOR 2 TOA PAYOH,TOA PAYOH,2017-08-01,930000.0,145.0,1560.77,595.86,07 TO 09,74 years 08 months,Apartment,1.33974126719163,103.847264187382
HDB,101A LOR 2 TOA PAYOH,EXECUTIVE,TOA PAYOH,101A LOR 2 TOA PAYOH,TOA PAYOH,2017-12-01,958888.0,145.0,1560.77,614.37,16 TO 18,74 years 04 months,Apartment,1.33974126719163,103.847264187382
HDB,101A LOR 2 TOA PAYOH,EXECUTIVE,TOA PAYOH,101A LOR 2 TOA PAYOH,TOA PAYOH,2020-09-01,870000.0,147.0,1582.29,549.83,04 TO 06,71 years 07 months,Apartment,1.33974126719163,103.847264187382
HDB,101A LOR 2 TOA PAYOH,EXECUTIVE,TOA PAYOH,101A LOR 2 TOA PAYOH,TOA PAYOH,2020-12-01,870000.0,146.0,1571.53,553.6,01 TO 03,71 years 04 months,Apartment,1.33974126719163,103.847264187382
HDB,101A LOR 2 TOA PAYOH,EXECUTIVE,TOA PAYOH,101A LOR 2 TOA PAYOH,TOA PAYOH,2021-08-01,1000000.0,147.0,1582.29,631.99,07 TO 09,70 years 09 months,Apartment,1.33974126719163,103.847264187382
HDB,101A LOR 2 TOA PAYOH,EXECUTIVE,TOA PAYOH,101A LOR 2 TOA PAYOH,TOA PAYOH,2021-10-01,898000.0,145.0,1560.77,575.36,01 TO 03,70 years 07 months,Apartment,1.33974126719163,103.847264187382
HDB,101A LOR 2 TOA PAYOH,EXECUTIVE,TOA PAYOH,101A LOR 2 TOA PAYOH,TOA PAYOH,2022-01-01,950000.0,142.0,1528.47,621.54,13 TO 15,70 years 03 months,Apartment,1.33974126719163,103.847264187382
HDB,101A LOR 2 TOA PAYOH,EXECUTIVE,TOA PAYOH,101A LOR 2 TOA PAYOH,TOA PAYOH,2022-11-01,1100000.0,147.0,1582.29,695.19,07 TO 09,69 years 06 months,Apartment,1.33974126719163,103.847264187382
HDB,101A LOR 2 TOA PAYOH,EXECUTIVE,TOA PAYOH,101A LOR 2 TOA PAYOH,TOA PAYOH,2023-02-01,913000.0,147.0,1582.29,577.01,01 TO 03,69 years 02 months,Apartment,1.33974126719163,103.847264187382
HDB,101A LOR 2 TOA PAYOH,EXECUTIVE,TOA PAYOH,101A LOR 2 TOA PAYOH,TOA PAYOH,2023-09-01,1180000.0,145.0,1560.77,756.04,10 TO 12,68 years 08 months,Apartment,1.33974126719163,103.847264187382
HDB,101B LOR 2 TOA PAYOH,EXECUTIVE,TOA PAYOH,101B LOR 2 TOA PAYOH,TOA PAYOH,2020-08-01,901000.0,144.0,1550.0,581.29,04 TO 06,71 years 08 months,Apartment,1.33959884500115,103.847605414427
HDB,101B LOR 2 TOA PAYOH,EXECUTIVE,TOA PAYOH,101B LOR 2 TOA PAYOH,TOA PAYOH,2021-06-01,980000.0,145.0,1560.77,627.9,04 TO 06,70 years 11 months,Apartment,1.33959884500115,103.847605414427
HDB,101B LOR 2 TOA PAYOH,EXECUTIVE,TOA PAYOH,101B LOR 2 TOA PAYOH,TOA PAYOH,2022-12-01,850000.0,147.0,1582.29,537.19,01 TO 03,69 years 05 months,Apartment,1.33959884500115,103.847605414427
HDB,101B LOR 2 TOA PAYOH,EXECUTIVE,TOA PAYOH,101B LOR 2 TOA PAYOH,TOA PAYOH,2025-08-01,1250000.0,144.0,1550.0,806.45,04 TO 06,66 years 09 months,Apartment,1.33959884500115,103.847605414427
HDB,101B LOR 2 TOA PAYOH,EXECUTIVE,TOA PAYOH,101B LOR 2 TOA PAYOH,TOA PAYOH,2026-03-01,1225000.0,145.0,1560.77,784.87,07 TO 09,65 years 11 months,Apartment,1.33959884500115,103.847605414427
HDB,102 BISHAN ST 12,5 ROOM,BISHAN,102 BISHAN ST 12,BISHAN,2018-06-01,730000.0,121.0,1302.43,560.49,07 TO 09,67 years 08 months,Improved,1.3451431233477,103.847990805259
HDB,102 BISHAN ST 12,5 ROOM,BISHAN,102 BISHAN ST 12,BISHAN,2019-04-01,678000.0,121.0,1302.43,520.56,07 TO 09,66 years 10 months,Improved,1.3451431233477,103.847990805259
HDB,102 BISHAN ST 12,5 ROOM,BISHAN,102 BISHAN ST 12,BISHAN,2019-10-01,748000.0,121.0,1302.43,574.31,13 TO 15,66 years 03 months,Improved,1.3451431233477,103.847990805259
HDB,102 BISHAN ST 12,5 ROOM,BISHAN,102 BISHAN ST 12,BISHAN,2020-10-01,720000.0,121.0,1302.43,552.81,04 TO 06,65 years 03 months,Improved,1.3451431233477,103.847990805259
HDB,102 BISHAN ST 12,5 ROOM,BISHAN,102 BISHAN ST 12,BISHAN,2020-11-01,690000.0,121.0,1302.43,529.78,04 TO 06,65 years 03 months,Improved,1.3451431233477,103.847990805259
HDB,102 BISHAN ST 12,EXECUTIVE,BISHAN,102 BISHAN ST 12,BISHAN,2020-12-01,980000.0,150.0,1614.59,606.97,22 TO 24,65 years 01 month,Maisonette,1.3451431233477,103.847990805259
HDB,102 BISHAN ST 12,EXECUTIVE,BISHAN,102 BISHAN ST 12,BISHAN,2021-04-01,1065000.0,150.0,1614.59,659.61,22 TO 24,64 years 10 months,Maisonette,1.3451431233477,103.847990805259
HDB,102 BISHAN ST 12,5 ROOM,BISHAN,102 BISHAN ST 12,BISHAN,2021-10-01,868000.0,121.0,1302.43,666.45,19 TO 21,64 years 04 months,Improved,1.3451431233477,103.847990805259
HDB,102 BISHAN ST 12,5 ROOM,BISHAN,102 BISHAN ST 12,BISHAN,2022-09-01,799000.0,121.0,1302.43,613.47,16 TO 18,63 years 05 months,Improved,1.3451431233477,103.847990805259
HDB,102 BISHAN ST 12,5 ROOM,BISHAN,102 BISHAN ST 12,BISHAN,2023-05-01,928000.0,121.0,1302.43,712.51,16 TO 18,62 years 09 months,Improved,1.3451431233477,103.847990805259
HDB,102 BISHAN ST 12,EXECUTIVE,BISHAN,102 BISHAN ST 12,BISHAN,2024-01-01,1380000.0,163.0,1754.52,786.54,22 TO 24,62 years 01 month,Maisonette,1.3451431233477,103.847990805259
HDB,102 BISHAN ST 12,5 ROOM,BISHAN,102 BISHAN ST 12,BISHAN,2024-03-01,950000.0,121.0,1302.43,729.4,19 TO 21,62 years,Improved,1.3451431233477,103.847990805259
HDB,102 BISHAN ST 12,5 ROOM,BISHAN,102 BISHAN ST 12,BISHAN,2024-12-01,900000.0,121.0,1302.43,691.02,01 TO 03,61 years 02 months,Improved,1.3451431233477,103.847990805259
HDB,102 BISHAN ST 12,5 ROOM,BISHAN,102 BISHAN ST 12,BISHAN,2025-07-01,890000.0,121.0,1302.43,683.34,04 TO 06,60 years 07 months,Improved,1.3451431233477,103.847990805259
HDB,102 BISHAN ST 12,5 ROOM,BISHAN,102 BISHAN ST 12,BISHAN,2025-08-01,1020000.0,121.0,1302.43,783.15,19 TO 21,60 years 06 months,Improved,1.3451431233477,103.847990805259
HDB,102 BISHAN ST 12,5 ROOM,BISHAN,102 BISHAN ST 12,BISHAN,2025-10-01,930880.0,121.0,1302.43,714.72,07 TO 09,60 years 04 months,Improved,1.3451431233477,103.847990805259
HDB,102 BISHAN ST 12,5 ROOM,BISHAN,102 BISHAN ST 12,BISHAN,2026-02-01,940000.0,121.0,1302.43,721.73,10 TO 12,60 years,Improved,1.3451431233477,103.847990805259
HDB,103 BISHAN ST 12,5 ROOM,BISHAN,103 BISHAN ST 12,BISHAN,2017-05-01,805000.0,121.0,1302.43,618.07,22 TO 24,68 years 06 months,Improved,1.34551249132105,103.848314162387
HDB,103 BISHAN ST 12,5 ROOM,BISHAN,103 BISHAN ST 12,BISHAN,2017-06-01,825000.0,121.0,1302.43,633.43,13 TO 15,68 years 05 months,Improved,1.34551249132105,103.848314162387
HDB,103 BISHAN ST 12,5 ROOM,BISHAN,103 BISHAN ST 12,BISHAN,2017-07-01,788800.0,121.0,1302.43,605.64,13 TO 15,68 years 04 months,Improved,1.34551249132105,103.848314162387
HDB,103 BISHAN ST 12,EXECUTIVE,BISHAN,103 BISHAN ST 12,BISHAN,2017-08-01,950000.0,150.0,1614.59,588.39,22 TO 24,68 years 03 months,Maisonette,1.34551249132105,103.848314162387
HDB,103 BISHAN ST 12,5 ROOM,BISHAN,103 BISHAN ST 12,BISHAN,2018-09-01,730000.0,121.0,1302.43,560.49,07 TO 09,67 years 02 months,Improved,1.34551249132105,103.848314162387
HDB,103 BISHAN ST 12,5 ROOM,BISHAN,103 BISHAN ST 12,BISHAN,2019-03-01,668000.0,121.0,1302.43,512.89,04 TO 06,66 years 08 months,Improved,1.34551249132105,103.848314162387
HDB,103 BISHAN ST 12,5 ROOM,BISHAN,103 BISHAN ST 12,BISHAN,2019-07-01,773888.0,121.0,1302.43,594.19,19 TO 21,66 years 04 months,Improved,1.34551249132105,103.848314162387
HDB,103 BISHAN ST 12,5 ROOM,BISHAN,103 BISHAN ST 12,BISHAN,2020-01-01,690000.0,121.0,1302.43,529.78,04 TO 06,65 years 10 months,Improved,1.34551249132105,103.848314162387
HDB,103 BISHAN ST 12,5 ROOM,BISHAN,103 BISHAN ST 12,BISHAN,2020-10-01,760000.0,121.0,1302.43,583.52,22 TO 24,65 years 01 month,Improved,1.34551249132105,103.848314162387
HDB,103 BISHAN ST 12,5 ROOM,BISHAN,103 BISHAN ST 12,BISHAN,2021-02-01,690000.0,121.0,1302.43,529.78,04 TO 06,64 years 10 months,Improved,1.34551249132105,103.848314162387
HDB,103 BISHAN ST 12,5 ROOM,BISHAN,103 BISHAN ST 12,BISHAN,2022-01-01,755000.0,121.0,1302.43,579.68,07 TO 09,64 years,Improved,1.34551249132105,103.848314162387
HDB,103 BISHAN ST 12,5 ROOM,BISHAN,103 BISHAN ST 12,BISHAN,2022-05-01,738000.0,121.0,1302.43,566.63,01 TO 03,63 years 07 months,Improved,1.34551249132105,103.848314162387
HDB,103 BISHAN ST 12,5 ROOM,BISHAN,103 BISHAN ST 12,BISHAN,2022-07-01,815000.0,121.0,1302.43,625.75,10 TO 12,63 years 05 months,Improved,1.34551249132105,103.848314162387
HDB,103 BISHAN ST 12,5 ROOM,BISHAN,103 BISHAN ST 12,BISHAN,2022-08-01,888000.0,121.0,1302.43,681.8,10 TO 12,63 years 04 months,Improved,1.34551249132105,103.848314162387
HDB,103 BISHAN ST 12,5 ROOM,BISHAN,103 BISHAN ST 12,BISHAN,2022-10-01,775000.0,121.0,1302.43,595.04,01 TO 03,63 years 02 months,Improved,1.34551249132105,103.848314162387
HDB,103 BISHAN ST 12,5 ROOM,BISHAN,103 BISHAN ST 12,BISHAN,2023-01-01,890000.0,121.0,1302.43,683.34,07 TO 09,62 years 10 months,Improved,1.34551249132105,103.848314162387
HDB,103 BISHAN ST 12,5 ROOM,BISHAN,103 BISHAN ST 12,BISHAN,2023-05-01,880000.0,121.0,1302.43,675.66,10 TO 12,62 years 07 months,Improved,1.34551249132105,103.848314162387
HDB,103 BISHAN ST 12,5 ROOM,BISHAN,103 BISHAN ST 12,BISHAN,2023-07-01,825000.0,121.0,1302.43,633.43,04 TO 06,62 years 05 months,Improved,1.34551249132105,103.848314162387
HDB,103 BISHAN ST 12,5 ROOM,BISHAN,103 BISHAN ST 12,BISHAN,2024-07-01,720000.0,121.0,1302.43,552.81,01 TO 03,61 years 05 months,Improved,1.34551249132105,103.848314162387
HDB,103 BISHAN ST 12,5 ROOM,BISHAN,103 BISHAN ST 12,BISHAN,2024-07-01,935000.0,121.0,1302.43,717.89,07 TO 09,61 years 05 months,Improved,1.34551249132105,103.848314162387
HDB,103 BISHAN ST 12,5 ROOM,BISHAN,103 BISHAN ST 12,BISHAN,2024-07-01,998000.0,121.0,1302.43,766.26,19 TO 21,61 years 06 months,Improved,1.34551249132105,103.848314162387
HDB,103 BISHAN ST 12,EXECUTIVE,BISHAN,103 BISHAN ST 12,BISHAN,2024-10-01,1410000.0,163.0,1754.52,803.64,22 TO 24,61 years 02 months,Maisonette,1.34551249132105,103.848314162387
HDB,103 BISHAN ST 12,5 ROOM,BISHAN,103 BISHAN ST 12,BISHAN,2025-12-01,878000.0,121.0,1302.43,674.12,04 TO 06,60 years,Improved,1.34551249132105,103.848314162387
HDB,103 BISHAN ST 12,5 ROOM,BISHAN,103 BISHAN ST 12,BISHAN,2026-01-01,945000.0,121.0,1302.43,725.57,04 TO 06,59 years 11 months,Improved,1.34551249132105,103.848314162387
HDB,105A BIDADARI PK DR,5 ROOM,TOA PAYOH,105A BIDADARI PK DR,TOA PAYOH,2024-10-01,1210000.0,113.0,1216.32,994.8,04 TO 06,95 years,Improved,1.33400699237548,103.870430572231
HDB,105A BIDADARI PK DR,5 ROOM,TOA PAYOH,105A BIDADARI PK DR,TOA PAYOH,2024-10-01,1300000.0,113.0,1216.32,1068.8,13 TO 15,94 years 11 months,Improved,1.33400699237548,103.870430572231
HDB,105A BIDADARI PK DR,5 ROOM,TOA PAYOH,105A BIDADARI PK DR,TOA PAYOH,2024-11-01,1195000.0,114.0,1227.08,973.85,04 TO 06,94 years 10 months,Improved,1.33400699237548,103.870430572231
HDB,105A BIDADARI PK DR,5 ROOM,TOA PAYOH,105A BIDADARI PK DR,TOA PAYOH,2025-02-01,1370000.0,113.0,1216.32,1126.35,13 TO 15,94 years 07 months,Improved,1.33400699237548,103.870430572231
HDB,105A BIDADARI PK DR,5 ROOM,TOA PAYOH,105A BIDADARI PK DR,TOA PAYOH,2025-02-01,1182000.0,114.0,1227.08,963.26,01 TO 03,94 years 07 months,Improved,1.33400699237548,103.870430572231
HDB,105A BIDADARI PK DR,5 ROOM,TOA PAYOH,105A BIDADARI PK DR,TOA PAYOH,2025-06-01,1342000.0,113.0,1216.32,1103.33,07 TO 09,94 years 02 months,Improved,1.33400699237548,103.870430572231
HDB,105A BIDADARI PK DR,5 ROOM,TOA PAYOH,105A BIDADARI PK DR,TOA PAYOH,2025-08-01,1350000.0,113.0,1216.32,1109.9,10 TO 12,94 years 01 month,Improved,1.33400699237548,103.870430572231
HDB,105B BIDADARI PK DR,5 ROOM,TOA PAYOH,105B BIDADARI PK DR,TOA PAYOH,2024-10-01,1220000.0,114.0,1227.08,994.23,07 TO 09,94 years 11 months,Improved,1.33347403879152,103.870490405284
HDB,105B BIDADARI PK DR,5 ROOM,TOA PAYOH,105B BIDADARI PK DR,TOA PAYOH,2025-03-01,1340000.0,114.0,1227.08,1092.02,16 TO 18,94 years 06 months,Improved,1.33347403879152,103.870490405284
HDB,105B BIDADARI PK DR,5 ROOM,TOA PAYOH,105B BIDADARI PK DR,TOA PAYOH,2025-03-01,1190000.0,114.0,1227.08,969.78,01 TO 03,94 years 06 months,Improved,1.33347403879152,103.870490405284
HDB,105B BIDADARI PK DR,5 ROOM,TOA PAYOH,105B BIDADARI PK DR,TOA PAYOH,2025-03-01,1320000.0,114.0,1227.08,1075.72,13 TO 15,94 years 06 months,Improved,1.33347403879152,103.870490405284
HDB,105B BIDADARI PK DR,5 ROOM,TOA PAYOH,105B BIDADARI PK DR,TOA PAYOH,2025-06-01,1360000.0,114.0,1227.08,1108.32,13 TO 15,94 years 03 months,Improved,1.33347403879152,103.870490405284
HDB,105B BIDADARI PK DR,5 ROOM,TOA PAYOH,105B BIDADARI PK DR,TOA PAYOH,2025-07-01,1335000.0,114.0,1227.08,1087.94,07 TO 09,94 years 02 months,Improved,1.33347403879152,103.870490405284
HDB,105B BIDADARI PK DR,5 ROOM,TOA PAYOH,105B BIDADARI PK DR,TOA PAYOH,2025-08-01,1265000.0,114.0,1227.08,1030.9,04 TO 06,94 years,Improved,1.33347403879152,103.870490405284
HDB,105B BIDADARI PK DR,5 ROOM,TOA PAYOH,105B BIDADARI PK DR,TOA PAYOH,2025-09-01,1430000.0,114.0,1227.08,1165.36,16 TO 18,94 years,Improved,1.33347403879152,103.870490405284
HDB,105B BIDADARI PK DR,5 ROOM,TOA PAYOH,105B BIDADARI PK DR,TOA PAYOH,2025-11-01,1450000.0,114.0,1227.08,1181.66,16 TO 18,93 years 10 months,Improved,1.33347403879152,103.870490405284
HDB,105B BIDADARI PK DR,5 ROOM,TOA PAYOH,105B BIDADARI PK DR,TOA PAYOH,2025-12-01,1380000.0,114.0,1227.08,1124.62,07 TO 09,93 years 09 months,Improved,1.33347403879152,103.870490405284
HDB,105B BIDADARI PK DR,5 ROOM,TOA PAYOH,105B BIDADARI PK DR,TOA PAYOH,2026-03-01,1370000.0,114.0,1227.08,1116.47,07 TO 09,93 years 06 months,Improved,1.33347403879152,103.870490405284
HDB,105B BIDADARI PK DR,5 ROOM,TOA PAYOH,105B BIDADARI PK DR,TOA PAYOH,2026-06-01,1380000.0,114.0,1227.08,1124.62,04 TO 06,93 years 03 months,Improved,1.33347403879152,103.870490405284
HDB,106A BIDADARI PK DR,5 ROOM,TOA PAYOH,106A BIDADARI PK DR,TOA PAYOH,2024-09-01,1200000.0,113.0,1216.32,986.58,07 TO 09,95 years,Improved,1.33413899991746,103.871259715052
HDB,106A BIDADARI PK DR,5 ROOM,TOA PAYOH,106A BIDADARI PK DR,TOA PAYOH,2024-11-01,1310000.0,114.0,1227.08,1067.57,07 TO 09,94 years 10 months,Improved,1.33413899991746,103.871259715052
HDB,106A BIDADARI PK DR,5 ROOM,TOA PAYOH,106A BIDADARI PK DR,TOA PAYOH,2024-12-01,1340000.0,114.0,1227.08,1092.02,10 TO 12,94 years 10 months,Improved,1.33413899991746,103.871259715052
HDB,106A BIDADARI PK DR,5 ROOM,TOA PAYOH,106A BIDADARI PK DR,TOA PAYOH,2025-03-01,1330000.0,113.0,1216.32,1093.46,13 TO 15,94 years 06 months,Improved,1.33413899991746,103.871259715052
HDB,106A BIDADARI PK DR,5 ROOM,TOA PAYOH,106A BIDADARI PK DR,TOA PAYOH,2025-04-01,1400000.0,114.0,1227.08,1140.92,16 TO 18,94 years 05 months,Improved,1.33413899991746,103.871259715052
HDB,106A BIDADARI PK DR,5 ROOM,TOA PAYOH,106A BIDADARI PK DR,TOA PAYOH,2025-05-01,1400000.0,113.0,1216.32,1151.01,16 TO 18,94 years 04 months,Improved,1.33413899991746,103.871259715052
HDB,106A BIDADARI PK DR,5 ROOM,TOA PAYOH,106A BIDADARI PK DR,TOA PAYOH,2025-06-01,1360000.0,114.0,1227.08,1108.32,10 TO 12,94 years 02 months,Improved,1.33413899991746,103.871259715052
HDB,106A BIDADARI PK DR,5 ROOM,TOA PAYOH,106A BIDADARI PK DR,TOA PAYOH,2025-08-01,1350000.0,113.0,1216.32,1109.9,07 TO 09,94 years 01 month,Improved,1.33413899991746,103.871259715052
HDB,106A BIDADARI PK DR,5 ROOM,TOA PAYOH,106A BIDADARI PK DR,TOA PAYOH,2025-08-01,1200000.0,113.0,1216.32,986.58,04 TO 06,94 years,Improved,1.33413899991746,103.871259715052
HDB,106A BIDADARI PK DR,5 ROOM,TOA PAYOH,106A BIDADARI PK DR,TOA PAYOH,2026-02-01,1380000.0,113.0,1216.32,1134.57,10 TO 12,93 years 07 months,Improved,1.33413899991746,103.871259715052
HDB,106A BIDADARI PK DR,5 ROOM,TOA PAYOH,106A BIDADARI PK DR,TOA PAYOH,2026-07-01,1350000.0,114.0,1227.08,1100.17,04 TO 06,93 years 02 months,Improved,1.33413899991746,103.871259715052
HDB,106B BIDADARI PK DR,5 ROOM,TOA PAYOH,106B BIDADARI PK DR,TOA PAYOH,2024-11-01,1188888.0,113.0,1216.32,977.45,04 TO 06,94 years 10 months,Improved,1.33364211083176,103.871164760412
HDB,106B BIDADARI PK DR,5 ROOM,TOA PAYOH,106B BIDADARI PK DR,TOA PAYOH,2025-03-01,1268000.0,113.0,1216.32,1042.49,01 TO 03,94 years 06 months,Improved,1.33364211083176,103.871164760412
HDB,106B BIDADARI PK DR,5 ROOM,TOA PAYOH,106B BIDADARI PK DR,TOA PAYOH,2026-01-01,1268000.0,113.0,1216.32,1042.49,01 TO 03,93 years 07 months,Improved,1.33364211083176,103.871164760412
HDB,106B BIDADARI PK DR,5 ROOM,TOA PAYOH,106B BIDADARI PK DR,TOA PAYOH,2026-05-01,1260000.0,113.0,1216.32,1035.91,04 TO 06,93 years 03 months,Improved,1.33364211083176,103.871164760412
HDB,117 BISHAN ST 12,5 ROOM,BISHAN,117 BISHAN ST 12,BISHAN,2017-12-01,815000.0,121.0,1302.43,625.75,04 TO 06,68 years 07 months,Improved,1.34701742106562,103.849986659939
HDB,117 BISHAN ST 12,5 ROOM,BISHAN,117 BISHAN ST 12,BISHAN,2019-05-01,833000.0,121.0,1302.43,639.57,22 TO 24,67 years 03 months,Improved,1.34701742106562,103.849986659939
HDB,117 BISHAN ST 12,5 ROOM,BISHAN,117 BISHAN ST 12,BISHAN,2019-06-01,748000.0,121.0,1302.43,574.31,10 TO 12,67 years 02 months,Improved,1.34701742106562,103.849986659939
HDB,117 BISHAN ST 12,5 ROOM,BISHAN,117 BISHAN ST 12,BISHAN,2019-12-01,700000.0,121.0,1302.43,537.46,04 TO 06,66 years 07 months,Improved,1.34701742106562,103.849986659939
HDB,117 BISHAN ST 12,5 ROOM,BISHAN,117 BISHAN ST 12,BISHAN,2021-06-01,760000.0,121.0,1302.43,583.52,13 TO 15,65 years 02 months,Improved,1.34701742106562,103.849986659939
HDB,117 BISHAN ST 12,5 ROOM,BISHAN,117 BISHAN ST 12,BISHAN,2021-06-01,800000.0,121.0,1302.43,614.24,13 TO 15,65 years 02 months,Improved,1.34701742106562,103.849986659939
HDB,117 BISHAN ST 12,5 ROOM,BISHAN,117 BISHAN ST 12,BISHAN,2021-06-01,828000.0,121.0,1302.43,635.73,16 TO 18,65 years 02 months,Improved,1.34701742106562,103.849986659939
HDB,117 BISHAN ST 12,EXECUTIVE,BISHAN,117 BISHAN ST 12,BISHAN,2021-06-01,1120000.0,150.0,1614.59,693.68,22 TO 24,65 years 02 months,Maisonette,1.34701742106562,103.849986659939
HDB,117 BISHAN ST 12,5 ROOM,BISHAN,117 BISHAN ST 12,BISHAN,2021-10-01,870000.0,121.0,1302.43,667.98,19 TO 21,64 years 10 months,Improved,1.34701742106562,103.849986659939
HDB,117 BISHAN ST 12,5 ROOM,BISHAN,117 BISHAN ST 12,BISHAN,2022-11-01,805000.0,121.0,1302.43,618.07,07 TO 09,63 years 09 months,Improved,1.34701742106562,103.849986659939
HDB,117 BISHAN ST 12,5 ROOM,BISHAN,117 BISHAN ST 12,BISHAN,2023-04-01,838000.0,121.0,1302.43,643.41,04 TO 06,63 years 03 months,Improved,1.34701742106562,103.849986659939
HDB,117 BISHAN ST 12,5 ROOM,BISHAN,117 BISHAN ST 12,BISHAN,2023-12-01,958000.0,121.0,1302.43,735.55,10 TO 12,62 years 07 months,Improved,1.34701742106562,103.849986659939
HDB,117 BISHAN ST 12,5 ROOM,BISHAN,117 BISHAN ST 12,BISHAN,2025-08-01,968000.0,121.0,1302.43,743.23,04 TO 06,61 years,Improved,1.34701742106562,103.849986659939
HDB,117 BISHAN ST 12,5 ROOM,BISHAN,117 BISHAN ST 12,BISHAN,2026-06-01,1110000.0,121.0,1302.43,852.25,19 TO 21,60 years 01 month,Improved,1.34701742106562,103.849986659939
HDB,119 BISHAN ST 12,EXECUTIVE,BISHAN,119 BISHAN ST 12,BISHAN,2018-06-01,894000.0,144.0,1550.0,576.77,04 TO 06,68 years,Apartment,1.34734957400825,103.850535153606
HDB,119 BISHAN ST 12,EXECUTIVE,BISHAN,119 BISHAN ST 12,BISHAN,2018-07-01,950000.0,151.0,1625.35,584.49,10 TO 12,67 years 10 months,Apartment,1.34734957400825,103.850535153606
HDB,119 BISHAN ST 12,EXECUTIVE,BISHAN,119 BISHAN ST 12,BISHAN,2019-02-01,780000.0,144.0,1550.0,503.23,01 TO 03,67 years 04 months,Apartment,1.34734957400825,103.850535153606
HDB,119 BISHAN ST 12,EXECUTIVE,BISHAN,119 BISHAN ST 12,BISHAN,2019-07-01,858000.0,151.0,1625.35,527.89,04 TO 06,66 years 10 months,Apartment,1.34734957400825,103.850535153606
HDB,119 BISHAN ST 12,EXECUTIVE,BISHAN,119 BISHAN ST 12,BISHAN,2019-08-01,850000.0,144.0,1550.0,548.39,13 TO 15,66 years 10 months,Apartment,1.34734957400825,103.850535153606
HDB,119 BISHAN ST 12,EXECUTIVE,BISHAN,119 BISHAN ST 12,BISHAN,2020-07-01,930000.0,143.0,1539.24,604.2,10 TO 12,65 years 11 months,Maisonette,1.34734957400825,103.850535153606
HDB,119 BISHAN ST 12,EXECUTIVE,BISHAN,119 BISHAN ST 12,BISHAN,2021-02-01,895000.0,143.0,1539.24,581.46,04 TO 06,65 years 04 months,Maisonette,1.34734957400825,103.850535153606
HDB,119 BISHAN ST 12,EXECUTIVE,BISHAN,119 BISHAN ST 12,BISHAN,2021-02-01,920000.0,151.0,1625.35,566.03,07 TO 09,65 years 03 months,Apartment,1.34734957400825,103.850535153606
HDB,119 BISHAN ST 12,EXECUTIVE,BISHAN,119 BISHAN ST 12,BISHAN,2021-07-01,950000.0,144.0,1550.0,612.9,10 TO 12,64 years 11 months,Apartment,1.34734957400825,103.850535153606
HDB,119 BISHAN ST 12,EXECUTIVE,BISHAN,119 BISHAN ST 12,BISHAN,2022-07-01,1030000.0,143.0,1539.24,669.16,04 TO 06,63 years 11 months,Maisonette,1.34734957400825,103.850535153606
HDB,119 BISHAN ST 12,EXECUTIVE,BISHAN,119 BISHAN ST 12,BISHAN,2023-07-01,1088000.0,144.0,1550.0,701.93,07 TO 09,62 years 11 months,Apartment,1.34734957400825,103.850535153606
HDB,119 BISHAN ST 12,EXECUTIVE,BISHAN,119 BISHAN ST 12,BISHAN,2023-08-01,1150000.0,143.0,1539.24,747.12,10 TO 12,62 years 09 months,Maisonette,1.34734957400825,103.850535153606
HDB,119 BISHAN ST 12,EXECUTIVE,BISHAN,119 BISHAN ST 12,BISHAN,2023-10-01,1120000.0,144.0,1550.0,722.58,10 TO 12,62 years 07 months,Apartment,1.34734957400825,103.850535153606
HDB,119 BISHAN ST 12,EXECUTIVE,BISHAN,119 BISHAN ST 12,BISHAN,2026-07-01,1410000.0,151.0,1625.35,867.51,13 TO 15,59 years 10 months,Apartment,1.34734957400825,103.850535153606
HDB,121 LOR 2 TOA PAYOH,5 ROOM,TOA PAYOH,121 LOR 2 TOA PAYOH,TOA PAYOH,2018-04-01,808000.0,122.0,1313.2,615.29,01 TO 03,82 years 09 months,Improved,1.3391626233715,103.846243540344
HDB,121 LOR 2 TOA PAYOH,5 ROOM,TOA PAYOH,121 LOR 2 TOA PAYOH,TOA PAYOH,2018-07-01,850000.0,122.0,1313.2,647.28,07 TO 09,82 years 07 months,Improved,1.3391626233715,103.846243540344
HDB,121 LOR 2 TOA PAYOH,5 ROOM,TOA PAYOH,121 LOR 2 TOA PAYOH,TOA PAYOH,2018-08-01,900000.0,122.0,1313.2,685.35,13 TO 15,82 years 06 months,Improved,1.3391626233715,103.846243540344
HDB,121 LOR 2 TOA PAYOH,5 ROOM,TOA PAYOH,121 LOR 2 TOA PAYOH,TOA PAYOH,2019-09-01,875000.0,124.0,1334.72,655.57,28 TO 30,81 years 04 months,Improved,1.3391626233715,103.846243540344
HDB,121 LOR 2 TOA PAYOH,5 ROOM,TOA PAYOH,121 LOR 2 TOA PAYOH,TOA PAYOH,2020-01-01,880000.0,126.0,1356.25,648.85,25 TO 27,81 years,Improved,1.3391626233715,103.846243540344
HDB,121 LOR 2 TOA PAYOH,5 ROOM,TOA PAYOH,121 LOR 2 TOA PAYOH,TOA PAYOH,2020-02-01,765000.0,122.0,1313.2,582.55,04 TO 06,80 years 11 months,Improved,1.3391626233715,103.846243540344
HDB,121 LOR 2 TOA PAYOH,5 ROOM,TOA PAYOH,121 LOR 2 TOA PAYOH,TOA PAYOH,2020-08-01,969000.0,126.0,1356.25,714.47,28 TO 30,80 years 05 months,Improved,1.3391626233715,103.846243540344
HDB,121 LOR 2 TOA PAYOH,5 ROOM,TOA PAYOH,121 LOR 2 TOA PAYOH,TOA PAYOH,2020-11-01,970000.0,124.0,1334.72,726.74,28 TO 30,80 years 03 months,Improved,1.3391626233715,103.846243540344
HDB,121 LOR 2 TOA PAYOH,5 ROOM,TOA PAYOH,121 LOR 2 TOA PAYOH,TOA PAYOH,2021-03-01,990000.0,126.0,1356.25,729.95,28 TO 30,79 years 10 months,Improved,1.3391626233715,103.846243540344
HDB,121 LOR 2 TOA PAYOH,5 ROOM,TOA PAYOH,121 LOR 2 TOA PAYOH,TOA PAYOH,2022-02-01,955000.0,124.0,1334.72,715.5,07 TO 09,79 years,Improved,1.3391626233715,103.846243540344
HDB,121 LOR 2 TOA PAYOH,5 ROOM,TOA PAYOH,121 LOR 2 TOA PAYOH,TOA PAYOH,2022-11-01,995000.0,122.0,1313.2,757.69,13 TO 15,78 years 03 months,Improved,1.3391626233715,103.846243540344
HDB,121 LOR 2 TOA PAYOH,5 ROOM,TOA PAYOH,121 LOR 2 TOA PAYOH,TOA PAYOH,2023-01-01,999000.0,124.0,1334.72,748.47,19 TO 21,78 years,Improved,1.3391626233715,103.846243540344
HDB,121 LOR 2 TOA PAYOH,5 ROOM,TOA PAYOH,121 LOR 2 TOA PAYOH,TOA PAYOH,2023-03-01,1030000.0,124.0,1334.72,771.7,19 TO 21,77 years 11 months,Improved,1.3391626233715,103.846243540344
HDB,121 LOR 2 TOA PAYOH,5 ROOM,TOA PAYOH,121 LOR 2 TOA PAYOH,TOA PAYOH,2025-09-01,1160000.0,122.0,1313.2,883.34,07 TO 09,75 years 05 months,Improved,1.3391626233715,103.846243540344
HDB,121 LOR 2 TOA PAYOH,5 ROOM,TOA PAYOH,121 LOR 2 TOA PAYOH,TOA PAYOH,2025-09-01,1250000.0,126.0,1356.25,921.66,22 TO 24,75 years 04 months,Improved,1.3391626233715,103.846243540344
HDB,121 LOR 2 TOA PAYOH,5 ROOM,TOA PAYOH,121 LOR 2 TOA PAYOH,TOA PAYOH,2025-12-01,1146000.0,122.0,1313.2,872.68,10 TO 12,75 years 02 months,Improved,1.3391626233715,103.846243540344
HDB,123 POTONG PASIR AVE 1,EXECUTIVE,TOA PAYOH,123 POTONG PASIR AVE 1,TOA PAYOH,2018-01-01,948000.0,161.0,1732.99,547.03,01 TO 03,65 years 02 months,Maisonette,1.33521063790069,103.865776268967
HDB,124 BISHAN ST 12,5 ROOM,BISHAN,124 BISHAN ST 12,BISHAN,2017-05-01,700000.0,121.0,1302.43,537.46,10 TO 12,69 years 02 months,Improved,1.34647605091488,103.85127373178
HDB,124 BISHAN ST 12,5 ROOM,BISHAN,124 BISHAN ST 12,BISHAN,2017-06-01,720000.0,121.0,1302.43,552.81,10 TO 12,69 years,Improved,1.34647605091488,103.85127373178
HDB,124 BISHAN ST 12,5 ROOM,BISHAN,124 BISHAN ST 12,BISHAN,2019-07-01,725000.0,121.0,1302.43,556.65,07 TO 09,66 years 11 months,Improved,1.34647605091488,103.85127373178
HDB,124 BISHAN ST 12,5 ROOM,BISHAN,124 BISHAN ST 12,BISHAN,2019-09-01,650000.0,121.0,1302.43,499.07,04 TO 06,66 years 09 months,Improved,1.34647605091488,103.85127373178
HDB,124 BISHAN ST 12,5 ROOM,BISHAN,124 BISHAN ST 12,BISHAN,2020-01-01,650000.0,121.0,1302.43,499.07,01 TO 03,66 years 05 months,Improved,1.34647605091488,103.85127373178
HDB,124 BISHAN ST 12,5 ROOM,BISHAN,124 BISHAN ST 12,BISHAN,2020-03-01,680000.0,121.0,1302.43,522.1,01 TO 03,66 years 03 months,Improved,1.34647605091488,103.85127373178
HDB,124 BISHAN ST 12,5 ROOM,BISHAN,124 BISHAN ST 12,BISHAN,2020-09-01,650000.0,121.0,1302.43,499.07,04 TO 06,65 years 09 months,Improved,1.34647605091488,103.85127373178
HDB,124 BISHAN ST 12,5 ROOM,BISHAN,124 BISHAN ST 12,BISHAN,2020-11-01,662888.0,121.0,1302.43,508.96,04 TO 06,65 years 08 months,Improved,1.34647605091488,103.85127373178
HDB,124 BISHAN ST 12,5 ROOM,BISHAN,124 BISHAN ST 12,BISHAN,2021-06-01,755000.0,121.0,1302.43,579.68,07 TO 09,65 years 01 month,Improved,1.34647605091488,103.85127373178
HDB,124 BISHAN ST 12,5 ROOM,BISHAN,124 BISHAN ST 12,BISHAN,2021-10-01,830000.0,121.0,1302.43,637.27,10 TO 12,64 years 08 months,Improved,1.34647605091488,103.85127373178
HDB,124 BISHAN ST 12,5 ROOM,BISHAN,124 BISHAN ST 12,BISHAN,2023-08-01,998000.0,121.0,1302.43,766.26,10 TO 12,62 years 10 months,Improved,1.34647605091488,103.85127373178
HDB,124 BISHAN ST 12,5 ROOM,BISHAN,124 BISHAN ST 12,BISHAN,2024-04-01,938000.0,121.0,1302.43,720.19,07 TO 09,62 years 03 months,Improved,1.34647605091488,103.85127373178
HDB,124 BISHAN ST 12,5 ROOM,BISHAN,124 BISHAN ST 12,BISHAN,2026-04-01,905000.0,121.0,1302.43,694.85,01 TO 03,60 years 03 months,Improved,1.34647605091488,103.85127373178
HDB,124 POTONG PASIR AVE 1,EXECUTIVE,TOA PAYOH,124 POTONG PASIR AVE 1,TOA PAYOH,2020-09-01,822000.0,151.0,1625.35,505.74,01 TO 03,62 years 06 months,Maisonette,1.3353470224763,103.865451584255
HDB,124 POTONG PASIR AVE 1,EXECUTIVE,TOA PAYOH,124 POTONG PASIR AVE 1,TOA PAYOH,2021-01-01,900000.0,161.0,1732.99,519.33,01 TO 03,62 years 03 months,Maisonette,1.3353470224763,103.865451584255
HDB,124 POTONG PASIR AVE 1,EXECUTIVE,TOA PAYOH,124 POTONG PASIR AVE 1,TOA PAYOH,2021-11-01,1008000.0,166.0,1786.81,564.13,01 TO 03,61 years 05 months,Maisonette,1.3353470224763,103.865451584255
HDB,124 POTONG PASIR AVE 1,EXECUTIVE,TOA PAYOH,124 POTONG PASIR AVE 1,TOA PAYOH,2022-09-01,1088888.0,161.0,1732.99,628.33,01 TO 03,60 years 07 months,Maisonette,1.3353470224763,103.865451584255
HDB,124 POTONG PASIR AVE 1,EXECUTIVE,TOA PAYOH,124 POTONG PASIR AVE 1,TOA PAYOH,2023-07-01,1035000.0,151.0,1625.35,636.79,01 TO 03,59 years 09 months,Maisonette,1.3353470224763,103.865451584255
HDB,124 POTONG PASIR AVE 1,EXECUTIVE,TOA PAYOH,124 POTONG PASIR AVE 1,TOA PAYOH,2025-02-01,1260000.0,161.0,1732.99,727.07,01 TO 03,58 years 03 months,Maisonette,1.3353470224763,103.865451584255
HDB,125 BISHAN ST 12,5 ROOM,BISHAN,125 BISHAN ST 12,BISHAN,2019-12-01,665000.0,121.0,1302.43,510.58,07 TO 09,66 years 06 months,Improved,1.34711902955637,103.851553257146
HDB,125 BISHAN ST 12,5 ROOM,BISHAN,125 BISHAN ST 12,BISHAN,2020-07-01,688000.0,121.0,1302.43,528.24,07 TO 09,66 years,Improved,1.34711902955637,103.851553257146
HDB,125 BISHAN ST 12,5 ROOM,BISHAN,125 BISHAN ST 12,BISHAN,2020-12-01,670000.0,121.0,1302.43,514.42,04 TO 06,65 years 07 months,Improved,1.34711902955637,103.851553257146
HDB,125 BISHAN ST 12,5 ROOM,BISHAN,125 BISHAN ST 12,BISHAN,2021-12-01,680000.0,121.0,1302.43,522.1,01 TO 03,64 years 06 months,Improved,1.34711902955637,103.851553257146
HDB,125 BISHAN ST 12,5 ROOM,BISHAN,125 BISHAN ST 12,BISHAN,2022-04-01,818000.0,121.0,1302.43,628.06,04 TO 06,64 years 02 months,Improved,1.34711902955637,103.851553257146
HDB,125 BISHAN ST 12,5 ROOM,BISHAN,125 BISHAN ST 12,BISHAN,2022-05-01,788000.0,121.0,1302.43,605.02,01 TO 03,64 years 02 months,Improved,1.34711902955637,103.851553257146
HDB,125 BISHAN ST 12,5 ROOM,BISHAN,125 BISHAN ST 12,BISHAN,2022-08-01,838000.0,121.0,1302.43,643.41,07 TO 09,63 years 11 months,Improved,1.34711902955637,103.851553257146
HDB,125 BISHAN ST 12,5 ROOM,BISHAN,125 BISHAN ST 12,BISHAN,2023-10-01,890000.0,121.0,1302.43,683.34,07 TO 09,62 years 08 months,Improved,1.34711902955637,103.851553257146
HDB,125 BISHAN ST 12,5 ROOM,BISHAN,125 BISHAN ST 12,BISHAN,2025-10-01,990000.0,121.0,1302.43,760.12,10 TO 12,60 years 08 months,Improved,1.34711902955637,103.851553257146
HDB,125 POTONG PASIR AVE 1,EXECUTIVE,TOA PAYOH,125 POTONG PASIR AVE 1,TOA PAYOH,2022-01-01,985000.0,161.0,1732.99,568.38,01 TO 03,61 years 03 months,Maisonette,1.33541493957748,103.865168758339
HDB,125 POTONG PASIR AVE 1,EXECUTIVE,TOA PAYOH,125 POTONG PASIR AVE 1,TOA PAYOH,2023-03-01,1010000.0,151.0,1625.35,621.41,01 TO 03,60 years 01 month,Maisonette,1.33541493957748,103.865168758339
HDB,126 BISHAN ST 12,5 ROOM,BISHAN,126 BISHAN ST 12,BISHAN,2017-05-01,750000.0,121.0,1302.43,575.85,07 TO 09,69 years 02 months,Improved,1.34627451305877,103.852083743726
HDB,126 BISHAN ST 12,5 ROOM,BISHAN,126 BISHAN ST 12,BISHAN,2019-04-01,777000.0,121.0,1302.43,596.58,07 TO 09,67 years 03 months,Improved,1.34627451305877,103.852083743726
HDB,126 BISHAN ST 12,5 ROOM,BISHAN,126 BISHAN ST 12,BISHAN,2020-09-01,670000.0,121.0,1302.43,514.42,07 TO 09,65 years 10 months,Improved,1.34627451305877,103.852083743726
HDB,126 BISHAN ST 12,5 ROOM,BISHAN,126 BISHAN ST 12,BISHAN,2021-11-01,755000.0,121.0,1302.43,579.68,04 TO 06,64 years 09 months,Improved,1.34627451305877,103.852083743726
HDB,126 BISHAN ST 12,5 ROOM,BISHAN,126 BISHAN ST 12,BISHAN,2022-08-01,746000.0,121.0,1302.43,572.77,01 TO 03,64 years,Improved,1.34627451305877,103.852083743726
HDB,126 BISHAN ST 12,5 ROOM,BISHAN,126 BISHAN ST 12,BISHAN,2023-03-01,776000.0,121.0,1302.43,595.81,01 TO 03,63 years 04 months,Improved,1.34627451305877,103.852083743726
HDB,126 BISHAN ST 12,5 ROOM,BISHAN,126 BISHAN ST 12,BISHAN,2025-03-01,935000.0,121.0,1302.43,717.89,07 TO 09,61 years 06 months,Improved,1.34627451305877,103.852083743726
HDB,126 POTONG PASIR AVE 1,EXECUTIVE,TOA PAYOH,126 POTONG PASIR AVE 1,TOA PAYOH,2019-12-01,935000.0,161.0,1732.99,539.53,01 TO 03,63 years 03 months,Maisonette,1.33497246267555,103.865234309552
HDB,126 POTONG PASIR AVE 1,EXECUTIVE,TOA PAYOH,126 POTONG PASIR AVE 1,TOA PAYOH,2021-04-01,910000.0,151.0,1625.35,559.88,01 TO 03,62 years,Maisonette,1.33497246267555,103.865234309552
HDB,126 POTONG PASIR AVE 1,EXECUTIVE,TOA PAYOH,126 POTONG PASIR AVE 1,TOA PAYOH,2022-01-01,950000.0,151.0,1625.35,584.49,01 TO 03,61 years 03 months,Maisonette,1.33497246267555,103.865234309552
HDB,126 POTONG PASIR AVE 1,EXECUTIVE,TOA PAYOH,126 POTONG PASIR AVE 1,TOA PAYOH,2022-05-01,1000000.0,161.0,1732.99,577.04,01 TO 03,60 years 11 months,Maisonette,1.33497246267555,103.865234309552
HDB,127 BISHAN ST 12,5 ROOM,BISHAN,127 BISHAN ST 12,BISHAN,2018-09-01,735000.0,133.0,1431.6,513.41,04 TO 06,67 years 03 months,Improved,1.34607589409488,103.851694780512
HDB,127 BISHAN ST 12,5 ROOM,BISHAN,127 BISHAN ST 12,BISHAN,2020-02-01,683000.0,121.0,1302.43,524.4,10 TO 12,65 years 10 months,Improved,1.34607589409488,103.851694780512
HDB,127 BISHAN ST 12,5 ROOM,BISHAN,127 BISHAN ST 12,BISHAN,2020-09-01,630000.0,121.0,1302.43,483.71,01 TO 03,65 years 03 months,Improved,1.34607589409488,103.851694780512
HDB,127 BISHAN ST 12,5 ROOM,BISHAN,127 BISHAN ST 12,BISHAN,2021-06-01,775000.0,132.0,1420.83,545.45,07 TO 09,64 years 07 months,Improved,1.34607589409488,103.851694780512
HDB,127 BISHAN ST 12,5 ROOM,BISHAN,127 BISHAN ST 12,BISHAN,2023-09-01,900000.0,132.0,1420.83,633.43,10 TO 12,62 years 04 months,Improved,1.34607589409488,103.851694780512
HDB,127 BISHAN ST 12,5 ROOM,BISHAN,127 BISHAN ST 12,BISHAN,2025-08-01,960000.0,132.0,1420.83,675.66,07 TO 09,60 years 04 months,Improved,1.34607589409488,103.851694780512
HDB,127 POTONG PASIR AVE 1,EXECUTIVE,TOA PAYOH,127 POTONG PASIR AVE 1,TOA PAYOH,2017-07-01,935000.0,166.0,1786.81,523.28,01 TO 03,65 years 08 months,Maisonette,1.33503445523376,103.865505631737
HDB,127 POTONG PASIR AVE 1,EXECUTIVE,TOA PAYOH,127 POTONG PASIR AVE 1,TOA PAYOH,2018-09-01,865000.0,161.0,1732.99,499.14,01 TO 03,64 years 07 months,Maisonette,1.33503445523376,103.865505631737
HDB,127 POTONG PASIR AVE 1,EXECUTIVE,TOA PAYOH,127 POTONG PASIR AVE 1,TOA PAYOH,2022-02-01,940000.0,161.0,1732.99,542.42,01 TO 03,61 years 01 month,Maisonette,1.33503445523376,103.865505631737
HDB,128 BISHAN ST 12,5 ROOM,BISHAN,128 BISHAN ST 12,BISHAN,2017-01-01,730000.0,121.0,1302.43,560.49,07 TO 09,69 years 01 month,Improved,1.34608831988483,103.850466820468
HDB,128 BISHAN ST 12,5 ROOM,BISHAN,128 BISHAN ST 12,BISHAN,2017-06-01,810000.0,121.0,1302.43,621.91,10 TO 12,68 years 08 months,Improved,1.34608831988483,103.850466820468
HDB,128 BISHAN ST 12,5 ROOM,BISHAN,128 BISHAN ST 12,BISHAN,2017-10-01,740000.0,121.0,1302.43,568.17,13 TO 15,68 years 04 months,Improved,1.34608831988483,103.850466820468
HDB,128 BISHAN ST 12,5 ROOM,BISHAN,128 BISHAN ST 12,BISHAN,2018-04-01,868000.0,121.0,1302.43,666.45,19 TO 21,67 years 10 months,Improved,1.34608831988483,103.850466820468
HDB,128 BISHAN ST 12,5 ROOM,BISHAN,128 BISHAN ST 12,BISHAN,2019-07-01,750000.0,121.0,1302.43,575.85,16 TO 18,66 years 08 months,Improved,1.34608831988483,103.850466820468
HDB,128 BISHAN ST 12,5 ROOM,BISHAN,128 BISHAN ST 12,BISHAN,2019-10-01,765000.0,121.0,1302.43,587.36,19 TO 21,66 years 04 months,Improved,1.34608831988483,103.850466820468
HDB,128 BISHAN ST 12,5 ROOM,BISHAN,128 BISHAN ST 12,BISHAN,2019-12-01,765000.0,121.0,1302.43,587.36,19 TO 21,66 years 03 months,Improved,1.34608831988483,103.850466820468
HDB,128 BISHAN ST 12,EXECUTIVE,BISHAN,128 BISHAN ST 12,BISHAN,2020-07-01,1080000.0,150.0,1614.59,668.9,22 TO 24,65 years 07 months,Maisonette,1.34608831988483,103.850466820468
HDB,128 BISHAN ST 12,5 ROOM,BISHAN,128 BISHAN ST 12,BISHAN,2020-10-01,760000.0,121.0,1302.43,583.52,13 TO 15,65 years 05 months,Improved,1.34608831988483,103.850466820468
HDB,128 BISHAN ST 12,5 ROOM,BISHAN,128 BISHAN ST 12,BISHAN,2020-11-01,735000.0,121.0,1302.43,564.33,07 TO 09,65 years 04 months,Improved,1.34608831988483,103.850466820468
HDB,128 BISHAN ST 12,5 ROOM,BISHAN,128 BISHAN ST 12,BISHAN,2021-04-01,680888.0,121.0,1302.43,522.78,04 TO 06,64 years 11 months,Improved,1.34608831988483,103.850466820468
HDB,128 BISHAN ST 12,5 ROOM,BISHAN,128 BISHAN ST 12,BISHAN,2021-05-01,808000.0,121.0,1302.43,620.38,13 TO 15,64 years 09 months,Improved,1.34608831988483,103.850466820468
HDB,128 BISHAN ST 12,5 ROOM,BISHAN,128 BISHAN ST 12,BISHAN,2021-06-01,840000.0,121.0,1302.43,644.95,16 TO 18,64 years 09 months,Improved,1.34608831988483,103.850466820468
HDB,128 BISHAN ST 12,5 ROOM,BISHAN,128 BISHAN ST 12,BISHAN,2021-07-01,750000.0,121.0,1302.43,575.85,19 TO 21,64 years 08 months,Improved,1.34608831988483,103.850466820468
HDB,128 BISHAN ST 12,5 ROOM,BISHAN,128 BISHAN ST 12,BISHAN,2022-03-01,720000.0,121.0,1302.43,552.81,07 TO 09,63 years 11 months,Improved,1.34608831988483,103.850466820468
HDB,128 BISHAN ST 12,5 ROOM,BISHAN,128 BISHAN ST 12,BISHAN,2022-07-01,870000.0,121.0,1302.43,667.98,19 TO 21,63 years 08 months,Improved,1.34608831988483,103.850466820468
HDB,128 BISHAN ST 12,EXECUTIVE,BISHAN,128 BISHAN ST 12,BISHAN,2024-01-01,1290000.0,150.0,1614.59,798.97,22 TO 24,62 years 03 months,Maisonette,1.34608831988483,103.850466820468
HDB,128 BISHAN ST 12,5 ROOM,BISHAN,128 BISHAN ST 12,BISHAN,2025-07-01,940000.0,121.0,1302.43,721.73,04 TO 06,60 years 08 months,Improved,1.34608831988483,103.850466820468
HDB,128 BISHAN ST 12,5 ROOM,BISHAN,128 BISHAN ST 12,BISHAN,2025-07-01,1050000.0,121.0,1302.43,806.18,13 TO 15,60 years 08 months,Improved,1.34608831988483,103.850466820468
HDB,128 BISHAN ST 12,5 ROOM,BISHAN,128 BISHAN ST 12,BISHAN,2025-09-01,990000.0,121.0,1302.43,760.12,13 TO 15,60 years 05 months,Improved,1.34608831988483,103.850466820468
HDB,128 POTONG PASIR AVE 1,EXECUTIVE,TOA PAYOH,128 POTONG PASIR AVE 1,TOA PAYOH,2019-12-01,863000.0,161.0,1732.99,497.98,01 TO 03,63 years 03 months,Maisonette,1.33480397745816,103.86578784298
HDB,128 POTONG PASIR AVE 1,EXECUTIVE,TOA PAYOH,128 POTONG PASIR AVE 1,TOA PAYOH,2023-08-01,1120000.0,166.0,1786.81,626.82,01 TO 03,59 years 08 months,Maisonette,1.33480397745816,103.86578784298
HDB,128 POTONG PASIR AVE 1,EXECUTIVE,TOA PAYOH,128 POTONG PASIR AVE 1,TOA PAYOH,2025-09-01,1260000.0,161.0,1732.99,727.07,01 TO 03,57 years 06 months,Maisonette,1.33480397745816,103.86578784298
HDB,129 POTONG PASIR AVE 1,EXECUTIVE,TOA PAYOH,129 POTONG PASIR AVE 1,TOA PAYOH,2017-01-01,905000.0,161.0,1732.99,522.22,01 TO 03,66 years 02 months,Maisonette,1.33476150529936,103.865542602944
HDB,129 POTONG PASIR AVE 1,EXECUTIVE,TOA PAYOH,129 POTONG PASIR AVE 1,TOA PAYOH,2023-02-01,1090000.0,161.0,1732.99,628.97,01 TO 03,60 years 01 month,Maisonette,1.33476150529936,103.865542602944
HDB,129 POTONG PASIR AVE 1,EXECUTIVE,TOA PAYOH,129 POTONG PASIR AVE 1,TOA PAYOH,2024-02-01,1160000.0,161.0,1732.99,669.36,01 TO 03,59 years 02 months,Maisonette,1.33476150529936,103.865542602944
HDB,131 POTONG PASIR AVE 1,EXECUTIVE,TOA PAYOH,131 POTONG PASIR AVE 1,TOA PAYOH,2019-08-01,850000.0,166.0,1786.81,475.71,01 TO 03,63 years 07 months,Maisonette,1.33438327081307,103.865312115136
HDB,131 POTONG PASIR AVE 1,EXECUTIVE,TOA PAYOH,131 POTONG PASIR AVE 1,TOA PAYOH,2020-08-01,850000.0,161.0,1732.99,490.48,01 TO 03,62 years 07 months,Maisonette,1.33438327081307,103.865312115136
HDB,131 POTONG PASIR AVE 1,EXECUTIVE,TOA PAYOH,131 POTONG PASIR AVE 1,TOA PAYOH,2021-11-01,870000.0,151.0,1625.35,535.27,01 TO 03,61 years 05 months,Maisonette,1.33438327081307,103.865312115136
HDB,131 POTONG PASIR AVE 1,EXECUTIVE,TOA PAYOH,131 POTONG PASIR AVE 1,TOA PAYOH,2022-10-01,1050000.0,151.0,1625.35,646.02,01 TO 03,60 years 06 months,Maisonette,1.33438327081307,103.865312115136
HDB,131 POTONG PASIR AVE 1,EXECUTIVE,TOA PAYOH,131 POTONG PASIR AVE 1,TOA PAYOH,2023-08-01,1090000.0,151.0,1625.35,670.63,01 TO 03,59 years 07 months,Maisonette,1.33438327081307,103.865312115136
HDB,131 POTONG PASIR AVE 1,EXECUTIVE,TOA PAYOH,131 POTONG PASIR AVE 1,TOA PAYOH,2025-07-01,1260000.0,161.0,1732.99,727.07,01 TO 03,57 years 08 months,Maisonette,1.33438327081307,103.865312115136
HDB,132 POTONG PASIR AVE 1,EXECUTIVE,TOA PAYOH,132 POTONG PASIR AVE 1,TOA PAYOH,2017-02-01,925000.0,161.0,1732.99,533.76,01 TO 03,66 years 01 month,Maisonette,1.33417548310927,103.865610687284
HDB,132 POTONG PASIR AVE 1,EXECUTIVE,TOA PAYOH,132 POTONG PASIR AVE 1,TOA PAYOH,2022-02-01,950000.0,151.0,1625.35,584.49,01 TO 03,61 years 03 months,Maisonette,1.33417548310927,103.865610687284
HDB,133 POTONG PASIR AVE 1,EXECUTIVE,TOA PAYOH,133 POTONG PASIR AVE 1,TOA PAYOH,2018-01-01,960000.0,161.0,1732.99,553.96,01 TO 03,65 years 02 months,Maisonette,1.33431718995826,103.865879504187
HDB,133 POTONG PASIR AVE 1,EXECUTIVE,TOA PAYOH,133 POTONG PASIR AVE 1,TOA PAYOH,2022-03-01,900000.0,149.0,1603.82,561.16,01 TO 03,61 years 01 month,Maisonette,1.33431718995826,103.865879504187
HDB,133 POTONG PASIR AVE 1,EXECUTIVE,TOA PAYOH,133 POTONG PASIR AVE 1,TOA PAYOH,2024-08-01,1240000.0,161.0,1732.99,715.53,01 TO 03,58 years 07 months,Maisonette,1.33431718995826,103.865879504187
HDB,134 BISHAN ST 12,EXECUTIVE,BISHAN,134 BISHAN ST 12,BISHAN,2017-01-01,895000.0,143.0,1539.24,581.46,04 TO 06,68 years 10 months,Maisonette,1.34541104764477,103.852079804354
HDB,134 BISHAN ST 12,EXECUTIVE,BISHAN,134 BISHAN ST 12,BISHAN,2017-03-01,940000.0,151.0,1625.35,578.34,13 TO 15,68 years 08 months,Apartment,1.34541104764477,103.852079804354
HDB,134 BISHAN ST 12,EXECUTIVE,BISHAN,134 BISHAN ST 12,BISHAN,2017-06-01,895000.0,143.0,1539.24,581.46,04 TO 06,68 years 05 months,Maisonette,1.34541104764477,103.852079804354
HDB,134 BISHAN ST 12,EXECUTIVE,BISHAN,134 BISHAN ST 12,BISHAN,2019-06-01,830000.0,151.0,1625.35,510.66,04 TO 06,66 years 05 months,Apartment,1.34541104764477,103.852079804354
HDB,134 BISHAN ST 12,EXECUTIVE,BISHAN,134 BISHAN ST 12,BISHAN,2019-09-01,840000.0,143.0,1539.24,545.72,07 TO 09,66 years 02 months,Maisonette,1.34541104764477,103.852079804354
HDB,134 BISHAN ST 12,EXECUTIVE,BISHAN,134 BISHAN ST 12,BISHAN,2020-01-01,780000.0,151.0,1625.35,479.9,01 TO 03,65 years 10 months,Apartment,1.34541104764477,103.852079804354
HDB,134 BISHAN ST 12,EXECUTIVE,BISHAN,134 BISHAN ST 12,BISHAN,2020-11-01,780000.0,143.0,1539.24,506.74,01 TO 03,65 years 01 month,Maisonette,1.34541104764477,103.852079804354
HDB,134 BISHAN ST 12,EXECUTIVE,BISHAN,134 BISHAN ST 12,BISHAN,2020-12-01,908000.0,151.0,1625.35,558.65,10 TO 12,65 years,Apartment,1.34541104764477,103.852079804354
HDB,134 BISHAN ST 12,EXECUTIVE,BISHAN,134 BISHAN ST 12,BISHAN,2021-01-01,770000.0,144.0,1550.0,496.77,01 TO 03,64 years 11 months,Apartment,1.34541104764477,103.852079804354
HDB,134 BISHAN ST 12,EXECUTIVE,BISHAN,134 BISHAN ST 12,BISHAN,2021-01-01,1028000.0,144.0,1550.0,663.23,01 TO 03,64 years 11 months,Apartment,1.34541104764477,103.852079804354
HDB,134 BISHAN ST 12,EXECUTIVE,BISHAN,134 BISHAN ST 12,BISHAN,2021-03-01,850000.0,144.0,1550.0,548.39,07 TO 09,64 years 09 months,Apartment,1.34541104764477,103.852079804354
HDB,134 BISHAN ST 12,EXECUTIVE,BISHAN,134 BISHAN ST 12,BISHAN,2022-09-01,1030000.0,143.0,1539.24,669.16,04 TO 06,63 years 03 months,Maisonette,1.34541104764477,103.852079804354
HDB,134 BISHAN ST 12,EXECUTIVE,BISHAN,134 BISHAN ST 12,BISHAN,2023-12-01,1188888.0,144.0,1550.0,767.02,04 TO 06,62 years,Apartment,1.34541104764477,103.852079804354
HDB,135 BISHAN ST 12,5 ROOM,BISHAN,135 BISHAN ST 12,BISHAN,2017-03-01,532000.0,121.0,1302.43,408.47,01 TO 03,69 years 03 months,Improved,1.34456216829423,103.851287598109
HDB,135 BISHAN ST 12,EXECUTIVE,BISHAN,135 BISHAN ST 12,BISHAN,2017-05-01,980000.0,150.0,1614.59,606.97,22 TO 24,69 years 01 month,Maisonette,1.34456216829423,103.851287598109
HDB,135 BISHAN ST 12,5 ROOM,BISHAN,135 BISHAN ST 12,BISHAN,2017-08-01,815000.0,121.0,1302.43,625.75,10 TO 12,68 years 10 months,Improved,1.34456216829423,103.851287598109
HDB,135 BISHAN ST 12,5 ROOM,BISHAN,135 BISHAN ST 12,BISHAN,2017-10-01,820000.0,121.0,1302.43,629.59,16 TO 18,68 years 08 months,Improved,1.34456216829423,103.851287598109
HDB,135 BISHAN ST 12,5 ROOM,BISHAN,135 BISHAN ST 12,BISHAN,2018-03-01,820888.0,121.0,1302.43,630.27,19 TO 21,68 years 03 months,Improved,1.34456216829423,103.851287598109
HDB,135 BISHAN ST 12,5 ROOM,BISHAN,135 BISHAN ST 12,BISHAN,2018-11-01,785000.0,121.0,1302.43,602.72,16 TO 18,67 years 07 months,Improved,1.34456216829423,103.851287598109
HDB,135 BISHAN ST 12,EXECUTIVE,BISHAN,135 BISHAN ST 12,BISHAN,2018-11-01,1010000.0,150.0,1614.59,625.55,22 TO 24,67 years 07 months,Maisonette,1.34456216829423,103.851287598109
HDB,135 BISHAN ST 12,5 ROOM,BISHAN,135 BISHAN ST 12,BISHAN,2019-05-01,675000.0,121.0,1302.43,518.26,04 TO 06,67 years 02 months,Improved,1.34456216829423,103.851287598109
HDB,135 BISHAN ST 12,5 ROOM,BISHAN,135 BISHAN ST 12,BISHAN,2019-05-01,678000.0,121.0,1302.43,520.56,16 TO 18,67 years 01 month,Improved,1.34456216829423,103.851287598109
HDB,135 BISHAN ST 12,5 ROOM,BISHAN,135 BISHAN ST 12,BISHAN,2019-06-01,638000.0,121.0,1302.43,489.85,07 TO 09,67 years 04 months,Improved,1.34456216829423,103.851287598109
HDB,135 BISHAN ST 12,5 ROOM,BISHAN,135 BISHAN ST 12,BISHAN,2020-11-01,633000.0,121.0,1302.43,486.01,01 TO 03,65 years 08 months,Improved,1.34456216829423,103.851287598109
HDB,135 BISHAN ST 12,5 ROOM,BISHAN,135 BISHAN ST 12,BISHAN,2020-12-01,723000.0,121.0,1302.43,555.12,10 TO 12,65 years 07 months,Improved,1.34456216829423,103.851287598109
HDB,135 BISHAN ST 12,5 ROOM,BISHAN,135 BISHAN ST 12,BISHAN,2021-01-01,640000.0,121.0,1302.43,491.39,01 TO 03,65 years 06 months,Improved,1.34456216829423,103.851287598109
HDB,135 BISHAN ST 12,5 ROOM,BISHAN,135 BISHAN ST 12,BISHAN,2021-03-01,788000.0,121.0,1302.43,605.02,19 TO 21,65 years 03 months,Improved,1.34456216829423,103.851287598109
HDB,135 BISHAN ST 12,5 ROOM,BISHAN,135 BISHAN ST 12,BISHAN,2021-04-01,680000.0,121.0,1302.43,522.1,10 TO 12,65 years 03 months,Improved,1.34456216829423,103.851287598109
HDB,135 BISHAN ST 12,5 ROOM,BISHAN,135 BISHAN ST 12,BISHAN,2021-07-01,750000.0,121.0,1302.43,575.85,04 TO 06,65 years,Improved,1.34456216829423,103.851287598109
HDB,135 BISHAN ST 12,5 ROOM,BISHAN,135 BISHAN ST 12,BISHAN,2021-09-01,680888.0,121.0,1302.43,522.78,01 TO 03,64 years 10 months,Improved,1.34456216829423,103.851287598109
HDB,135 BISHAN ST 12,5 ROOM,BISHAN,135 BISHAN ST 12,BISHAN,2021-12-01,785000.0,121.0,1302.43,602.72,10 TO 12,64 years 07 months,Improved,1.34456216829423,103.851287598109
HDB,135 BISHAN ST 12,5 ROOM,BISHAN,135 BISHAN ST 12,BISHAN,2022-03-01,785000.0,121.0,1302.43,602.72,10 TO 12,64 years 03 months,Improved,1.34456216829423,103.851287598109
HDB,135 BISHAN ST 12,5 ROOM,BISHAN,135 BISHAN ST 12,BISHAN,2022-07-01,868000.0,121.0,1302.43,666.45,19 TO 21,64 years,Improved,1.34456216829423,103.851287598109
HDB,135 BISHAN ST 12,5 ROOM,BISHAN,135 BISHAN ST 12,BISHAN,2022-09-01,840000.0,121.0,1302.43,644.95,13 TO 15,63 years 10 months,Improved,1.34456216829423,103.851287598109
HDB,135 BISHAN ST 12,5 ROOM,BISHAN,135 BISHAN ST 12,BISHAN,2022-09-01,850000.0,121.0,1302.43,652.63,13 TO 15,63 years 10 months,Improved,1.34456216829423,103.851287598109
HDB,135 BISHAN ST 12,EXECUTIVE,BISHAN,135 BISHAN ST 12,BISHAN,2023-04-01,1270000.0,163.0,1754.52,723.85,22 TO 24,63 years 02 months,Maisonette,1.34456216829423,103.851287598109
HDB,135 BISHAN ST 12,5 ROOM,BISHAN,135 BISHAN ST 12,BISHAN,2023-11-01,855000.0,121.0,1302.43,656.46,16 TO 18,62 years 08 months,Improved,1.34456216829423,103.851287598109
HDB,135 BISHAN ST 12,5 ROOM,BISHAN,135 BISHAN ST 12,BISHAN,2025-02-01,988000.0,121.0,1302.43,758.58,19 TO 21,61 years 05 months,Improved,1.34456216829423,103.851287598109
HDB,135 BISHAN ST 12,EXECUTIVE,BISHAN,135 BISHAN ST 12,BISHAN,2025-03-01,1500000.0,163.0,1754.52,854.94,22 TO 24,61 years 04 months,Maisonette,1.34456216829423,103.851287598109
HDB,135 BISHAN ST 12,5 ROOM,BISHAN,135 BISHAN ST 12,BISHAN,2025-06-01,978000.0,121.0,1302.43,750.9,07 TO 09,61 years 01 month,Improved,1.34456216829423,103.851287598109
HDB,135 BISHAN ST 12,EXECUTIVE,BISHAN,135 BISHAN ST 12,BISHAN,2025-11-01,1600000.0,163.0,1754.52,911.93,22 TO 24,60 years 08 months,Maisonette,1.34456216829423,103.851287598109
HDB,135 BISHAN ST 12,5 ROOM,BISHAN,135 BISHAN ST 12,BISHAN,2026-03-01,938000.0,121.0,1302.43,720.19,10 TO 12,60 years 03 months,Improved,1.34456216829423,103.851287598109
HDB,136 BISHAN ST 12,5 ROOM,BISHAN,136 BISHAN ST 12,BISHAN,2018-10-01,610000.0,122.0,1313.2,464.52,04 TO 06,68 years 01 month,Improved,1.34413413892594,103.851740462088
HDB,136 BISHAN ST 12,5 ROOM,BISHAN,136 BISHAN ST 12,BISHAN,2018-12-01,500000.0,122.0,1313.2,380.75,01 TO 03,67 years 11 months,Improved,1.34413413892594,103.851740462088
HDB,136 BISHAN ST 12,5 ROOM,BISHAN,136 BISHAN ST 12,BISHAN,2020-12-01,655000.0,122.0,1313.2,498.78,07 TO 09,66 years,Improved,1.34413413892594,103.851740462088
HDB,136 BISHAN ST 12,5 ROOM,BISHAN,136 BISHAN ST 12,BISHAN,2022-04-01,715000.0,122.0,1313.2,544.47,07 TO 09,64 years 08 months,Improved,1.34413413892594,103.851740462088
HDB,136 BISHAN ST 12,5 ROOM,BISHAN,136 BISHAN ST 12,BISHAN,2024-03-01,860000.0,122.0,1313.2,654.89,04 TO 06,62 years 08 months,Improved,1.34413413892594,103.851740462088
HDB,136 BISHAN ST 12,5 ROOM,BISHAN,136 BISHAN ST 12,BISHAN,2026-04-01,865000.0,119.0,1280.9,675.3,04 TO 06,60 years 08 months,Improved,1.34413413892594,103.851740462088
HDB,138 BISHAN ST 12,5 ROOM,BISHAN,138 BISHAN ST 12,BISHAN,2017-10-01,625000.0,121.0,1302.43,479.87,04 TO 06,68 years 09 months,Improved,1.34476326355535,103.852206845531
HDB,138 BISHAN ST 12,5 ROOM,BISHAN,138 BISHAN ST 12,BISHAN,2019-01-01,660000.0,121.0,1302.43,506.74,07 TO 09,67 years 07 months,Improved,1.34476326355535,103.852206845531
HDB,138 BISHAN ST 12,5 ROOM,BISHAN,138 BISHAN ST 12,BISHAN,2019-03-01,660000.0,121.0,1302.43,506.74,01 TO 03,67 years 05 months,Improved,1.34476326355535,103.852206845531
HDB,138 BISHAN ST 12,5 ROOM,BISHAN,138 BISHAN ST 12,BISHAN,2019-11-01,675000.0,121.0,1302.43,518.26,04 TO 06,66 years 08 months,Improved,1.34476326355535,103.852206845531
HDB,138 BISHAN ST 12,5 ROOM,BISHAN,138 BISHAN ST 12,BISHAN,2021-03-01,628000.0,119.0,1280.9,490.28,01 TO 03,65 years 05 months,Improved,1.34476326355535,103.852206845531
HDB,138 BISHAN ST 12,5 ROOM,BISHAN,138 BISHAN ST 12,BISHAN,2022-06-01,680000.0,119.0,1280.9,530.88,07 TO 09,64 years 01 month,Improved,1.34476326355535,103.852206845531
HDB,138 BISHAN ST 12,5 ROOM,BISHAN,138 BISHAN ST 12,BISHAN,2022-10-01,710000.0,121.0,1302.43,545.13,07 TO 09,63 years 10 months,Improved,1.34476326355535,103.852206845531
HDB,138 BISHAN ST 12,5 ROOM,BISHAN,138 BISHAN ST 12,BISHAN,2024-08-01,950000.0,122.0,1313.2,723.43,07 TO 09,62 years,Improved,1.34476326355535,103.852206845531
HDB,138 BISHAN ST 12,5 ROOM,BISHAN,138 BISHAN ST 12,BISHAN,2025-03-01,980000.0,119.0,1280.9,765.08,07 TO 09,61 years 05 months,Improved,1.34476326355535,103.852206845531
HDB,138 BISHAN ST 12,5 ROOM,BISHAN,138 BISHAN ST 12,BISHAN,2025-04-01,810000.0,119.0,1280.9,632.37,01 TO 03,61 years 04 months,Improved,1.34476326355535,103.852206845531
HDB,138A LOR 1A TOA PAYOH,5 ROOM,TOA PAYOH,138A LOR 1A TOA PAYOH,TOA PAYOH,2017-06-01,963888.0,117.0,1259.38,765.37,19 TO 21,93 years 11 months,DBSS,1.33671098513786,103.845472945511
HDB,138A LOR 1A TOA PAYOH,5 ROOM,TOA PAYOH,138A LOR 1A TOA PAYOH,TOA PAYOH,2017-07-01,875000.0,114.0,1227.08,713.07,34 TO 36,93 years 09 months,DBSS,1.33671098513786,103.845472945511
HDB,138A LOR 1A TOA PAYOH,5 ROOM,TOA PAYOH,138A LOR 1A TOA PAYOH,TOA PAYOH,2017-08-01,940000.0,117.0,1259.38,746.4,19 TO 21,93 years 09 months,DBSS,1.33671098513786,103.845472945511
HDB,138A LOR 1A TOA PAYOH,5 ROOM,TOA PAYOH,138A LOR 1A TOA PAYOH,TOA PAYOH,2017-08-01,960000.0,114.0,1227.08,782.34,25 TO 27,93 years 09 months,DBSS,1.33671098513786,103.845472945511
HDB,138A LOR 1A TOA PAYOH,5 ROOM,TOA PAYOH,138A LOR 1A TOA PAYOH,TOA PAYOH,2017-08-01,990000.0,117.0,1259.38,786.1,25 TO 27,93 years 09 months,DBSS,1.33671098513786,103.845472945511
HDB,138A LOR 1A TOA PAYOH,5 ROOM,TOA PAYOH,138A LOR 1A TOA PAYOH,TOA PAYOH,2017-09-01,910000.0,117.0,1259.38,722.58,31 TO 33,93 years 07 months,DBSS,1.33671098513786,103.845472945511
HDB,138A LOR 1A TOA PAYOH,5 ROOM,TOA PAYOH,138A LOR 1A TOA PAYOH,TOA PAYOH,2017-09-01,940000.0,117.0,1259.38,746.4,28 TO 30,93 years 08 months,DBSS,1.33671098513786,103.845472945511
HDB,138A LOR 1A TOA PAYOH,5 ROOM,TOA PAYOH,138A LOR 1A TOA PAYOH,TOA PAYOH,2017-10-01,1050000.0,117.0,1259.38,833.75,40 TO 42,93 years 08 months,DBSS,1.33671098513786,103.845472945511
HDB,138A LOR 1A TOA PAYOH,5 ROOM,TOA PAYOH,138A LOR 1A TOA PAYOH,TOA PAYOH,2017-11-01,830000.0,110.0,1184.03,701.0,07 TO 09,93 years 07 months,DBSS,1.33671098513786,103.845472945511
HDB,138A LOR 1A TOA PAYOH,5 ROOM,TOA PAYOH,138A LOR 1A TOA PAYOH,TOA PAYOH,2017-11-01,855000.0,113.0,1216.32,702.94,10 TO 12,93 years 06 months,DBSS,1.33671098513786,103.845472945511
HDB,138A LOR 1A TOA PAYOH,5 ROOM,TOA PAYOH,138A LOR 1A TOA PAYOH,TOA PAYOH,2017-11-01,860000.0,113.0,1216.32,707.05,07 TO 09,93 years 05 months,DBSS,1.33671098513786,103.845472945511
HDB,138A LOR 1A TOA PAYOH,5 ROOM,TOA PAYOH,138A LOR 1A TOA PAYOH,TOA PAYOH,2017-11-01,973888.0,114.0,1227.08,793.66,40 TO 42,93 years 06 months,DBSS,1.33671098513786,103.845472945511
HDB,138A LOR 1A TOA PAYOH,5 ROOM,TOA PAYOH,138A LOR 1A TOA PAYOH,TOA PAYOH,2018-02-01,708000.0,110.0,1184.03,597.96,01 TO 03,93 years 03 months,DBSS,1.33671098513786,103.845472945511
HDB,138A LOR 1A TOA PAYOH,5 ROOM,TOA PAYOH,138A LOR 1A TOA PAYOH,TOA PAYOH,2018-02-01,865000.0,110.0,1184.03,730.56,10 TO 12,93 years 03 months,DBSS,1.33671098513786,103.845472945511
HDB,138A LOR 1A TOA PAYOH,5 ROOM,TOA PAYOH,138A LOR 1A TOA PAYOH,TOA PAYOH,2018-02-01,964388.0,114.0,1227.08,785.92,22 TO 24,93 years 03 months,DBSS,1.33671098513786,103.845472945511
HDB,138A LOR 1A TOA PAYOH,5 ROOM,TOA PAYOH,138A LOR 1A TOA PAYOH,TOA PAYOH,2018-04-01,910000.0,117.0,1259.38,722.58,34 TO 36,92 years 11 months,DBSS,1.33671098513786,103.845472945511
HDB,138A LOR 1A TOA PAYOH,5 ROOM,TOA PAYOH,138A LOR 1A TOA PAYOH,TOA PAYOH,2018-10-01,900000.0,113.0,1216.32,739.94,16 TO 18,92 years 07 months,DBSS,1.33671098513786,103.845472945511
HDB,138A LOR 1A TOA PAYOH,5 ROOM,TOA PAYOH,138A LOR 1A TOA PAYOH,TOA PAYOH,2018-10-01,1000000.0,117.0,1259.38,794.04,19 TO 21,92 years 06 months,DBSS,1.33671098513786,103.845472945511
HDB,138A LOR 1A TOA PAYOH,5 ROOM,TOA PAYOH,138A LOR 1A TOA PAYOH,TOA PAYOH,2018-10-01,1078000.0,114.0,1227.08,878.51,37 TO 39,92 years 07 months,DBSS,1.33671098513786,103.845472945511
HDB,138A LOR 1A TOA PAYOH,5 ROOM,TOA PAYOH,138A LOR 1A TOA PAYOH,TOA PAYOH,2018-11-01,900000.0,110.0,1184.03,760.12,07 TO 09,92 years 06 months,DBSS,1.33671098513786,103.845472945511
HDB,138A LOR 1A TOA PAYOH,5 ROOM,TOA PAYOH,138A LOR 1A TOA PAYOH,TOA PAYOH,2018-12-01,993000.0,114.0,1227.08,809.24,25 TO 27,92 years 05 months,DBSS,1.33671098513786,103.845472945511
HDB,138A LOR 1A TOA PAYOH,5 ROOM,TOA PAYOH,138A LOR 1A TOA PAYOH,TOA PAYOH,2018-12-01,1150000.0,114.0,1227.08,937.18,37 TO 39,92 years 05 months,DBSS,1.33671098513786,103.845472945511
HDB,138A LOR 1A TOA PAYOH,5 ROOM,TOA PAYOH,138A LOR 1A TOA PAYOH,TOA PAYOH,2019-03-01,870000.0,110.0,1184.03,734.78,04 TO 06,92 years 02 months,DBSS,1.33671098513786,103.845472945511
HDB,138A LOR 1A TOA PAYOH,5 ROOM,TOA PAYOH,138A LOR 1A TOA PAYOH,TOA PAYOH,2019-03-01,908000.0,110.0,1184.03,766.87,13 TO 15,92 years 02 months,DBSS,1.33671098513786,103.845472945511
HDB,138A LOR 1A TOA PAYOH,5 ROOM,TOA PAYOH,138A LOR 1A TOA PAYOH,TOA PAYOH,2019-09-01,878000.0,114.0,1227.08,715.52,19 TO 21,91 years 08 months,DBSS,1.33671098513786,103.845472945511
HDB,138A LOR 1A TOA PAYOH,5 ROOM,TOA PAYOH,138A LOR 1A TOA PAYOH,TOA PAYOH,2020-03-01,935000.0,110.0,1184.03,789.68,13 TO 15,91 years 02 months,DBSS,1.33671098513786,103.845472945511
HDB,138A LOR 1A TOA PAYOH,5 ROOM,TOA PAYOH,138A LOR 1A TOA PAYOH,TOA PAYOH,2020-10-01,1068888.0,117.0,1259.38,848.74,31 TO 33,90 years 07 months,DBSS,1.33671098513786,103.845472945511
HDB,138A LOR 1A TOA PAYOH,5 ROOM,TOA PAYOH,138A LOR 1A TOA PAYOH,TOA PAYOH,2021-02-01,900000.0,113.0,1216.32,739.94,07 TO 09,90 years 03 months,DBSS,1.33671098513786,103.845472945511
HDB,138A LOR 1A TOA PAYOH,5 ROOM,TOA PAYOH,138A LOR 1A TOA PAYOH,TOA PAYOH,2021-03-01,1095000.0,114.0,1227.08,892.36,34 TO 36,90 years 02 months,DBSS,1.33671098513786,103.845472945511
HDB,138A LOR 1A TOA PAYOH,5 ROOM,TOA PAYOH,138A LOR 1A TOA PAYOH,TOA PAYOH,2021-04-01,816000.0,110.0,1184.03,689.17,01 TO 03,90 years 01 month,DBSS,1.33671098513786,103.845472945511
HDB,138A LOR 1A TOA PAYOH,5 ROOM,TOA PAYOH,138A LOR 1A TOA PAYOH,TOA PAYOH,2021-08-01,1238000.0,114.0,1227.08,1008.9,40 TO 42,89 years 10 months,DBSS,1.33671098513786,103.845472945511
HDB,138A LOR 1A TOA PAYOH,5 ROOM,TOA PAYOH,138A LOR 1A TOA PAYOH,TOA PAYOH,2021-09-01,993000.0,110.0,1184.03,838.66,10 TO 12,89 years 08 months,DBSS,1.33671098513786,103.845472945511
HDB,138A LOR 1A TOA PAYOH,5 ROOM,TOA PAYOH,138A LOR 1A TOA PAYOH,TOA PAYOH,2021-10-01,1200000.0,117.0,1259.38,952.85,37 TO 39,89 years 07 months,DBSS,1.33671098513786,103.845472945511
HDB,138A LOR 1A TOA PAYOH,5 ROOM,TOA PAYOH,138A LOR 1A TOA PAYOH,TOA PAYOH,2022-01-01,1050000.0,117.0,1259.38,833.75,25 TO 27,89 years 05 months,DBSS,1.33671098513786,103.845472945511
HDB,138A LOR 1A TOA PAYOH,5 ROOM,TOA PAYOH,138A LOR 1A TOA PAYOH,TOA PAYOH,2022-03-01,900000.0,110.0,1184.03,760.12,04 TO 06,89 years 03 months,DBSS,1.33671098513786,103.845472945511
HDB,138A LOR 1A TOA PAYOH,5 ROOM,TOA PAYOH,138A LOR 1A TOA PAYOH,TOA PAYOH,2022-03-01,1100000.0,117.0,1259.38,873.45,37 TO 39,89 years 02 months,DBSS,1.33671098513786,103.845472945511
HDB,138A LOR 1A TOA PAYOH,5 ROOM,TOA PAYOH,138A LOR 1A TOA PAYOH,TOA PAYOH,2022-05-01,1230000.0,117.0,1259.38,976.67,28 TO 30,89 years,DBSS,1.33671098513786,103.845472945511
HDB,138A LOR 1A TOA PAYOH,5 ROOM,TOA PAYOH,138A LOR 1A TOA PAYOH,TOA PAYOH,2022-07-01,1200000.0,110.0,1184.03,1013.49,16 TO 18,88 years 10 months,DBSS,1.33671098513786,103.845472945511
HDB,138A LOR 1A TOA PAYOH,5 ROOM,TOA PAYOH,138A LOR 1A TOA PAYOH,TOA PAYOH,2022-08-01,1350000.0,117.0,1259.38,1071.96,40 TO 42,88 years 09 months,DBSS,1.33671098513786,103.845472945511
HDB,138A LOR 1A TOA PAYOH,5 ROOM,TOA PAYOH,138A LOR 1A TOA PAYOH,TOA PAYOH,2022-10-01,1260000.0,114.0,1227.08,1026.82,28 TO 30,88 years 07 months,DBSS,1.33671098513786,103.845472945511
HDB,138A LOR 1A TOA PAYOH,5 ROOM,TOA PAYOH,138A LOR 1A TOA PAYOH,TOA PAYOH,2023-04-01,1010000.0,110.0,1184.03,853.02,04 TO 06,87 years 11 months,DBSS,1.33671098513786,103.845472945511
HDB,138A LOR 1A TOA PAYOH,5 ROOM,TOA PAYOH,138A LOR 1A TOA PAYOH,TOA PAYOH,2023-04-01,1330000.0,117.0,1259.38,1056.08,25 TO 27,87 years 11 months,DBSS,1.33671098513786,103.845472945511
HDB,138A LOR 1A TOA PAYOH,5 ROOM,TOA PAYOH,138A LOR 1A TOA PAYOH,TOA PAYOH,2023-04-01,1385000.0,114.0,1227.08,1128.69,40 TO 42,87 years 11 months,DBSS,1.33671098513786,103.845472945511
HDB,138A LOR 1A TOA PAYOH,5 ROOM,TOA PAYOH,138A LOR 1A TOA PAYOH,TOA PAYOH,2023-05-01,1370000.0,114.0,1227.08,1116.47,34 TO 36,88 years,DBSS,1.33671098513786,103.845472945511
HDB,138A LOR 1A TOA PAYOH,5 ROOM,TOA PAYOH,138A LOR 1A TOA PAYOH,TOA PAYOH,2023-08-01,970000.0,110.0,1184.03,819.24,01 TO 03,87 years 09 months,DBSS,1.33671098513786,103.845472945511
HDB,138A LOR 1A TOA PAYOH,5 ROOM,TOA PAYOH,138A LOR 1A TOA PAYOH,TOA PAYOH,2023-10-01,975000.0,110.0,1184.03,823.46,04 TO 06,87 years 08 months,DBSS,1.33671098513786,103.845472945511
HDB,138A LOR 1A TOA PAYOH,5 ROOM,TOA PAYOH,138A LOR 1A TOA PAYOH,TOA PAYOH,2024-07-01,1180000.0,113.0,1216.32,970.14,04 TO 06,86 years 10 months,DBSS,1.33671098513786,103.845472945511
HDB,138A LOR 1A TOA PAYOH,5 ROOM,TOA PAYOH,138A LOR 1A TOA PAYOH,TOA PAYOH,2025-01-01,1600000.0,117.0,1259.38,1270.47,19 TO 21,86 years 06 months,DBSS,1.33671098513786,103.845472945511
HDB,138A LOR 1A TOA PAYOH,5 ROOM,TOA PAYOH,138A LOR 1A TOA PAYOH,TOA PAYOH,2025-01-01,1308888.0,110.0,1184.03,1105.45,13 TO 15,86 years 05 months,DBSS,1.33671098513786,103.845472945511
HDB,138A LOR 1A TOA PAYOH,5 ROOM,TOA PAYOH,138A LOR 1A TOA PAYOH,TOA PAYOH,2025-05-01,1390000.0,110.0,1184.03,1173.96,10 TO 12,85 years 11 months,DBSS,1.33671098513786,103.845472945511
HDB,138A LOR 1A TOA PAYOH,5 ROOM,TOA PAYOH,138A LOR 1A TOA PAYOH,TOA PAYOH,2025-06-01,1518000.0,114.0,1227.08,1237.08,19 TO 21,86 years,DBSS,1.33671098513786,103.845472945511
HDB,138A LOR 1A TOA PAYOH,5 ROOM,TOA PAYOH,138A LOR 1A TOA PAYOH,TOA PAYOH,2025-06-01,1268888.0,113.0,1216.32,1043.22,07 TO 09,86 years,DBSS,1.33671098513786,103.845472945511
HDB,138A LOR 1A TOA PAYOH,5 ROOM,TOA PAYOH,138A LOR 1A TOA PAYOH,TOA PAYOH,2025-09-01,1225000.0,113.0,1216.32,1007.14,04 TO 06,85 years 08 months,DBSS,1.33671098513786,103.845472945511
HDB,138A LOR 1A TOA PAYOH,5 ROOM,TOA PAYOH,138A LOR 1A TOA PAYOH,TOA PAYOH,2025-10-01,1515000.0,114.0,1227.08,1234.63,25 TO 27,85 years 07 months,DBSS,1.33671098513786,103.845472945511
HDB,138A LOR 1A TOA PAYOH,5 ROOM,TOA PAYOH,138A LOR 1A TOA PAYOH,TOA PAYOH,2026-03-01,1550000.0,117.0,1259.38,1230.77,28 TO 30,85 years 02 months,DBSS,1.33671098513786,103.845472945511
HDB,138A LOR 1A TOA PAYOH,5 ROOM,TOA PAYOH,138A LOR 1A TOA PAYOH,TOA PAYOH,2026-07-01,1550000.0,114.0,1227.08,1263.16,25 TO 27,84 years 11 months,DBSS,1.33671098513786,103.845472945511
HDB,138B LOR 1A TOA PAYOH,5 ROOM,TOA PAYOH,138B LOR 1A TOA PAYOH,TOA PAYOH,2017-05-01,840000.0,113.0,1216.32,690.61,04 TO 06,94 years,DBSS,1.33626408939965,103.845626191384
HDB,138B LOR 1A TOA PAYOH,5 ROOM,TOA PAYOH,138B LOR 1A TOA PAYOH,TOA PAYOH,2017-06-01,825000.0,110.0,1184.03,696.77,04 TO 06,93 years 10 months,DBSS,1.33626408939965,103.845626191384
HDB,138B LOR 1A TOA PAYOH,5 ROOM,TOA PAYOH,138B LOR 1A TOA PAYOH,TOA PAYOH,2017-06-01,850000.0,113.0,1216.32,698.83,07 TO 09,93 years 11 months,DBSS,1.33626408939965,103.845626191384
HDB,138B LOR 1A TOA PAYOH,5 ROOM,TOA PAYOH,138B LOR 1A TOA PAYOH,TOA PAYOH,2017-08-01,986000.0,117.0,1259.38,782.93,37 TO 39,93 years 11 months,DBSS,1.33626408939965,103.845626191384
HDB,138B LOR 1A TOA PAYOH,5 ROOM,TOA PAYOH,138B LOR 1A TOA PAYOH,TOA PAYOH,2017-10-01,822500.0,110.0,1184.03,694.66,04 TO 06,93 years 06 months,DBSS,1.33626408939965,103.845626191384
HDB,138B LOR 1A TOA PAYOH,5 ROOM,TOA PAYOH,138B LOR 1A TOA PAYOH,TOA PAYOH,2017-10-01,900000.0,113.0,1216.32,739.94,13 TO 15,93 years 06 months,DBSS,1.33626408939965,103.845626191384
HDB,138B LOR 1A TOA PAYOH,5 ROOM,TOA PAYOH,138B LOR 1A TOA PAYOH,TOA PAYOH,2017-10-01,900000.0,114.0,1227.08,733.45,19 TO 21,93 years 06 months,DBSS,1.33626408939965,103.845626191384
HDB,138B LOR 1A TOA PAYOH,5 ROOM,TOA PAYOH,138B LOR 1A TOA PAYOH,TOA PAYOH,2017-11-01,852000.0,110.0,1184.03,719.58,07 TO 09,93 years 06 months,DBSS,1.33626408939965,103.845626191384
HDB,138B LOR 1A TOA PAYOH,5 ROOM,TOA PAYOH,138B LOR 1A TOA PAYOH,TOA PAYOH,2017-11-01,870000.0,110.0,1184.03,734.78,10 TO 12,93 years 06 months,DBSS,1.33626408939965,103.845626191384
HDB,138B LOR 1A TOA PAYOH,5 ROOM,TOA PAYOH,138B LOR 1A TOA PAYOH,TOA PAYOH,2017-11-01,870000.0,110.0,1184.03,734.78,07 TO 09,93 years 06 months,DBSS,1.33626408939965,103.845626191384
HDB,138B LOR 1A TOA PAYOH,5 ROOM,TOA PAYOH,138B LOR 1A TOA PAYOH,TOA PAYOH,2017-12-01,938888.0,114.0,1227.08,765.14,31 TO 33,93 years 05 months,DBSS,1.33626408939965,103.845626191384
HDB,138B LOR 1A TOA PAYOH,5 ROOM,TOA PAYOH,138B LOR 1A TOA PAYOH,TOA PAYOH,2018-01-01,875000.0,113.0,1216.32,719.38,10 TO 12,93 years 04 months,DBSS,1.33626408939965,103.845626191384
HDB,138B LOR 1A TOA PAYOH,5 ROOM,TOA PAYOH,138B LOR 1A TOA PAYOH,TOA PAYOH,2018-01-01,930000.0,117.0,1259.38,738.46,19 TO 21,93 years 04 months,DBSS,1.33626408939965,103.845626191384
HDB,138B LOR 1A TOA PAYOH,5 ROOM,TOA PAYOH,138B LOR 1A TOA PAYOH,TOA PAYOH,2018-01-01,940000.0,117.0,1259.38,746.4,28 TO 30,93 years 04 months,DBSS,1.33626408939965,103.845626191384
HDB,138B LOR 1A TOA PAYOH,5 ROOM,TOA PAYOH,138B LOR 1A TOA PAYOH,TOA PAYOH,2018-06-01,838000.0,113.0,1216.32,688.96,07 TO 09,93 years,DBSS,1.33626408939965,103.845626191384
HDB,138B LOR 1A TOA PAYOH,5 ROOM,TOA PAYOH,138B LOR 1A TOA PAYOH,TOA PAYOH,2018-06-01,852000.0,113.0,1216.32,700.47,04 TO 06,92 years 11 months,DBSS,1.33626408939965,103.845626191384
HDB,138B LOR 1A TOA PAYOH,5 ROOM,TOA PAYOH,138B LOR 1A TOA PAYOH,TOA PAYOH,2018-06-01,1065000.0,114.0,1227.08,867.91,34 TO 36,92 years 11 months,DBSS,1.33626408939965,103.845626191384
HDB,138B LOR 1A TOA PAYOH,5 ROOM,TOA PAYOH,138B LOR 1A TOA PAYOH,TOA PAYOH,2018-07-01,810000.0,113.0,1216.32,665.94,01 TO 03,92 years 11 months,DBSS,1.33626408939965,103.845626191384
HDB,138B LOR 1A TOA PAYOH,5 ROOM,TOA PAYOH,138B LOR 1A TOA PAYOH,TOA PAYOH,2018-07-01,940000.0,113.0,1216.32,772.82,16 TO 18,92 years 09 months,DBSS,1.33626408939965,103.845626191384
HDB,138B LOR 1A TOA PAYOH,5 ROOM,TOA PAYOH,138B LOR 1A TOA PAYOH,TOA PAYOH,2018-08-01,820500.0,110.0,1184.03,692.97,01 TO 03,92 years 09 months,DBSS,1.33626408939965,103.845626191384
HDB,138B LOR 1A TOA PAYOH,5 ROOM,TOA PAYOH,138B LOR 1A TOA PAYOH,TOA PAYOH,2018-10-01,930000.0,110.0,1184.03,785.45,16 TO 18,92 years 06 months,DBSS,1.33626408939965,103.845626191384
HDB,138B LOR 1A TOA PAYOH,5 ROOM,TOA PAYOH,138B LOR 1A TOA PAYOH,TOA PAYOH,2019-02-01,998888.0,117.0,1259.38,793.16,28 TO 30,92 years 03 months,DBSS,1.33626408939965,103.845626191384
HDB,138B LOR 1A TOA PAYOH,5 ROOM,TOA PAYOH,138B LOR 1A TOA PAYOH,TOA PAYOH,2019-02-01,1035000.0,117.0,1259.38,821.84,31 TO 33,92 years 03 months,DBSS,1.33626408939965,103.845626191384
HDB,138B LOR 1A TOA PAYOH,5 ROOM,TOA PAYOH,138B LOR 1A TOA PAYOH,TOA PAYOH,2019-04-01,977000.0,114.0,1227.08,796.2,31 TO 33,92 years 01 month,DBSS,1.33626408939965,103.845626191384
HDB,138B LOR 1A TOA PAYOH,5 ROOM,TOA PAYOH,138B LOR 1A TOA PAYOH,TOA PAYOH,2019-05-01,940000.0,114.0,1227.08,766.04,25 TO 27,92 years,DBSS,1.33626408939965,103.845626191384
HDB,138B LOR 1A TOA PAYOH,5 ROOM,TOA PAYOH,138B LOR 1A TOA PAYOH,TOA PAYOH,2019-09-01,880000.0,110.0,1184.03,743.23,10 TO 12,91 years 08 months,DBSS,1.33626408939965,103.845626191384
HDB,138B LOR 1A TOA PAYOH,5 ROOM,TOA PAYOH,138B LOR 1A TOA PAYOH,TOA PAYOH,2019-09-01,938000.0,114.0,1227.08,764.41,22 TO 24,91 years 08 months,DBSS,1.33626408939965,103.845626191384
HDB,138B LOR 1A TOA PAYOH,5 ROOM,TOA PAYOH,138B LOR 1A TOA PAYOH,TOA PAYOH,2019-11-01,750000.0,113.0,1216.32,616.61,04 TO 06,91 years 06 months,DBSS,1.33626408939965,103.845626191384
HDB,138B LOR 1A TOA PAYOH,5 ROOM,TOA PAYOH,138B LOR 1A TOA PAYOH,TOA PAYOH,2019-11-01,975000.0,114.0,1227.08,794.57,25 TO 27,91 years 06 months,DBSS,1.33626408939965,103.845626191384
HDB,138B LOR 1A TOA PAYOH,5 ROOM,TOA PAYOH,138B LOR 1A TOA PAYOH,TOA PAYOH,2019-11-01,984000.0,117.0,1259.38,781.34,22 TO 24,91 years 06 months,DBSS,1.33626408939965,103.845626191384
HDB,138B LOR 1A TOA PAYOH,5 ROOM,TOA PAYOH,138B LOR 1A TOA PAYOH,TOA PAYOH,2019-11-01,1016888.0,117.0,1259.38,807.45,31 TO 33,91 years 06 months,DBSS,1.33626408939965,103.845626191384
HDB,138B LOR 1A TOA PAYOH,5 ROOM,TOA PAYOH,138B LOR 1A TOA PAYOH,TOA PAYOH,2019-12-01,908000.0,110.0,1184.03,766.87,16 TO 18,91 years 05 months,DBSS,1.33626408939965,103.845626191384
HDB,138B LOR 1A TOA PAYOH,5 ROOM,TOA PAYOH,138B LOR 1A TOA PAYOH,TOA PAYOH,2020-01-01,880000.0,113.0,1216.32,723.49,07 TO 09,91 years 04 months,DBSS,1.33626408939965,103.845626191384
HDB,138B LOR 1A TOA PAYOH,5 ROOM,TOA PAYOH,138B LOR 1A TOA PAYOH,TOA PAYOH,2020-03-01,950000.0,110.0,1184.03,802.35,16 TO 18,91 years 02 months,DBSS,1.33626408939965,103.845626191384
HDB,138B LOR 1A TOA PAYOH,5 ROOM,TOA PAYOH,138B LOR 1A TOA PAYOH,TOA PAYOH,2020-03-01,810000.0,110.0,1184.03,684.1,01 TO 03,91 years 02 months,DBSS,1.33626408939965,103.845626191384
HDB,138B LOR 1A TOA PAYOH,5 ROOM,TOA PAYOH,138B LOR 1A TOA PAYOH,TOA PAYOH,2020-03-01,810000.0,113.0,1216.32,665.94,01 TO 03,91 years 02 months,DBSS,1.33626408939965,103.845626191384
HDB,138B LOR 1A TOA PAYOH,5 ROOM,TOA PAYOH,138B LOR 1A TOA PAYOH,TOA PAYOH,2020-10-01,855000.0,110.0,1184.03,722.11,04 TO 06,90 years 07 months,DBSS,1.33626408939965,103.845626191384
HDB,138B LOR 1A TOA PAYOH,5 ROOM,TOA PAYOH,138B LOR 1A TOA PAYOH,TOA PAYOH,2021-02-01,830000.0,110.0,1184.03,701.0,04 TO 06,90 years 03 months,DBSS,1.33626408939965,103.845626191384
HDB,138B LOR 1A TOA PAYOH,5 ROOM,TOA PAYOH,138B LOR 1A TOA PAYOH,TOA PAYOH,2021-09-01,1080000.0,117.0,1259.38,857.57,19 TO 21,89 years 09 months,DBSS,1.33626408939965,103.845626191384
HDB,138B LOR 1A TOA PAYOH,5 ROOM,TOA PAYOH,138B LOR 1A TOA PAYOH,TOA PAYOH,2021-10-01,1100000.0,117.0,1259.38,873.45,28 TO 30,89 years 07 months,DBSS,1.33626408939965,103.845626191384
HDB,138B LOR 1A TOA PAYOH,5 ROOM,TOA PAYOH,138B LOR 1A TOA PAYOH,TOA PAYOH,2021-10-01,1132000.0,114.0,1227.08,922.51,22 TO 24,89 years 07 months,DBSS,1.33626408939965,103.845626191384
HDB,138B LOR 1A TOA PAYOH,5 ROOM,TOA PAYOH,138B LOR 1A TOA PAYOH,TOA PAYOH,2021-11-01,1240000.0,114.0,1227.08,1010.53,40 TO 42,89 years 06 months,DBSS,1.33626408939965,103.845626191384
HDB,138B LOR 1A TOA PAYOH,5 ROOM,TOA PAYOH,138B LOR 1A TOA PAYOH,TOA PAYOH,2022-09-01,1280000.0,117.0,1259.38,1016.38,25 TO 27,88 years 09 months,DBSS,1.33626408939965,103.845626191384
HDB,138B LOR 1A TOA PAYOH,5 ROOM,TOA PAYOH,138B LOR 1A TOA PAYOH,TOA PAYOH,2022-10-01,1160000.0,113.0,1216.32,953.7,10 TO 12,88 years 08 months,DBSS,1.33626408939965,103.845626191384
HDB,138B LOR 1A TOA PAYOH,5 ROOM,TOA PAYOH,138B LOR 1A TOA PAYOH,TOA PAYOH,2023-01-01,880000.0,110.0,1184.03,743.23,01 TO 03,88 years 04 months,DBSS,1.33626408939965,103.845626191384
HDB,138B LOR 1A TOA PAYOH,5 ROOM,TOA PAYOH,138B LOR 1A TOA PAYOH,TOA PAYOH,2023-01-01,1335000.0,117.0,1259.38,1060.05,37 TO 39,88 years 05 months,DBSS,1.33626408939965,103.845626191384
HDB,138B LOR 1A TOA PAYOH,5 ROOM,TOA PAYOH,138B LOR 1A TOA PAYOH,TOA PAYOH,2024-01-01,1250000.0,113.0,1216.32,1027.69,16 TO 18,87 years 05 months,DBSS,1.33626408939965,103.845626191384
HDB,138B LOR 1A TOA PAYOH,5 ROOM,TOA PAYOH,138B LOR 1A TOA PAYOH,TOA PAYOH,2024-10-01,1500000.0,114.0,1227.08,1222.41,31 TO 33,86 years 08 months,DBSS,1.33626408939965,103.845626191384
HDB,138B LOR 1A TOA PAYOH,5 ROOM,TOA PAYOH,138B LOR 1A TOA PAYOH,TOA PAYOH,2024-11-01,1068888.0,110.0,1184.03,902.75,13 TO 15,86 years 07 months,DBSS,1.33626408939965,103.845626191384
HDB,138B LOR 1A TOA PAYOH,5 ROOM,TOA PAYOH,138B LOR 1A TOA PAYOH,TOA PAYOH,2025-01-01,1180000.0,113.0,1216.32,970.14,07 TO 09,86 years 05 months,DBSS,1.33626408939965,103.845626191384
HDB,138B LOR 1A TOA PAYOH,5 ROOM,TOA PAYOH,138B LOR 1A TOA PAYOH,TOA PAYOH,2025-02-01,1300000.0,113.0,1216.32,1068.8,16 TO 18,86 years 04 months,DBSS,1.33626408939965,103.845626191384
HDB,138B LOR 1A TOA PAYOH,5 ROOM,TOA PAYOH,138B LOR 1A TOA PAYOH,TOA PAYOH,2025-02-01,1500000.0,117.0,1259.38,1191.07,34 TO 36,86 years 04 months,DBSS,1.33626408939965,103.845626191384
HDB,138B LOR 1A TOA PAYOH,5 ROOM,TOA PAYOH,138B LOR 1A TOA PAYOH,TOA PAYOH,2025-06-01,1520000.0,117.0,1259.38,1206.95,34 TO 36,85 years 11 months,DBSS,1.33626408939965,103.845626191384
HDB,138B LOR 1A TOA PAYOH,5 ROOM,TOA PAYOH,138B LOR 1A TOA PAYOH,TOA PAYOH,2025-07-01,1500000.0,117.0,1259.38,1191.07,34 TO 36,85 years 09 months,DBSS,1.33626408939965,103.845626191384
HDB,138B LOR 1A TOA PAYOH,5 ROOM,TOA PAYOH,138B LOR 1A TOA PAYOH,TOA PAYOH,2026-03-01,1520000.0,114.0,1227.08,1238.71,34 TO 36,85 years 03 months,DBSS,1.33626408939965,103.845626191384
HDB,138B LOR 1A TOA PAYOH,5 ROOM,TOA PAYOH,138B LOR 1A TOA PAYOH,TOA PAYOH,2026-03-01,1520000.0,114.0,1227.08,1238.71,37 TO 39,85 years 02 months,DBSS,1.33626408939965,103.845626191384
HDB,138B LOR 1A TOA PAYOH,5 ROOM,TOA PAYOH,138B LOR 1A TOA PAYOH,TOA PAYOH,2026-04-01,1330000.0,110.0,1184.03,1123.28,10 TO 12,85 years 02 months,DBSS,1.33626408939965,103.845626191384
HDB,138C LOR 1A TOA PAYOH,5 ROOM,TOA PAYOH,138C LOR 1A TOA PAYOH,TOA PAYOH,2017-07-01,855000.0,113.0,1216.32,702.94,04 TO 06,93 years 10 months,DBSS,1.33626413671063,103.844907413472
HDB,138C LOR 1A TOA PAYOH,5 ROOM,TOA PAYOH,138C LOR 1A TOA PAYOH,TOA PAYOH,2017-07-01,858000.0,110.0,1184.03,724.64,07 TO 09,93 years 10 months,DBSS,1.33626413671063,103.844907413472
HDB,138C LOR 1A TOA PAYOH,5 ROOM,TOA PAYOH,138C LOR 1A TOA PAYOH,TOA PAYOH,2017-07-01,958000.0,114.0,1227.08,780.71,25 TO 27,93 years 09 months,DBSS,1.33626413671063,103.844907413472
HDB,138C LOR 1A TOA PAYOH,5 ROOM,TOA PAYOH,138C LOR 1A TOA PAYOH,TOA PAYOH,2017-07-01,1120000.0,117.0,1259.38,889.33,40 TO 42,93 years 10 months,DBSS,1.33626413671063,103.844907413472
HDB,138C LOR 1A TOA PAYOH,5 ROOM,TOA PAYOH,138C LOR 1A TOA PAYOH,TOA PAYOH,2017-08-01,975000.0,117.0,1259.38,774.19,25 TO 27,93 years 09 months,DBSS,1.33626413671063,103.844907413472
HDB,138C LOR 1A TOA PAYOH,5 ROOM,TOA PAYOH,138C LOR 1A TOA PAYOH,TOA PAYOH,2017-09-01,920000.0,114.0,1227.08,749.74,34 TO 36,93 years 08 months,DBSS,1.33626413671063,103.844907413472
HDB,138C LOR 1A TOA PAYOH,5 ROOM,TOA PAYOH,138C LOR 1A TOA PAYOH,TOA PAYOH,2017-09-01,940000.0,117.0,1259.38,746.4,28 TO 30,93 years 07 months,DBSS,1.33626413671063,103.844907413472
HDB,138C LOR 1A TOA PAYOH,5 ROOM,TOA PAYOH,138C LOR 1A TOA PAYOH,TOA PAYOH,2017-10-01,865000.0,110.0,1184.03,730.56,16 TO 18,93 years 06 months,DBSS,1.33626413671063,103.844907413472
HDB,138C LOR 1A TOA PAYOH,5 ROOM,TOA PAYOH,138C LOR 1A TOA PAYOH,TOA PAYOH,2017-10-01,905000.0,117.0,1259.38,718.61,19 TO 21,93 years 06 months,DBSS,1.33626413671063,103.844907413472
HDB,138C LOR 1A TOA PAYOH,5 ROOM,TOA PAYOH,138C LOR 1A TOA PAYOH,TOA PAYOH,2017-11-01,905000.0,114.0,1227.08,737.52,19 TO 21,93 years 06 months,DBSS,1.33626413671063,103.844907413472
HDB,138C LOR 1A TOA PAYOH,5 ROOM,TOA PAYOH,138C LOR 1A TOA PAYOH,TOA PAYOH,2017-11-01,930000.0,117.0,1259.38,738.46,28 TO 30,93 years 06 months,DBSS,1.33626413671063,103.844907413472
HDB,138C LOR 1A TOA PAYOH,5 ROOM,TOA PAYOH,138C LOR 1A TOA PAYOH,TOA PAYOH,2017-12-01,920000.0,114.0,1227.08,749.74,25 TO 27,93 years 04 months,DBSS,1.33626413671063,103.844907413472
HDB,138C LOR 1A TOA PAYOH,5 ROOM,TOA PAYOH,138C LOR 1A TOA PAYOH,TOA PAYOH,2017-12-01,930000.0,117.0,1259.38,738.46,31 TO 33,93 years 04 months,DBSS,1.33626413671063,103.844907413472
HDB,138C LOR 1A TOA PAYOH,5 ROOM,TOA PAYOH,138C LOR 1A TOA PAYOH,TOA PAYOH,2018-01-01,983500.0,117.0,1259.38,780.94,37 TO 39,93 years 05 months,DBSS,1.33626413671063,103.844907413472
HDB,138C LOR 1A TOA PAYOH,5 ROOM,TOA PAYOH,138C LOR 1A TOA PAYOH,TOA PAYOH,2018-02-01,902000.0,117.0,1259.38,716.23,28 TO 30,93 years 04 months,DBSS,1.33626413671063,103.844907413472
HDB,138C LOR 1A TOA PAYOH,5 ROOM,TOA PAYOH,138C LOR 1A TOA PAYOH,TOA PAYOH,2018-03-01,800000.0,113.0,1216.32,657.72,01 TO 03,93 years 02 months,DBSS,1.33626413671063,103.844907413472
HDB,138C LOR 1A TOA PAYOH,5 ROOM,TOA PAYOH,138C LOR 1A TOA PAYOH,TOA PAYOH,2018-03-01,880000.0,113.0,1216.32,723.49,10 TO 12,93 years 02 months,DBSS,1.33626413671063,103.844907413472
HDB,138C LOR 1A TOA PAYOH,5 ROOM,TOA PAYOH,138C LOR 1A TOA PAYOH,TOA PAYOH,2018-04-01,835000.0,110.0,1184.03,705.22,04 TO 06,93 years 01 month,DBSS,1.33626413671063,103.844907413472
HDB,138C LOR 1A TOA PAYOH,5 ROOM,TOA PAYOH,138C LOR 1A TOA PAYOH,TOA PAYOH,2018-04-01,886000.0,114.0,1227.08,722.04,19 TO 21,92 years 11 months,DBSS,1.33626413671063,103.844907413472
HDB,138C LOR 1A TOA PAYOH,5 ROOM,TOA PAYOH,138C LOR 1A TOA PAYOH,TOA PAYOH,2018-04-01,995000.0,114.0,1227.08,810.87,37 TO 39,92 years 11 months,DBSS,1.33626413671063,103.844907413472
HDB,138C LOR 1A TOA PAYOH,5 ROOM,TOA PAYOH,138C LOR 1A TOA PAYOH,TOA PAYOH,2018-05-01,890888.0,114.0,1227.08,726.02,19 TO 21,93 years,DBSS,1.33626413671063,103.844907413472
HDB,138C LOR 1A TOA PAYOH,5 ROOM,TOA PAYOH,138C LOR 1A TOA PAYOH,TOA PAYOH,2018-07-01,841000.0,110.0,1184.03,710.29,04 TO 06,92 years 10 months,DBSS,1.33626413671063,103.844907413472
HDB,138C LOR 1A TOA PAYOH,5 ROOM,TOA PAYOH,138C LOR 1A TOA PAYOH,TOA PAYOH,2018-07-01,872000.0,110.0,1184.03,736.47,10 TO 12,92 years 10 months,DBSS,1.33626413671063,103.844907413472
HDB,138C LOR 1A TOA PAYOH,5 ROOM,TOA PAYOH,138C LOR 1A TOA PAYOH,TOA PAYOH,2018-07-01,900000.0,113.0,1216.32,739.94,16 TO 18,92 years 09 months,DBSS,1.33626413671063,103.844907413472
HDB,138C LOR 1A TOA PAYOH,5 ROOM,TOA PAYOH,138C LOR 1A TOA PAYOH,TOA PAYOH,2018-08-01,905888.0,117.0,1259.38,719.31,19 TO 21,92 years 09 months,DBSS,1.33626413671063,103.844907413472
HDB,138C LOR 1A TOA PAYOH,5 ROOM,TOA PAYOH,138C LOR 1A TOA PAYOH,TOA PAYOH,2018-08-01,950000.0,110.0,1184.03,802.35,16 TO 18,92 years 08 months,DBSS,1.33626413671063,103.844907413472
HDB,138C LOR 1A TOA PAYOH,5 ROOM,TOA PAYOH,138C LOR 1A TOA PAYOH,TOA PAYOH,2018-08-01,985000.0,114.0,1227.08,802.72,25 TO 27,92 years 08 months,DBSS,1.33626413671063,103.844907413472
HDB,138C LOR 1A TOA PAYOH,5 ROOM,TOA PAYOH,138C LOR 1A TOA PAYOH,TOA PAYOH,2019-02-01,890000.0,113.0,1216.32,731.71,10 TO 12,92 years 03 months,DBSS,1.33626413671063,103.844907413472
HDB,138C LOR 1A TOA PAYOH,5 ROOM,TOA PAYOH,138C LOR 1A TOA PAYOH,TOA PAYOH,2019-03-01,828000.0,110.0,1184.03,699.31,01 TO 03,92 years 02 months,DBSS,1.33626413671063,103.844907413472
HDB,138C LOR 1A TOA PAYOH,5 ROOM,TOA PAYOH,138C LOR 1A TOA PAYOH,TOA PAYOH,2019-03-01,922000.0,113.0,1216.32,758.02,13 TO 15,92 years 02 months,DBSS,1.33626413671063,103.844907413472
HDB,138C LOR 1A TOA PAYOH,5 ROOM,TOA PAYOH,138C LOR 1A TOA PAYOH,TOA PAYOH,2019-05-01,900000.0,113.0,1216.32,739.94,16 TO 18,92 years 03 months,DBSS,1.33626413671063,103.844907413472
HDB,138C LOR 1A TOA PAYOH,5 ROOM,TOA PAYOH,138C LOR 1A TOA PAYOH,TOA PAYOH,2019-09-01,895000.0,117.0,1259.38,710.67,22 TO 24,91 years 08 months,DBSS,1.33626413671063,103.844907413472
HDB,138C LOR 1A TOA PAYOH,5 ROOM,TOA PAYOH,138C LOR 1A TOA PAYOH,TOA PAYOH,2019-10-01,800000.0,113.0,1216.32,657.72,01 TO 03,91 years 07 months,DBSS,1.33626413671063,103.844907413472
HDB,138C LOR 1A TOA PAYOH,5 ROOM,TOA PAYOH,138C LOR 1A TOA PAYOH,TOA PAYOH,2020-01-01,1008888.0,114.0,1227.08,822.18,31 TO 33,91 years 04 months,DBSS,1.33626413671063,103.844907413472
HDB,138C LOR 1A TOA PAYOH,5 ROOM,TOA PAYOH,138C LOR 1A TOA PAYOH,TOA PAYOH,2020-06-01,1038000.0,117.0,1259.38,824.22,31 TO 33,90 years 11 months,DBSS,1.33626413671063,103.844907413472
HDB,138C LOR 1A TOA PAYOH,5 ROOM,TOA PAYOH,138C LOR 1A TOA PAYOH,TOA PAYOH,2020-07-01,838000.0,110.0,1184.03,707.75,04 TO 06,90 years 10 months,DBSS,1.33626413671063,103.844907413472
HDB,138C LOR 1A TOA PAYOH,5 ROOM,TOA PAYOH,138C LOR 1A TOA PAYOH,TOA PAYOH,2020-08-01,938000.0,113.0,1216.32,771.18,13 TO 15,90 years 09 months,DBSS,1.33626413671063,103.844907413472
HDB,138C LOR 1A TOA PAYOH,5 ROOM,TOA PAYOH,138C LOR 1A TOA PAYOH,TOA PAYOH,2020-08-01,1035000.0,117.0,1259.38,821.84,28 TO 30,90 years 09 months,DBSS,1.33626413671063,103.844907413472
HDB,138C LOR 1A TOA PAYOH,5 ROOM,TOA PAYOH,138C LOR 1A TOA PAYOH,TOA PAYOH,2020-11-01,848000.0,113.0,1216.32,697.18,04 TO 06,90 years 07 months,DBSS,1.33626413671063,103.844907413472
HDB,138C LOR 1A TOA PAYOH,5 ROOM,TOA PAYOH,138C LOR 1A TOA PAYOH,TOA PAYOH,2021-01-01,963000.0,117.0,1259.38,764.66,19 TO 21,90 years 05 months,DBSS,1.33626413671063,103.844907413472
HDB,138C LOR 1A TOA PAYOH,5 ROOM,TOA PAYOH,138C LOR 1A TOA PAYOH,TOA PAYOH,2021-02-01,980000.0,117.0,1259.38,778.16,25 TO 27,90 years 03 months,DBSS,1.33626413671063,103.844907413472
HDB,138C LOR 1A TOA PAYOH,5 ROOM,TOA PAYOH,138C LOR 1A TOA PAYOH,TOA PAYOH,2021-02-01,1050000.0,114.0,1227.08,855.69,31 TO 33,90 years 04 months,DBSS,1.33626413671063,103.844907413472
HDB,138C LOR 1A TOA PAYOH,5 ROOM,TOA PAYOH,138C LOR 1A TOA PAYOH,TOA PAYOH,2021-03-01,1048888.0,114.0,1227.08,854.78,31 TO 33,90 years 02 months,DBSS,1.33626413671063,103.844907413472
HDB,138C LOR 1A TOA PAYOH,5 ROOM,TOA PAYOH,138C LOR 1A TOA PAYOH,TOA PAYOH,2021-04-01,808000.0,113.0,1216.32,664.3,01 TO 03,90 years 02 months,DBSS,1.33626413671063,103.844907413472
HDB,138C LOR 1A TOA PAYOH,5 ROOM,TOA PAYOH,138C LOR 1A TOA PAYOH,TOA PAYOH,2021-04-01,1000000.0,114.0,1227.08,814.94,25 TO 27,90 years 02 months,DBSS,1.33626413671063,103.844907413472
HDB,138C LOR 1A TOA PAYOH,5 ROOM,TOA PAYOH,138C LOR 1A TOA PAYOH,TOA PAYOH,2021-05-01,1132500.0,114.0,1227.08,922.92,37 TO 39,90 years,DBSS,1.33626413671063,103.844907413472
HDB,138C LOR 1A TOA PAYOH,5 ROOM,TOA PAYOH,138C LOR 1A TOA PAYOH,TOA PAYOH,2021-06-01,1100000.0,117.0,1259.38,873.45,34 TO 36,90 years,DBSS,1.33626413671063,103.844907413472
HDB,138C LOR 1A TOA PAYOH,5 ROOM,TOA PAYOH,138C LOR 1A TOA PAYOH,TOA PAYOH,2021-09-01,1000000.0,113.0,1216.32,822.15,16 TO 18,89 years 08 months,DBSS,1.33626413671063,103.844907413472
HDB,138C LOR 1A TOA PAYOH,5 ROOM,TOA PAYOH,138C LOR 1A TOA PAYOH,TOA PAYOH,2021-11-01,810000.0,110.0,1184.03,684.1,01 TO 03,89 years 07 months,DBSS,1.33626413671063,103.844907413472
HDB,138C LOR 1A TOA PAYOH,5 ROOM,TOA PAYOH,138C LOR 1A TOA PAYOH,TOA PAYOH,2021-12-01,1000000.0,110.0,1184.03,844.57,16 TO 18,89 years 05 months,DBSS,1.33626413671063,103.844907413472
HDB,138C LOR 1A TOA PAYOH,5 ROOM,TOA PAYOH,138C LOR 1A TOA PAYOH,TOA PAYOH,2022-01-01,1130000.0,117.0,1259.38,897.27,37 TO 39,89 years 04 months,DBSS,1.33626413671063,103.844907413472
HDB,138C LOR 1A TOA PAYOH,5 ROOM,TOA PAYOH,138C LOR 1A TOA PAYOH,TOA PAYOH,2022-02-01,1180000.0,114.0,1227.08,961.63,22 TO 24,89 years 04 months,DBSS,1.33626413671063,103.844907413472
HDB,138C LOR 1A TOA PAYOH,5 ROOM,TOA PAYOH,138C LOR 1A TOA PAYOH,TOA PAYOH,2022-03-01,1150000.0,117.0,1259.38,913.15,22 TO 24,89 years 02 months,DBSS,1.33626413671063,103.844907413472
HDB,138C LOR 1A TOA PAYOH,5 ROOM,TOA PAYOH,138C LOR 1A TOA PAYOH,TOA PAYOH,2022-04-01,1000000.0,110.0,1184.03,844.57,10 TO 12,89 years 01 month,DBSS,1.33626413671063,103.844907413472
HDB,138C LOR 1A TOA PAYOH,5 ROOM,TOA PAYOH,138C LOR 1A TOA PAYOH,TOA PAYOH,2022-04-01,1025000.0,117.0,1259.38,813.89,22 TO 24,88 years 11 months,DBSS,1.33626413671063,103.844907413472
HDB,138C LOR 1A TOA PAYOH,5 ROOM,TOA PAYOH,138C LOR 1A TOA PAYOH,TOA PAYOH,2022-06-01,1250000.0,114.0,1227.08,1018.67,37 TO 39,89 years,DBSS,1.33626413671063,103.844907413472
HDB,138C LOR 1A TOA PAYOH,5 ROOM,TOA PAYOH,138C LOR 1A TOA PAYOH,TOA PAYOH,2022-09-01,948000.0,113.0,1216.32,779.4,13 TO 15,88 years 08 months,DBSS,1.33626413671063,103.844907413472
HDB,138C LOR 1A TOA PAYOH,5 ROOM,TOA PAYOH,138C LOR 1A TOA PAYOH,TOA PAYOH,2022-11-01,1345000.0,114.0,1227.08,1096.09,37 TO 39,88 years 06 months,DBSS,1.33626413671063,103.844907413472
HDB,138C LOR 1A TOA PAYOH,5 ROOM,TOA PAYOH,138C LOR 1A TOA PAYOH,TOA PAYOH,2023-02-01,1120000.0,113.0,1216.32,920.81,07 TO 09,88 years 04 months,DBSS,1.33626413671063,103.844907413472
HDB,138C LOR 1A TOA PAYOH,5 ROOM,TOA PAYOH,138C LOR 1A TOA PAYOH,TOA PAYOH,2023-03-01,1068000.0,110.0,1184.03,902.0,07 TO 09,88 years 03 months,DBSS,1.33626413671063,103.844907413472
HDB,138C LOR 1A TOA PAYOH,5 ROOM,TOA PAYOH,138C LOR 1A TOA PAYOH,TOA PAYOH,2023-07-01,1328000.0,117.0,1259.38,1054.49,37 TO 39,87 years 10 months,DBSS,1.33626413671063,103.844907413472
HDB,138C LOR 1A TOA PAYOH,5 ROOM,TOA PAYOH,138C LOR 1A TOA PAYOH,TOA PAYOH,2023-07-01,1380000.0,114.0,1227.08,1124.62,34 TO 36,87 years 10 months,DBSS,1.33626413671063,103.844907413472
HDB,138C LOR 1A TOA PAYOH,5 ROOM,TOA PAYOH,138C LOR 1A TOA PAYOH,TOA PAYOH,2023-09-01,1378888.0,114.0,1227.08,1123.71,25 TO 27,87 years 08 months,DBSS,1.33626413671063,103.844907413472
HDB,138C LOR 1A TOA PAYOH,5 ROOM,TOA PAYOH,138C LOR 1A TOA PAYOH,TOA PAYOH,2024-01-01,1540000.0,117.0,1259.38,1222.83,31 TO 33,87 years 03 months,DBSS,1.33626413671063,103.844907413472
HDB,138C LOR 1A TOA PAYOH,5 ROOM,TOA PAYOH,138C LOR 1A TOA PAYOH,TOA PAYOH,2024-05-01,1310000.0,110.0,1184.03,1106.39,16 TO 18,87 years,DBSS,1.33626413671063,103.844907413472
HDB,138C LOR 1A TOA PAYOH,5 ROOM,TOA PAYOH,138C LOR 1A TOA PAYOH,TOA PAYOH,2024-06-01,1503888.0,114.0,1227.08,1225.58,34 TO 36,86 years 11 months,DBSS,1.33626413671063,103.844907413472
HDB,138C LOR 1A TOA PAYOH,5 ROOM,TOA PAYOH,138C LOR 1A TOA PAYOH,TOA PAYOH,2024-11-01,1300000.0,110.0,1184.03,1097.95,16 TO 18,86 years 07 months,DBSS,1.33626413671063,103.844907413472
HDB,138C LOR 1A TOA PAYOH,5 ROOM,TOA PAYOH,138C LOR 1A TOA PAYOH,TOA PAYOH,2024-12-01,1370000.0,114.0,1227.08,1116.47,25 TO 27,86 years 06 months,DBSS,1.33626413671063,103.844907413472
HDB,138C LOR 1A TOA PAYOH,5 ROOM,TOA PAYOH,138C LOR 1A TOA PAYOH,TOA PAYOH,2025-02-01,1558000.0,117.0,1259.38,1237.12,31 TO 33,86 years 03 months,DBSS,1.33626413671063,103.844907413472
HDB,138C LOR 1A TOA PAYOH,5 ROOM,TOA PAYOH,138C LOR 1A TOA PAYOH,TOA PAYOH,2025-07-01,1240000.0,113.0,1216.32,1019.47,10 TO 12,85 years 10 months,DBSS,1.33626413671063,103.844907413472
HDB,138C LOR 1A TOA PAYOH,5 ROOM,TOA PAYOH,138C LOR 1A TOA PAYOH,TOA PAYOH,2025-10-01,1460000.0,114.0,1227.08,1189.81,25 TO 27,85 years 07 months,DBSS,1.33626413671063,103.844907413472
HDB,138C LOR 1A TOA PAYOH,5 ROOM,TOA PAYOH,138C LOR 1A TOA PAYOH,TOA PAYOH,2026-02-01,1480000.0,114.0,1227.08,1206.11,37 TO 39,85 years 03 months,DBSS,1.33626413671063,103.844907413472
HDB,138C LOR 1A TOA PAYOH,5 ROOM,TOA PAYOH,138C LOR 1A TOA PAYOH,TOA PAYOH,2026-04-01,1275000.0,113.0,1216.32,1048.24,04 TO 06,85 years 01 month,DBSS,1.33626413671063,103.844907413472
HDB,138C LOR 1A TOA PAYOH,5 ROOM,TOA PAYOH,138C LOR 1A TOA PAYOH,TOA PAYOH,2026-05-01,1340000.0,110.0,1184.03,1131.73,10 TO 12,85 years,DBSS,1.33626413671063,103.844907413472
HDB,138C LOR 1A TOA PAYOH,5 ROOM,TOA PAYOH,138C LOR 1A TOA PAYOH,TOA PAYOH,2026-06-01,1430000.0,117.0,1259.38,1135.48,28 TO 30,84 years 11 months,DBSS,1.33626413671063,103.844907413472
HDB,139 BISHAN ST 12,5 ROOM,BISHAN,139 BISHAN ST 12,BISHAN,2021-10-01,650000.0,123.0,1323.96,490.95,01 TO 03,65 years 11 months,Improved,1.34524700566957,103.852692218003
HDB,139A LOR 1A TOA PAYOH,5 ROOM,TOA PAYOH,139A LOR 1A TOA PAYOH,TOA PAYOH,2017-06-01,970000.0,117.0,1259.38,770.22,25 TO 27,93 years 11 months,DBSS,1.33627775831234,103.844044881122
HDB,139A LOR 1A TOA PAYOH,5 ROOM,TOA PAYOH,139A LOR 1A TOA PAYOH,TOA PAYOH,2017-07-01,970000.0,117.0,1259.38,770.22,25 TO 27,93 years 10 months,DBSS,1.33627775831234,103.844044881122
HDB,139A LOR 1A TOA PAYOH,5 ROOM,TOA PAYOH,139A LOR 1A TOA PAYOH,TOA PAYOH,2017-07-01,1010000.0,117.0,1259.38,801.98,37 TO 39,93 years 10 months,DBSS,1.33627775831234,103.844044881122
HDB,139A LOR 1A TOA PAYOH,5 ROOM,TOA PAYOH,139A LOR 1A TOA PAYOH,TOA PAYOH,2017-08-01,916888.0,117.0,1259.38,728.05,22 TO 24,93 years 08 months,DBSS,1.33627775831234,103.844044881122
HDB,139A LOR 1A TOA PAYOH,5 ROOM,TOA PAYOH,139A LOR 1A TOA PAYOH,TOA PAYOH,2017-08-01,938000.0,113.0,1216.32,771.18,13 TO 15,93 years 09 months,DBSS,1.33627775831234,103.844044881122
HDB,139A LOR 1A TOA PAYOH,5 ROOM,TOA PAYOH,139A LOR 1A TOA PAYOH,TOA PAYOH,2017-08-01,985000.0,117.0,1259.38,782.13,28 TO 30,93 years 09 months,DBSS,1.33627775831234,103.844044881122
HDB,139A LOR 1A TOA PAYOH,5 ROOM,TOA PAYOH,139A LOR 1A TOA PAYOH,TOA PAYOH,2017-08-01,985000.0,114.0,1227.08,802.72,34 TO 36,93 years 10 months,DBSS,1.33627775831234,103.844044881122
HDB,139A LOR 1A TOA PAYOH,5 ROOM,TOA PAYOH,139A LOR 1A TOA PAYOH,TOA PAYOH,2017-09-01,880000.0,113.0,1216.32,723.49,13 TO 15,93 years 08 months,DBSS,1.33627775831234,103.844044881122
HDB,139A LOR 1A TOA PAYOH,5 ROOM,TOA PAYOH,139A LOR 1A TOA PAYOH,TOA PAYOH,2017-11-01,993000.0,114.0,1227.08,809.24,37 TO 39,93 years 06 months,DBSS,1.33627775831234,103.844044881122
HDB,139A LOR 1A TOA PAYOH,5 ROOM,TOA PAYOH,139A LOR 1A TOA PAYOH,TOA PAYOH,2017-11-01,1033800.0,117.0,1259.38,820.88,37 TO 39,93 years 06 months,DBSS,1.33627775831234,103.844044881122
HDB,139A LOR 1A TOA PAYOH,5 ROOM,TOA PAYOH,139A LOR 1A TOA PAYOH,TOA PAYOH,2017-11-01,1050000.0,114.0,1227.08,855.69,40 TO 42,93 years 05 months,DBSS,1.33627775831234,103.844044881122
HDB,139A LOR 1A TOA PAYOH,5 ROOM,TOA PAYOH,139A LOR 1A TOA PAYOH,TOA PAYOH,2017-12-01,800000.0,113.0,1216.32,657.72,01 TO 03,93 years 05 months,DBSS,1.33627775831234,103.844044881122
HDB,139A LOR 1A TOA PAYOH,5 ROOM,TOA PAYOH,139A LOR 1A TOA PAYOH,TOA PAYOH,2017-12-01,934000.0,117.0,1259.38,741.64,22 TO 24,93 years 05 months,DBSS,1.33627775831234,103.844044881122
HDB,139A LOR 1A TOA PAYOH,5 ROOM,TOA PAYOH,139A LOR 1A TOA PAYOH,TOA PAYOH,2018-01-01,825000.0,113.0,1216.32,678.28,04 TO 06,93 years 04 months,DBSS,1.33627775831234,103.844044881122
HDB,139A LOR 1A TOA PAYOH,5 ROOM,TOA PAYOH,139A LOR 1A TOA PAYOH,TOA PAYOH,2018-01-01,900000.0,114.0,1227.08,733.45,28 TO 30,93 years 04 months,DBSS,1.33627775831234,103.844044881122
HDB,139A LOR 1A TOA PAYOH,5 ROOM,TOA PAYOH,139A LOR 1A TOA PAYOH,TOA PAYOH,2018-02-01,773000.0,110.0,1184.03,652.86,04 TO 06,93 years 03 months,DBSS,1.33627775831234,103.844044881122
HDB,139A LOR 1A TOA PAYOH,5 ROOM,TOA PAYOH,139A LOR 1A TOA PAYOH,TOA PAYOH,2018-02-01,920000.0,117.0,1259.38,730.52,19 TO 21,93 years 03 months,DBSS,1.33627775831234,103.844044881122
HDB,139A LOR 1A TOA PAYOH,5 ROOM,TOA PAYOH,139A LOR 1A TOA PAYOH,TOA PAYOH,2018-03-01,828888.0,110.0,1184.03,700.06,04 TO 06,93 years 02 months,DBSS,1.33627775831234,103.844044881122
HDB,139A LOR 1A TOA PAYOH,5 ROOM,TOA PAYOH,139A LOR 1A TOA PAYOH,TOA PAYOH,2018-03-01,930000.0,114.0,1227.08,757.89,25 TO 27,93 years 02 months,DBSS,1.33627775831234,103.844044881122
HDB,139A LOR 1A TOA PAYOH,5 ROOM,TOA PAYOH,139A LOR 1A TOA PAYOH,TOA PAYOH,2018-03-01,985000.0,117.0,1259.38,782.13,28 TO 30,93 years 02 months,DBSS,1.33627775831234,103.844044881122
HDB,139A LOR 1A TOA PAYOH,5 ROOM,TOA PAYOH,139A LOR 1A TOA PAYOH,TOA PAYOH,2018-04-01,785000.0,113.0,1216.32,645.39,04 TO 06,92 years 11 months,DBSS,1.33627775831234,103.844044881122
HDB,139A LOR 1A TOA PAYOH,5 ROOM,TOA PAYOH,139A LOR 1A TOA PAYOH,TOA PAYOH,2018-04-01,796000.0,113.0,1216.32,654.43,01 TO 03,92 years 11 months,DBSS,1.33627775831234,103.844044881122
HDB,139A LOR 1A TOA PAYOH,5 ROOM,TOA PAYOH,139A LOR 1A TOA PAYOH,TOA PAYOH,2018-04-01,813000.0,110.0,1184.03,686.64,04 TO 06,93 years 01 month,DBSS,1.33627775831234,103.844044881122
HDB,139A LOR 1A TOA PAYOH,5 ROOM,TOA PAYOH,139A LOR 1A TOA PAYOH,TOA PAYOH,2018-04-01,850000.0,113.0,1216.32,698.83,10 TO 12,92 years 11 months,DBSS,1.33627775831234,103.844044881122
HDB,139A LOR 1A TOA PAYOH,5 ROOM,TOA PAYOH,139A LOR 1A TOA PAYOH,TOA PAYOH,2018-05-01,960000.0,114.0,1227.08,782.34,31 TO 33,93 years,DBSS,1.33627775831234,103.844044881122
HDB,139A LOR 1A TOA PAYOH,5 ROOM,TOA PAYOH,139A LOR 1A TOA PAYOH,TOA PAYOH,2018-05-01,966000.0,114.0,1227.08,787.23,34 TO 36,93 years,DBSS,1.33627775831234,103.844044881122
HDB,139A LOR 1A TOA PAYOH,5 ROOM,TOA PAYOH,139A LOR 1A TOA PAYOH,TOA PAYOH,2018-06-01,856000.0,110.0,1184.03,722.96,10 TO 12,92 years 11 months,DBSS,1.33627775831234,103.844044881122
HDB,139A LOR 1A TOA PAYOH,5 ROOM,TOA PAYOH,139A LOR 1A TOA PAYOH,TOA PAYOH,2018-06-01,945000.0,114.0,1227.08,770.12,22 TO 24,92 years 11 months,DBSS,1.33627775831234,103.844044881122
HDB,139A LOR 1A TOA PAYOH,5 ROOM,TOA PAYOH,139A LOR 1A TOA PAYOH,TOA PAYOH,2018-06-01,988000.0,117.0,1259.38,784.52,28 TO 30,92 years 11 months,DBSS,1.33627775831234,103.844044881122
HDB,139A LOR 1A TOA PAYOH,5 ROOM,TOA PAYOH,139A LOR 1A TOA PAYOH,TOA PAYOH,2018-07-01,957000.0,114.0,1227.08,779.9,31 TO 33,92 years 10 months,DBSS,1.33627775831234,103.844044881122
HDB,139A LOR 1A TOA PAYOH,5 ROOM,TOA PAYOH,139A LOR 1A TOA PAYOH,TOA PAYOH,2018-07-01,970888.0,117.0,1259.38,770.93,25 TO 27,92 years 10 months,DBSS,1.33627775831234,103.844044881122
HDB,139A LOR 1A TOA PAYOH,5 ROOM,TOA PAYOH,139A LOR 1A TOA PAYOH,TOA PAYOH,2018-08-01,890000.0,110.0,1184.03,751.67,10 TO 12,92 years 09 months,DBSS,1.33627775831234,103.844044881122
HDB,139A LOR 1A TOA PAYOH,5 ROOM,TOA PAYOH,139A LOR 1A TOA PAYOH,TOA PAYOH,2018-08-01,1160888.0,117.0,1259.38,921.8,40 TO 42,92 years 09 months,DBSS,1.33627775831234,103.844044881122
HDB,139A LOR 1A TOA PAYOH,5 ROOM,TOA PAYOH,139A LOR 1A TOA PAYOH,TOA PAYOH,2018-09-01,888000.0,113.0,1216.32,730.07,10 TO 12,92 years 07 months,DBSS,1.33627775831234,103.844044881122
HDB,139A LOR 1A TOA PAYOH,5 ROOM,TOA PAYOH,139A LOR 1A TOA PAYOH,TOA PAYOH,2018-10-01,1030000.0,117.0,1259.38,817.87,31 TO 33,92 years 07 months,DBSS,1.33627775831234,103.844044881122
HDB,139A LOR 1A TOA PAYOH,5 ROOM,TOA PAYOH,139A LOR 1A TOA PAYOH,TOA PAYOH,2018-11-01,898000.0,110.0,1184.03,758.43,13 TO 15,92 years 06 months,DBSS,1.33627775831234,103.844044881122
HDB,139A LOR 1A TOA PAYOH,5 ROOM,TOA PAYOH,139A LOR 1A TOA PAYOH,TOA PAYOH,2019-02-01,1008000.0,114.0,1227.08,821.46,28 TO 30,92 years 03 months,DBSS,1.33627775831234,103.844044881122
HDB,139A LOR 1A TOA PAYOH,5 ROOM,TOA PAYOH,139A LOR 1A TOA PAYOH,TOA PAYOH,2019-04-01,890000.0,110.0,1184.03,751.67,07 TO 09,92 years 01 month,DBSS,1.33627775831234,103.844044881122
HDB,139A LOR 1A TOA PAYOH,5 ROOM,TOA PAYOH,139A LOR 1A TOA PAYOH,TOA PAYOH,2019-06-01,918000.0,114.0,1227.08,748.11,19 TO 21,91 years 11 months,DBSS,1.33627775831234,103.844044881122
HDB,139A LOR 1A TOA PAYOH,5 ROOM,TOA PAYOH,139A LOR 1A TOA PAYOH,TOA PAYOH,2019-08-01,835000.0,113.0,1216.32,686.5,04 TO 06,91 years 08 months,DBSS,1.33627775831234,103.844044881122
HDB,139A LOR 1A TOA PAYOH,5 ROOM,TOA PAYOH,139A LOR 1A TOA PAYOH,TOA PAYOH,2019-10-01,903000.0,110.0,1184.03,762.65,07 TO 09,91 years 07 months,DBSS,1.33627775831234,103.844044881122
HDB,139A LOR 1A TOA PAYOH,5 ROOM,TOA PAYOH,139A LOR 1A TOA PAYOH,TOA PAYOH,2019-10-01,980000.0,114.0,1227.08,798.64,25 TO 27,91 years 07 months,DBSS,1.33627775831234,103.844044881122
HDB,139A LOR 1A TOA PAYOH,5 ROOM,TOA PAYOH,139A LOR 1A TOA PAYOH,TOA PAYOH,2020-07-01,935000.0,110.0,1184.03,789.68,16 TO 18,90 years 10 months,DBSS,1.33627775831234,103.844044881122
HDB,139A LOR 1A TOA PAYOH,5 ROOM,TOA PAYOH,139A LOR 1A TOA PAYOH,TOA PAYOH,2020-09-01,825000.0,113.0,1216.32,678.28,01 TO 03,90 years 08 months,DBSS,1.33627775831234,103.844044881122
HDB,139A LOR 1A TOA PAYOH,5 ROOM,TOA PAYOH,139A LOR 1A TOA PAYOH,TOA PAYOH,2020-09-01,912888.0,113.0,1216.32,750.53,10 TO 12,90 years 08 months,DBSS,1.33627775831234,103.844044881122
HDB,139A LOR 1A TOA PAYOH,5 ROOM,TOA PAYOH,139A LOR 1A TOA PAYOH,TOA PAYOH,2020-11-01,1090000.0,114.0,1227.08,888.28,37 TO 39,90 years 06 months,DBSS,1.33627775831234,103.844044881122
HDB,139A LOR 1A TOA PAYOH,5 ROOM,TOA PAYOH,139A LOR 1A TOA PAYOH,TOA PAYOH,2020-12-01,1160000.0,114.0,1227.08,945.33,40 TO 42,90 years 06 months,DBSS,1.33627775831234,103.844044881122
HDB,139A LOR 1A TOA PAYOH,5 ROOM,TOA PAYOH,139A LOR 1A TOA PAYOH,TOA PAYOH,2021-02-01,905000.0,113.0,1216.32,744.05,07 TO 09,90 years 03 months,DBSS,1.33627775831234,103.844044881122
HDB,139A LOR 1A TOA PAYOH,5 ROOM,TOA PAYOH,139A LOR 1A TOA PAYOH,TOA PAYOH,2021-02-01,905000.0,110.0,1184.03,764.34,10 TO 12,90 years 04 months,DBSS,1.33627775831234,103.844044881122
HDB,139A LOR 1A TOA PAYOH,5 ROOM,TOA PAYOH,139A LOR 1A TOA PAYOH,TOA PAYOH,2021-02-01,912000.0,110.0,1184.03,770.25,10 TO 12,90 years 03 months,DBSS,1.33627775831234,103.844044881122
HDB,139A LOR 1A TOA PAYOH,5 ROOM,TOA PAYOH,139A LOR 1A TOA PAYOH,TOA PAYOH,2021-02-01,940000.0,110.0,1184.03,793.9,13 TO 15,90 years 03 months,DBSS,1.33627775831234,103.844044881122
HDB,139A LOR 1A TOA PAYOH,5 ROOM,TOA PAYOH,139A LOR 1A TOA PAYOH,TOA PAYOH,2021-02-01,1045000.0,117.0,1259.38,829.78,31 TO 33,90 years 03 months,DBSS,1.33627775831234,103.844044881122
HDB,139A LOR 1A TOA PAYOH,5 ROOM,TOA PAYOH,139A LOR 1A TOA PAYOH,TOA PAYOH,2021-06-01,945000.0,113.0,1216.32,776.93,10 TO 12,89 years 11 months,DBSS,1.33627775831234,103.844044881122
HDB,139A LOR 1A TOA PAYOH,5 ROOM,TOA PAYOH,139A LOR 1A TOA PAYOH,TOA PAYOH,2021-06-01,1160000.0,117.0,1259.38,921.09,37 TO 39,90 years,DBSS,1.33627775831234,103.844044881122
HDB,139A LOR 1A TOA PAYOH,5 ROOM,TOA PAYOH,139A LOR 1A TOA PAYOH,TOA PAYOH,2021-07-01,965000.0,113.0,1216.32,793.38,10 TO 12,89 years 10 months,DBSS,1.33627775831234,103.844044881122
HDB,139A LOR 1A TOA PAYOH,5 ROOM,TOA PAYOH,139A LOR 1A TOA PAYOH,TOA PAYOH,2021-11-01,910000.0,113.0,1216.32,748.16,13 TO 15,89 years 08 months,DBSS,1.33627775831234,103.844044881122
HDB,139A LOR 1A TOA PAYOH,5 ROOM,TOA PAYOH,139A LOR 1A TOA PAYOH,TOA PAYOH,2021-12-01,1160000.0,117.0,1259.38,921.09,31 TO 33,89 years 05 months,DBSS,1.33627775831234,103.844044881122
HDB,139A LOR 1A TOA PAYOH,5 ROOM,TOA PAYOH,139A LOR 1A TOA PAYOH,TOA PAYOH,2021-12-01,1220000.0,117.0,1259.38,968.73,34 TO 36,89 years 05 months,DBSS,1.33627775831234,103.844044881122
HDB,139A LOR 1A TOA PAYOH,5 ROOM,TOA PAYOH,139A LOR 1A TOA PAYOH,TOA PAYOH,2022-02-01,1288000.0,117.0,1259.38,1022.73,37 TO 39,89 years 03 months,DBSS,1.33627775831234,103.844044881122
HDB,139A LOR 1A TOA PAYOH,5 ROOM,TOA PAYOH,139A LOR 1A TOA PAYOH,TOA PAYOH,2022-03-01,1180000.0,114.0,1227.08,961.63,31 TO 33,89 years 02 months,DBSS,1.33627775831234,103.844044881122
HDB,139A LOR 1A TOA PAYOH,5 ROOM,TOA PAYOH,139A LOR 1A TOA PAYOH,TOA PAYOH,2022-07-01,1180000.0,113.0,1216.32,970.14,16 TO 18,88 years 11 months,DBSS,1.33627775831234,103.844044881122
HDB,139A LOR 1A TOA PAYOH,5 ROOM,TOA PAYOH,139A LOR 1A TOA PAYOH,TOA PAYOH,2022-07-01,1280000.0,117.0,1259.38,1016.38,34 TO 36,88 years 10 months,DBSS,1.33627775831234,103.844044881122
HDB,139A LOR 1A TOA PAYOH,5 ROOM,TOA PAYOH,139A LOR 1A TOA PAYOH,TOA PAYOH,2022-08-01,1050000.0,114.0,1227.08,855.69,25 TO 27,88 years 10 months,DBSS,1.33627775831234,103.844044881122
HDB,139A LOR 1A TOA PAYOH,5 ROOM,TOA PAYOH,139A LOR 1A TOA PAYOH,TOA PAYOH,2022-09-01,1270000.0,117.0,1259.38,1008.44,28 TO 30,88 years 09 months,DBSS,1.33627775831234,103.844044881122
HDB,139A LOR 1A TOA PAYOH,5 ROOM,TOA PAYOH,139A LOR 1A TOA PAYOH,TOA PAYOH,2023-03-01,1300000.0,117.0,1259.38,1032.26,28 TO 30,88 years 02 months,DBSS,1.33627775831234,103.844044881122
HDB,139A LOR 1A TOA PAYOH,5 ROOM,TOA PAYOH,139A LOR 1A TOA PAYOH,TOA PAYOH,2023-11-01,1075000.0,110.0,1184.03,907.92,04 TO 06,87 years 06 months,DBSS,1.33627775831234,103.844044881122
HDB,139A LOR 1A TOA PAYOH,5 ROOM,TOA PAYOH,139A LOR 1A TOA PAYOH,TOA PAYOH,2023-12-01,1215000.0,113.0,1216.32,998.91,13 TO 15,87 years 05 months,DBSS,1.33627775831234,103.844044881122
HDB,139A LOR 1A TOA PAYOH,5 ROOM,TOA PAYOH,139A LOR 1A TOA PAYOH,TOA PAYOH,2024-01-01,1568888.0,117.0,1259.38,1245.77,40 TO 42,87 years 04 months,DBSS,1.33627775831234,103.844044881122
HDB,139A LOR 1A TOA PAYOH,5 ROOM,TOA PAYOH,139A LOR 1A TOA PAYOH,TOA PAYOH,2024-03-01,1088888.0,113.0,1216.32,895.23,01 TO 03,87 years 02 months,DBSS,1.33627775831234,103.844044881122
HDB,139A LOR 1A TOA PAYOH,5 ROOM,TOA PAYOH,139A LOR 1A TOA PAYOH,TOA PAYOH,2024-04-01,1400000.0,117.0,1259.38,1111.66,25 TO 27,87 years 02 months,DBSS,1.33627775831234,103.844044881122
HDB,139A LOR 1A TOA PAYOH,5 ROOM,TOA PAYOH,139A LOR 1A TOA PAYOH,TOA PAYOH,2024-06-01,1280000.0,114.0,1227.08,1043.12,19 TO 21,87 years,DBSS,1.33627775831234,103.844044881122
HDB,139A LOR 1A TOA PAYOH,5 ROOM,TOA PAYOH,139A LOR 1A TOA PAYOH,TOA PAYOH,2024-06-01,1540000.0,117.0,1259.38,1222.83,31 TO 33,86 years 11 months,DBSS,1.33627775831234,103.844044881122
HDB,139A LOR 1A TOA PAYOH,5 ROOM,TOA PAYOH,139A LOR 1A TOA PAYOH,TOA PAYOH,2024-07-01,1428000.0,114.0,1227.08,1163.73,25 TO 27,86 years 11 months,DBSS,1.33627775831234,103.844044881122
HDB,139A LOR 1A TOA PAYOH,5 ROOM,TOA PAYOH,139A LOR 1A TOA PAYOH,TOA PAYOH,2024-11-01,1460000.0,114.0,1227.08,1189.81,22 TO 24,86 years 07 months,DBSS,1.33627775831234,103.844044881122
HDB,139A LOR 1A TOA PAYOH,5 ROOM,TOA PAYOH,139A LOR 1A TOA PAYOH,TOA PAYOH,2024-12-01,1500000.0,114.0,1227.08,1222.41,31 TO 33,86 years 06 months,DBSS,1.33627775831234,103.844044881122
HDB,139A LOR 1A TOA PAYOH,5 ROOM,TOA PAYOH,139A LOR 1A TOA PAYOH,TOA PAYOH,2025-01-01,1500888.0,117.0,1259.38,1191.77,22 TO 24,86 years 05 months,DBSS,1.33627775831234,103.844044881122
HDB,139A LOR 1A TOA PAYOH,5 ROOM,TOA PAYOH,139A LOR 1A TOA PAYOH,TOA PAYOH,2025-02-01,1268888.0,113.0,1216.32,1043.22,07 TO 09,86 years 04 months,DBSS,1.33627775831234,103.844044881122
HDB,139A LOR 1A TOA PAYOH,5 ROOM,TOA PAYOH,139A LOR 1A TOA PAYOH,TOA PAYOH,2025-03-01,1280000.0,110.0,1184.03,1081.05,07 TO 09,86 years 03 months,DBSS,1.33627775831234,103.844044881122
HDB,139A LOR 1A TOA PAYOH,5 ROOM,TOA PAYOH,139A LOR 1A TOA PAYOH,TOA PAYOH,2025-06-01,1285000.0,117.0,1259.38,1020.35,28 TO 30,85 years 11 months,DBSS,1.33627775831234,103.844044881122
HDB,139A LOR 1A TOA PAYOH,5 ROOM,TOA PAYOH,139A LOR 1A TOA PAYOH,TOA PAYOH,2025-07-01,1423888.0,117.0,1259.38,1130.63,19 TO 21,85 years 11 months,DBSS,1.33627775831234,103.844044881122
HDB,139A LOR 1A TOA PAYOH,5 ROOM,TOA PAYOH,139A LOR 1A TOA PAYOH,TOA PAYOH,2025-11-01,1345000.0,110.0,1184.03,1135.95,16 TO 18,85 years 07 months,DBSS,1.33627775831234,103.844044881122
HDB,139A LOR 1A TOA PAYOH,5 ROOM,TOA PAYOH,139A LOR 1A TOA PAYOH,TOA PAYOH,2025-12-01,1250888.0,110.0,1184.03,1056.47,10 TO 12,85 years 05 months,DBSS,1.33627775831234,103.844044881122
HDB,139A LOR 1A TOA PAYOH,5 ROOM,TOA PAYOH,139A LOR 1A TOA PAYOH,TOA PAYOH,2026-02-01,1210000.0,110.0,1184.03,1021.93,07 TO 09,85 years 03 months,DBSS,1.33627775831234,103.844044881122
HDB,139A LOR 1A TOA PAYOH,5 ROOM,TOA PAYOH,139A LOR 1A TOA PAYOH,TOA PAYOH,2026-03-01,1410000.0,117.0,1259.38,1119.6,19 TO 21,85 years 03 months,DBSS,1.33627775831234,103.844044881122
HDB,139A LOR 1A TOA PAYOH,5 ROOM,TOA PAYOH,139A LOR 1A TOA PAYOH,TOA PAYOH,2026-04-01,1430000.0,117.0,1259.38,1135.48,22 TO 24,85 years 01 month,DBSS,1.33627775831234,103.844044881122
HDB,139A LOR 1A TOA PAYOH,5 ROOM,TOA PAYOH,139A LOR 1A TOA PAYOH,TOA PAYOH,2026-07-01,1285000.0,113.0,1216.32,1056.46,07 TO 09,84 years 11 months,DBSS,1.33627775831234,103.844044881122
HDB,139B LOR 1A TOA PAYOH,5 ROOM,TOA PAYOH,139B LOR 1A TOA PAYOH,TOA PAYOH,2017-07-01,845000.0,110.0,1184.03,713.66,10 TO 12,93 years 10 months,DBSS,1.33671109109394,103.843878159336
HDB,139B LOR 1A TOA PAYOH,5 ROOM,TOA PAYOH,139B LOR 1A TOA PAYOH,TOA PAYOH,2017-07-01,850000.0,113.0,1216.32,698.83,04 TO 06,93 years 10 months,DBSS,1.33671109109394,103.843878159336
HDB,139B LOR 1A TOA PAYOH,5 ROOM,TOA PAYOH,139B LOR 1A TOA PAYOH,TOA PAYOH,2017-07-01,920000.0,117.0,1259.38,730.52,19 TO 21,93 years 09 months,DBSS,1.33671109109394,103.843878159336
HDB,139B LOR 1A TOA PAYOH,5 ROOM,TOA PAYOH,139B LOR 1A TOA PAYOH,TOA PAYOH,2017-07-01,950000.0,114.0,1227.08,774.19,25 TO 27,93 years 11 months,DBSS,1.33671109109394,103.843878159336
HDB,139B LOR 1A TOA PAYOH,5 ROOM,TOA PAYOH,139B LOR 1A TOA PAYOH,TOA PAYOH,2017-08-01,900000.0,113.0,1216.32,739.94,13 TO 15,93 years 09 months,DBSS,1.33671109109394,103.843878159336
HDB,139B LOR 1A TOA PAYOH,5 ROOM,TOA PAYOH,139B LOR 1A TOA PAYOH,TOA PAYOH,2017-08-01,900000.0,110.0,1184.03,760.12,16 TO 18,93 years 08 months,DBSS,1.33671109109394,103.843878159336
HDB,139B LOR 1A TOA PAYOH,5 ROOM,TOA PAYOH,139B LOR 1A TOA PAYOH,TOA PAYOH,2017-09-01,945000.0,114.0,1227.08,770.12,25 TO 27,93 years 07 months,DBSS,1.33671109109394,103.843878159336
HDB,139B LOR 1A TOA PAYOH,5 ROOM,TOA PAYOH,139B LOR 1A TOA PAYOH,TOA PAYOH,2017-09-01,959888.0,117.0,1259.38,762.19,19 TO 21,93 years 08 months,DBSS,1.33671109109394,103.843878159336
HDB,139B LOR 1A TOA PAYOH,5 ROOM,TOA PAYOH,139B LOR 1A TOA PAYOH,TOA PAYOH,2017-10-01,848000.0,113.0,1216.32,697.18,07 TO 09,93 years 07 months,DBSS,1.33671109109394,103.843878159336
HDB,139B LOR 1A TOA PAYOH,5 ROOM,TOA PAYOH,139B LOR 1A TOA PAYOH,TOA PAYOH,2017-11-01,890000.0,114.0,1227.08,725.3,28 TO 30,93 years 06 months,DBSS,1.33671109109394,103.843878159336
HDB,139B LOR 1A TOA PAYOH,5 ROOM,TOA PAYOH,139B LOR 1A TOA PAYOH,TOA PAYOH,2017-11-01,900000.0,114.0,1227.08,733.45,22 TO 24,93 years 07 months,DBSS,1.33671109109394,103.843878159336
HDB,139B LOR 1A TOA PAYOH,5 ROOM,TOA PAYOH,139B LOR 1A TOA PAYOH,TOA PAYOH,2017-11-01,925000.0,114.0,1227.08,753.82,22 TO 24,93 years 07 months,DBSS,1.33671109109394,103.843878159336
HDB,139B LOR 1A TOA PAYOH,5 ROOM,TOA PAYOH,139B LOR 1A TOA PAYOH,TOA PAYOH,2017-11-01,930000.0,114.0,1227.08,757.89,22 TO 24,93 years 06 months,DBSS,1.33671109109394,103.843878159336
HDB,139B LOR 1A TOA PAYOH,5 ROOM,TOA PAYOH,139B LOR 1A TOA PAYOH,TOA PAYOH,2017-11-01,978888.0,117.0,1259.38,777.28,37 TO 39,93 years 05 months,DBSS,1.33671109109394,103.843878159336
HDB,139B LOR 1A TOA PAYOH,5 ROOM,TOA PAYOH,139B LOR 1A TOA PAYOH,TOA PAYOH,2017-12-01,930000.0,114.0,1227.08,757.89,28 TO 30,93 years 05 months,DBSS,1.33671109109394,103.843878159336
HDB,139B LOR 1A TOA PAYOH,5 ROOM,TOA PAYOH,139B LOR 1A TOA PAYOH,TOA PAYOH,2017-12-01,1000000.0,114.0,1227.08,814.94,40 TO 42,93 years 05 months,DBSS,1.33671109109394,103.843878159336
HDB,139B LOR 1A TOA PAYOH,5 ROOM,TOA PAYOH,139B LOR 1A TOA PAYOH,TOA PAYOH,2018-02-01,905000.0,117.0,1259.38,718.61,19 TO 21,93 years 03 months,DBSS,1.33671109109394,103.843878159336
HDB,139B LOR 1A TOA PAYOH,5 ROOM,TOA PAYOH,139B LOR 1A TOA PAYOH,TOA PAYOH,2018-03-01,850000.0,110.0,1184.03,717.89,10 TO 12,93 years 02 months,DBSS,1.33671109109394,103.843878159336
HDB,139B LOR 1A TOA PAYOH,5 ROOM,TOA PAYOH,139B LOR 1A TOA PAYOH,TOA PAYOH,2018-03-01,953000.0,117.0,1259.38,756.72,31 TO 33,93 years 02 months,DBSS,1.33671109109394,103.843878159336
HDB,139B LOR 1A TOA PAYOH,5 ROOM,TOA PAYOH,139B LOR 1A TOA PAYOH,TOA PAYOH,2018-03-01,1040000.0,117.0,1259.38,825.81,40 TO 42,93 years 02 months,DBSS,1.33671109109394,103.843878159336
HDB,139B LOR 1A TOA PAYOH,5 ROOM,TOA PAYOH,139B LOR 1A TOA PAYOH,TOA PAYOH,2018-04-01,883000.0,110.0,1184.03,745.76,16 TO 18,92 years 11 months,DBSS,1.33671109109394,103.843878159336
HDB,139B LOR 1A TOA PAYOH,5 ROOM,TOA PAYOH,139B LOR 1A TOA PAYOH,TOA PAYOH,2018-04-01,900000.0,113.0,1216.32,739.94,13 TO 15,92 years 11 months,DBSS,1.33671109109394,103.843878159336
HDB,139B LOR 1A TOA PAYOH,5 ROOM,TOA PAYOH,139B LOR 1A TOA PAYOH,TOA PAYOH,2018-04-01,930000.0,114.0,1227.08,757.89,31 TO 33,93 years 02 months,DBSS,1.33671109109394,103.843878159336
HDB,139B LOR 1A TOA PAYOH,5 ROOM,TOA PAYOH,139B LOR 1A TOA PAYOH,TOA PAYOH,2018-04-01,933000.0,117.0,1259.38,740.84,25 TO 27,92 years 11 months,DBSS,1.33671109109394,103.843878159336
HDB,139B LOR 1A TOA PAYOH,5 ROOM,TOA PAYOH,139B LOR 1A TOA PAYOH,TOA PAYOH,2018-04-01,1000000.0,114.0,1227.08,814.94,40 TO 42,93 years 02 months,DBSS,1.33671109109394,103.843878159336
HDB,139B LOR 1A TOA PAYOH,5 ROOM,TOA PAYOH,139B LOR 1A TOA PAYOH,TOA PAYOH,2018-05-01,800000.0,113.0,1216.32,657.72,01 TO 03,93 years,DBSS,1.33671109109394,103.843878159336
HDB,139B LOR 1A TOA PAYOH,5 ROOM,TOA PAYOH,139B LOR 1A TOA PAYOH,TOA PAYOH,2018-05-01,960000.0,114.0,1227.08,782.34,31 TO 33,93 years,DBSS,1.33671109109394,103.843878159336
HDB,139B LOR 1A TOA PAYOH,5 ROOM,TOA PAYOH,139B LOR 1A TOA PAYOH,TOA PAYOH,2018-06-01,825000.0,113.0,1216.32,678.28,04 TO 06,92 years 11 months,DBSS,1.33671109109394,103.843878159336
HDB,139B LOR 1A TOA PAYOH,5 ROOM,TOA PAYOH,139B LOR 1A TOA PAYOH,TOA PAYOH,2018-06-01,840000.0,110.0,1184.03,709.44,07 TO 09,92 years 11 months,DBSS,1.33671109109394,103.843878159336
HDB,139B LOR 1A TOA PAYOH,5 ROOM,TOA PAYOH,139B LOR 1A TOA PAYOH,TOA PAYOH,2018-06-01,860000.0,113.0,1216.32,707.05,04 TO 06,93 years,DBSS,1.33671109109394,103.843878159336
HDB,139B LOR 1A TOA PAYOH,5 ROOM,TOA PAYOH,139B LOR 1A TOA PAYOH,TOA PAYOH,2018-06-01,903888.0,113.0,1216.32,743.13,16 TO 18,92 years 11 months,DBSS,1.33671109109394,103.843878159336
HDB,139B LOR 1A TOA PAYOH,5 ROOM,TOA PAYOH,139B LOR 1A TOA PAYOH,TOA PAYOH,2018-06-01,1015000.0,117.0,1259.38,805.95,31 TO 33,92 years 11 months,DBSS,1.33671109109394,103.843878159336
HDB,139B LOR 1A TOA PAYOH,5 ROOM,TOA PAYOH,139B LOR 1A TOA PAYOH,TOA PAYOH,2018-08-01,828000.0,110.0,1184.03,699.31,04 TO 06,92 years 09 months,DBSS,1.33671109109394,103.843878159336
HDB,139B LOR 1A TOA PAYOH,5 ROOM,TOA PAYOH,139B LOR 1A TOA PAYOH,TOA PAYOH,2018-11-01,825000.0,113.0,1216.32,678.28,01 TO 03,92 years 05 months,DBSS,1.33671109109394,103.843878159336
HDB,139B LOR 1A TOA PAYOH,5 ROOM,TOA PAYOH,139B LOR 1A TOA PAYOH,TOA PAYOH,2019-01-01,818000.0,110.0,1184.03,690.86,01 TO 03,92 years 04 months,DBSS,1.33671109109394,103.843878159336
HDB,139B LOR 1A TOA PAYOH,5 ROOM,TOA PAYOH,139B LOR 1A TOA PAYOH,TOA PAYOH,2019-01-01,1150000.0,117.0,1259.38,913.15,40 TO 42,92 years 04 months,DBSS,1.33671109109394,103.843878159336
HDB,139B LOR 1A TOA PAYOH,5 ROOM,TOA PAYOH,139B LOR 1A TOA PAYOH,TOA PAYOH,2019-03-01,1068000.0,117.0,1259.38,848.04,37 TO 39,92 years 02 months,DBSS,1.33671109109394,103.843878159336
HDB,139B LOR 1A TOA PAYOH,5 ROOM,TOA PAYOH,139B LOR 1A TOA PAYOH,TOA PAYOH,2019-04-01,878888.0,110.0,1184.03,742.29,04 TO 06,91 years 11 months,DBSS,1.33671109109394,103.843878159336
HDB,139B LOR 1A TOA PAYOH,5 ROOM,TOA PAYOH,139B LOR 1A TOA PAYOH,TOA PAYOH,2019-06-01,895000.0,113.0,1216.32,735.83,07 TO 09,91 years 10 months,DBSS,1.33671109109394,103.843878159336
HDB,139B LOR 1A TOA PAYOH,5 ROOM,TOA PAYOH,139B LOR 1A TOA PAYOH,TOA PAYOH,2019-06-01,1065000.0,114.0,1227.08,867.91,28 TO 30,91 years 11 months,DBSS,1.33671109109394,103.843878159336
HDB,139B LOR 1A TOA PAYOH,5 ROOM,TOA PAYOH,139B LOR 1A TOA PAYOH,TOA PAYOH,2019-08-01,1050000.0,117.0,1259.38,833.75,31 TO 33,91 years 09 months,DBSS,1.33671109109394,103.843878159336
HDB,139B LOR 1A TOA PAYOH,5 ROOM,TOA PAYOH,139B LOR 1A TOA PAYOH,TOA PAYOH,2019-08-01,1050000.0,117.0,1259.38,833.75,40 TO 42,91 years 08 months,DBSS,1.33671109109394,103.843878159336
HDB,139B LOR 1A TOA PAYOH,5 ROOM,TOA PAYOH,139B LOR 1A TOA PAYOH,TOA PAYOH,2019-11-01,993888.0,114.0,1227.08,809.96,37 TO 39,91 years 06 months,DBSS,1.33671109109394,103.843878159336
HDB,139B LOR 1A TOA PAYOH,5 ROOM,TOA PAYOH,139B LOR 1A TOA PAYOH,TOA PAYOH,2019-12-01,960000.0,114.0,1227.08,782.34,19 TO 21,91 years 05 months,DBSS,1.33671109109394,103.843878159336
HDB,139B LOR 1A TOA PAYOH,5 ROOM,TOA PAYOH,139B LOR 1A TOA PAYOH,TOA PAYOH,2020-06-01,992000.0,114.0,1227.08,808.42,37 TO 39,90 years 11 months,DBSS,1.33671109109394,103.843878159336
HDB,139B LOR 1A TOA PAYOH,5 ROOM,TOA PAYOH,139B LOR 1A TOA PAYOH,TOA PAYOH,2020-08-01,990000.0,114.0,1227.08,806.79,25 TO 27,90 years 09 months,DBSS,1.33671109109394,103.843878159336
HDB,139B LOR 1A TOA PAYOH,5 ROOM,TOA PAYOH,139B LOR 1A TOA PAYOH,TOA PAYOH,2020-10-01,918800.0,113.0,1216.32,755.39,10 TO 12,90 years 07 months,DBSS,1.33671109109394,103.843878159336
HDB,139B LOR 1A TOA PAYOH,5 ROOM,TOA PAYOH,139B LOR 1A TOA PAYOH,TOA PAYOH,2020-12-01,980000.0,113.0,1216.32,805.71,16 TO 18,90 years 05 months,DBSS,1.33671109109394,103.843878159336
HDB,139B LOR 1A TOA PAYOH,5 ROOM,TOA PAYOH,139B LOR 1A TOA PAYOH,TOA PAYOH,2021-01-01,1045000.0,114.0,1227.08,851.61,31 TO 33,90 years 05 months,DBSS,1.33671109109394,103.843878159336
HDB,139B LOR 1A TOA PAYOH,5 ROOM,TOA PAYOH,139B LOR 1A TOA PAYOH,TOA PAYOH,2021-01-01,1122000.0,117.0,1259.38,890.92,37 TO 39,90 years 05 months,DBSS,1.33671109109394,103.843878159336
HDB,139B LOR 1A TOA PAYOH,5 ROOM,TOA PAYOH,139B LOR 1A TOA PAYOH,TOA PAYOH,2021-02-01,1050000.0,114.0,1227.08,855.69,19 TO 21,90 years 04 months,DBSS,1.33671109109394,103.843878159336
HDB,139B LOR 1A TOA PAYOH,5 ROOM,TOA PAYOH,139B LOR 1A TOA PAYOH,TOA PAYOH,2021-02-01,1055000.0,117.0,1259.38,837.72,34 TO 36,90 years 03 months,DBSS,1.33671109109394,103.843878159336
HDB,139B LOR 1A TOA PAYOH,5 ROOM,TOA PAYOH,139B LOR 1A TOA PAYOH,TOA PAYOH,2021-07-01,1040000.0,114.0,1227.08,847.54,28 TO 30,89 years 11 months,DBSS,1.33671109109394,103.843878159336
HDB,139B LOR 1A TOA PAYOH,5 ROOM,TOA PAYOH,139B LOR 1A TOA PAYOH,TOA PAYOH,2021-09-01,970000.0,117.0,1259.38,770.22,22 TO 24,89 years 08 months,DBSS,1.33671109109394,103.843878159336
HDB,139B LOR 1A TOA PAYOH,5 ROOM,TOA PAYOH,139B LOR 1A TOA PAYOH,TOA PAYOH,2021-11-01,940000.0,110.0,1184.03,793.9,07 TO 09,89 years 06 months,DBSS,1.33671109109394,103.843878159336
HDB,139B LOR 1A TOA PAYOH,5 ROOM,TOA PAYOH,139B LOR 1A TOA PAYOH,TOA PAYOH,2021-11-01,1040000.0,110.0,1184.03,878.36,16 TO 18,89 years 06 months,DBSS,1.33671109109394,103.843878159336
HDB,139B LOR 1A TOA PAYOH,5 ROOM,TOA PAYOH,139B LOR 1A TOA PAYOH,TOA PAYOH,2021-11-01,1150000.0,114.0,1227.08,937.18,31 TO 33,89 years 07 months,DBSS,1.33671109109394,103.843878159336
HDB,139B LOR 1A TOA PAYOH,5 ROOM,TOA PAYOH,139B LOR 1A TOA PAYOH,TOA PAYOH,2021-11-01,1180000.0,117.0,1259.38,936.97,37 TO 39,89 years 06 months,DBSS,1.33671109109394,103.843878159336
HDB,139B LOR 1A TOA PAYOH,5 ROOM,TOA PAYOH,139B LOR 1A TOA PAYOH,TOA PAYOH,2022-08-01,1265000.0,114.0,1227.08,1030.9,31 TO 33,88 years 09 months,DBSS,1.33671109109394,103.843878159336
HDB,139B LOR 1A TOA PAYOH,5 ROOM,TOA PAYOH,139B LOR 1A TOA PAYOH,TOA PAYOH,2022-12-01,1160000.0,114.0,1227.08,945.33,34 TO 36,88 years 06 months,DBSS,1.33671109109394,103.843878159336
HDB,139B LOR 1A TOA PAYOH,5 ROOM,TOA PAYOH,139B LOR 1A TOA PAYOH,TOA PAYOH,2023-06-01,1420000.0,117.0,1259.38,1127.54,40 TO 42,87 years 11 months,DBSS,1.33671109109394,103.843878159336
HDB,139B LOR 1A TOA PAYOH,5 ROOM,TOA PAYOH,139B LOR 1A TOA PAYOH,TOA PAYOH,2023-08-01,1460000.0,114.0,1227.08,1189.81,40 TO 42,87 years 09 months,DBSS,1.33671109109394,103.843878159336
HDB,139B LOR 1A TOA PAYOH,5 ROOM,TOA PAYOH,139B LOR 1A TOA PAYOH,TOA PAYOH,2023-09-01,1200000.0,110.0,1184.03,1013.49,16 TO 18,87 years 08 months,DBSS,1.33671109109394,103.843878159336
HDB,139B LOR 1A TOA PAYOH,5 ROOM,TOA PAYOH,139B LOR 1A TOA PAYOH,TOA PAYOH,2023-12-01,1228000.0,113.0,1216.32,1009.6,16 TO 18,87 years 06 months,DBSS,1.33671109109394,103.843878159336
HDB,139B LOR 1A TOA PAYOH,5 ROOM,TOA PAYOH,139B LOR 1A TOA PAYOH,TOA PAYOH,2024-02-01,1170000.0,110.0,1184.03,988.15,07 TO 09,87 years 04 months,DBSS,1.33671109109394,103.843878159336
HDB,139B LOR 1A TOA PAYOH,5 ROOM,TOA PAYOH,139B LOR 1A TOA PAYOH,TOA PAYOH,2024-04-01,1438000.0,117.0,1259.38,1141.84,22 TO 24,86 years 11 months,DBSS,1.33671109109394,103.843878159336
HDB,139B LOR 1A TOA PAYOH,5 ROOM,TOA PAYOH,139B LOR 1A TOA PAYOH,TOA PAYOH,2024-06-01,1420000.0,117.0,1259.38,1127.54,19 TO 21,86 years 11 months,DBSS,1.33671109109394,103.843878159336
HDB,139B LOR 1A TOA PAYOH,5 ROOM,TOA PAYOH,139B LOR 1A TOA PAYOH,TOA PAYOH,2025-04-01,1490000.0,114.0,1227.08,1214.26,31 TO 33,86 years 02 months,DBSS,1.33671109109394,103.843878159336
HDB,139B LOR 1A TOA PAYOH,5 ROOM,TOA PAYOH,139B LOR 1A TOA PAYOH,TOA PAYOH,2025-05-01,1430000.0,113.0,1216.32,1175.68,16 TO 18,86 years,DBSS,1.33671109109394,103.843878159336
HDB,139B LOR 1A TOA PAYOH,5 ROOM,TOA PAYOH,139B LOR 1A TOA PAYOH,TOA PAYOH,2025-09-01,1540000.0,117.0,1259.38,1222.83,40 TO 42,85 years 08 months,DBSS,1.33671109109394,103.843878159336
HDB,139B LOR 1A TOA PAYOH,5 ROOM,TOA PAYOH,139B LOR 1A TOA PAYOH,TOA PAYOH,2025-12-01,1525000.0,117.0,1259.38,1210.92,40 TO 42,85 years 05 months,DBSS,1.33671109109394,103.843878159336
HDB,139B LOR 1A TOA PAYOH,5 ROOM,TOA PAYOH,139B LOR 1A TOA PAYOH,TOA PAYOH,2026-03-01,1510000.0,117.0,1259.38,1199.01,34 TO 36,85 years 02 months,DBSS,1.33671109109394,103.843878159336
HDB,139B LOR 1A TOA PAYOH,5 ROOM,TOA PAYOH,139B LOR 1A TOA PAYOH,TOA PAYOH,2026-06-01,1580000.0,114.0,1227.08,1287.6,37 TO 39,85 years,DBSS,1.33671109109394,103.843878159336
HDB,140 BISHAN ST 12,5 ROOM,BISHAN,140 BISHAN ST 12,BISHAN,2019-02-01,660000.0,123.0,1323.96,498.5,07 TO 09,68 years 06 months,Improved,1.34479967079912,103.85310654157
HDB,140 BISHAN ST 12,5 ROOM,BISHAN,140 BISHAN ST 12,BISHAN,2019-04-01,660000.0,123.0,1323.96,498.5,04 TO 06,68 years 04 months,Improved,1.34479967079912,103.85310654157
HDB,140 BISHAN ST 12,5 ROOM,BISHAN,140 BISHAN ST 12,BISHAN,2019-11-01,648888.0,123.0,1323.96,490.11,04 TO 06,67 years 10 months,Improved,1.34479967079912,103.85310654157
HDB,140 BISHAN ST 12,5 ROOM,BISHAN,140 BISHAN ST 12,BISHAN,2020-10-01,680000.0,128.0,1377.78,493.55,04 TO 06,66 years 10 months,Improved,1.34479967079912,103.85310654157
HDB,140 BISHAN ST 12,5 ROOM,BISHAN,140 BISHAN ST 12,BISHAN,2020-12-01,698000.0,123.0,1323.96,527.21,07 TO 09,66 years 09 months,Improved,1.34479967079912,103.85310654157
HDB,140 BISHAN ST 12,5 ROOM,BISHAN,140 BISHAN ST 12,BISHAN,2022-06-01,810000.0,122.0,1313.2,616.82,07 TO 09,65 years 03 months,Improved,1.34479967079912,103.85310654157
HDB,140 BISHAN ST 12,5 ROOM,BISHAN,140 BISHAN ST 12,BISHAN,2023-05-01,842000.0,123.0,1323.96,635.97,07 TO 09,64 years 04 months,Improved,1.34479967079912,103.85310654157
HDB,140 BISHAN ST 12,5 ROOM,BISHAN,140 BISHAN ST 12,BISHAN,2023-06-01,740000.0,123.0,1323.96,558.93,01 TO 03,64 years 03 months,Improved,1.34479967079912,103.85310654157
HDB,140 BISHAN ST 12,5 ROOM,BISHAN,140 BISHAN ST 12,BISHAN,2024-02-01,850000.0,123.0,1323.96,642.01,07 TO 09,63 years 07 months,Improved,1.34479967079912,103.85310654157
HDB,140 BISHAN ST 12,5 ROOM,BISHAN,140 BISHAN ST 12,BISHAN,2024-07-01,810000.0,123.0,1323.96,611.8,01 TO 03,63 years 02 months,Improved,1.34479967079912,103.85310654157
HDB,140 BISHAN ST 12,5 ROOM,BISHAN,140 BISHAN ST 12,BISHAN,2025-06-01,935000.0,128.0,1377.78,678.63,01 TO 03,62 years 02 months,Improved,1.34479967079912,103.85310654157
HDB,140 BISHAN ST 12,5 ROOM,BISHAN,140 BISHAN ST 12,BISHAN,2026-03-01,840000.0,128.0,1377.78,609.68,04 TO 06,61 years 06 months,Improved,1.34479967079912,103.85310654157
HDB,141 BISHAN ST 12,5 ROOM,BISHAN,141 BISHAN ST 12,BISHAN,2017-04-01,705000.0,122.0,1313.2,536.86,10 TO 12,70 years 04 months,Improved,1.34515398438819,103.853367119258
HDB,141 BISHAN ST 12,5 ROOM,BISHAN,141 BISHAN ST 12,BISHAN,2018-06-01,630000.0,122.0,1313.2,479.75,01 TO 03,69 years 03 months,Improved,1.34515398438819,103.853367119258
HDB,141 BISHAN ST 12,5 ROOM,BISHAN,141 BISHAN ST 12,BISHAN,2020-07-01,688000.0,130.0,1399.31,491.67,07 TO 09,67 years 02 months,Improved,1.34515398438819,103.853367119258
HDB,141 BISHAN ST 12,5 ROOM,BISHAN,141 BISHAN ST 12,BISHAN,2020-12-01,678500.0,119.0,1280.9,529.7,07 TO 09,66 years 08 months,Improved,1.34515398438819,103.853367119258
HDB,141 BISHAN ST 12,5 ROOM,BISHAN,141 BISHAN ST 12,BISHAN,2021-01-01,675000.0,122.0,1313.2,514.01,01 TO 03,66 years 07 months,Improved,1.34515398438819,103.853367119258
HDB,141 BISHAN ST 12,5 ROOM,BISHAN,141 BISHAN ST 12,BISHAN,2021-09-01,690000.0,119.0,1280.9,538.68,01 TO 03,66 years,Improved,1.34515398438819,103.853367119258
HDB,141 BISHAN ST 12,5 ROOM,BISHAN,141 BISHAN ST 12,BISHAN,2021-12-01,668000.0,122.0,1313.2,508.68,01 TO 03,65 years 09 months,Improved,1.34515398438819,103.853367119258
HDB,141 BISHAN ST 12,5 ROOM,BISHAN,141 BISHAN ST 12,BISHAN,2022-01-01,810000.0,130.0,1399.31,578.86,10 TO 12,65 years 07 months,Improved,1.34515398438819,103.853367119258
HDB,141 BISHAN ST 12,5 ROOM,BISHAN,141 BISHAN ST 12,BISHAN,2023-05-01,635000.0,122.0,1313.2,483.55,04 TO 06,64 years 04 months,Improved,1.34515398438819,103.853367119258
HDB,141 BISHAN ST 12,5 ROOM,BISHAN,141 BISHAN ST 12,BISHAN,2023-08-01,720000.0,122.0,1313.2,548.28,04 TO 06,64 years 01 month,Improved,1.34515398438819,103.853367119258
HDB,141 BISHAN ST 12,5 ROOM,BISHAN,141 BISHAN ST 12,BISHAN,2024-07-01,870000.0,122.0,1313.2,662.51,10 TO 12,63 years 02 months,Improved,1.34515398438819,103.853367119258
HDB,141 BISHAN ST 12,5 ROOM,BISHAN,141 BISHAN ST 12,BISHAN,2024-09-01,920000.0,130.0,1399.31,657.47,10 TO 12,63 years,Improved,1.34515398438819,103.853367119258
HDB,141 BISHAN ST 12,5 ROOM,BISHAN,141 BISHAN ST 12,BISHAN,2026-05-01,850000.0,122.0,1313.2,647.28,01 TO 03,61 years 04 months,Improved,1.34515398438819,103.853367119258
HDB,141 LOR 2 TOA PAYOH,5 ROOM,TOA PAYOH,141 LOR 2 TOA PAYOH,TOA PAYOH,2017-01-01,830000.0,115.0,1237.85,670.52,07 TO 09,83 years,Improved,1.33583761957175,103.84573120411
HDB,141 LOR 2 TOA PAYOH,5 ROOM,TOA PAYOH,141 LOR 2 TOA PAYOH,TOA PAYOH,2017-11-01,878000.0,116.0,1248.61,703.18,22 TO 24,82 years 02 months,Improved,1.33583761957175,103.84573120411
HDB,141 LOR 2 TOA PAYOH,5 ROOM,TOA PAYOH,141 LOR 2 TOA PAYOH,TOA PAYOH,2018-10-01,870000.0,116.0,1248.61,696.77,25 TO 27,81 years 03 months,Improved,1.33583761957175,103.84573120411
HDB,141 LOR 2 TOA PAYOH,5 ROOM,TOA PAYOH,141 LOR 2 TOA PAYOH,TOA PAYOH,2019-12-01,860000.0,115.0,1237.85,694.75,10 TO 12,80 years 01 month,Improved,1.33583761957175,103.84573120411
HDB,141 LOR 2 TOA PAYOH,5 ROOM,TOA PAYOH,141 LOR 2 TOA PAYOH,TOA PAYOH,2020-06-01,660000.0,116.0,1248.61,528.59,04 TO 06,79 years 08 months,Improved,1.33583761957175,103.84573120411
HDB,141 LOR 2 TOA PAYOH,5 ROOM,TOA PAYOH,141 LOR 2 TOA PAYOH,TOA PAYOH,2020-07-01,865000.0,116.0,1248.61,692.77,19 TO 21,79 years 06 months,Improved,1.33583761957175,103.84573120411
HDB,141 LOR 2 TOA PAYOH,5 ROOM,TOA PAYOH,141 LOR 2 TOA PAYOH,TOA PAYOH,2020-09-01,870000.0,116.0,1248.61,696.77,25 TO 27,79 years 05 months,Improved,1.33583761957175,103.84573120411
HDB,141 LOR 2 TOA PAYOH,5 ROOM,TOA PAYOH,141 LOR 2 TOA PAYOH,TOA PAYOH,2021-10-01,901888.0,116.0,1248.61,722.31,22 TO 24,78 years 04 months,Improved,1.33583761957175,103.84573120411
HDB,141 LOR 2 TOA PAYOH,5 ROOM,TOA PAYOH,141 LOR 2 TOA PAYOH,TOA PAYOH,2021-11-01,920000.0,116.0,1248.61,736.82,25 TO 27,78 years 02 months,Improved,1.33583761957175,103.84573120411
HDB,141 LOR 2 TOA PAYOH,5 ROOM,TOA PAYOH,141 LOR 2 TOA PAYOH,TOA PAYOH,2021-12-01,928000.0,115.0,1237.85,749.69,16 TO 18,78 years 02 months,Improved,1.33583761957175,103.84573120411
HDB,141 LOR 2 TOA PAYOH,5 ROOM,TOA PAYOH,141 LOR 2 TOA PAYOH,TOA PAYOH,2022-04-01,858000.0,115.0,1237.85,693.14,04 TO 06,77 years 10 months,Improved,1.33583761957175,103.84573120411
HDB,141 LOR 2 TOA PAYOH,5 ROOM,TOA PAYOH,141 LOR 2 TOA PAYOH,TOA PAYOH,2022-04-01,990000.0,116.0,1248.61,792.88,28 TO 30,77 years 09 months,Improved,1.33583761957175,103.84573120411
HDB,141 LOR 2 TOA PAYOH,5 ROOM,TOA PAYOH,141 LOR 2 TOA PAYOH,TOA PAYOH,2024-05-01,1200000.0,115.0,1237.85,969.42,16 TO 18,75 years 09 months,Improved,1.33583761957175,103.84573120411
HDB,141 LOR 2 TOA PAYOH,5 ROOM,TOA PAYOH,141 LOR 2 TOA PAYOH,TOA PAYOH,2024-06-01,831888.0,116.0,1248.61,666.25,01 TO 03,75 years 08 months,Improved,1.33583761957175,103.84573120411
HDB,142 BISHAN ST 12,5 ROOM,BISHAN,142 BISHAN ST 12,BISHAN,2020-09-01,600000.0,119.0,1280.9,468.42,04 TO 06,66 years 11 months,Improved,1.34550186128369,103.853443638303
HDB,142 BISHAN ST 12,5 ROOM,BISHAN,142 BISHAN ST 12,BISHAN,2020-10-01,696800.0,122.0,1313.2,530.61,10 TO 12,66 years 11 months,Improved,1.34550186128369,103.853443638303
HDB,142 BISHAN ST 12,5 ROOM,BISHAN,142 BISHAN ST 12,BISHAN,2020-10-01,718000.0,122.0,1313.2,546.76,04 TO 06,66 years 10 months,Improved,1.34550186128369,103.853443638303
HDB,142 BISHAN ST 12,5 ROOM,BISHAN,142 BISHAN ST 12,BISHAN,2020-12-01,780000.0,130.0,1399.31,557.42,07 TO 09,66 years 08 months,Improved,1.34550186128369,103.853443638303
HDB,142 BISHAN ST 12,5 ROOM,BISHAN,142 BISHAN ST 12,BISHAN,2021-05-01,803000.0,130.0,1399.31,573.86,04 TO 06,66 years 04 months,Improved,1.34550186128369,103.853443638303
HDB,142 BISHAN ST 12,5 ROOM,BISHAN,142 BISHAN ST 12,BISHAN,2021-08-01,698000.0,121.0,1302.43,535.92,01 TO 03,66 years 01 month,Improved,1.34550186128369,103.853443638303
HDB,142 BISHAN ST 12,5 ROOM,BISHAN,142 BISHAN ST 12,BISHAN,2023-09-01,820000.0,122.0,1313.2,624.43,07 TO 09,63 years 11 months,Improved,1.34550186128369,103.853443638303
HDB,142 BISHAN ST 12,5 ROOM,BISHAN,142 BISHAN ST 12,BISHAN,2025-10-01,900000.0,119.0,1280.9,702.63,07 TO 09,61 years 11 months,Improved,1.34550186128369,103.853443638303
HDB,142 LOR 2 TOA PAYOH,5 ROOM,TOA PAYOH,142 LOR 2 TOA PAYOH,TOA PAYOH,2018-07-01,895000.0,116.0,1248.61,716.8,25 TO 27,81 years 07 months,Improved,1.33583774995002,103.845162997311
HDB,142 LOR 2 TOA PAYOH,5 ROOM,TOA PAYOH,142 LOR 2 TOA PAYOH,TOA PAYOH,2019-01-01,868000.0,115.0,1237.85,701.22,10 TO 12,81 years,Improved,1.33583774995002,103.845162997311
HDB,142 LOR 2 TOA PAYOH,5 ROOM,TOA PAYOH,142 LOR 2 TOA PAYOH,TOA PAYOH,2019-12-01,845000.0,115.0,1237.85,682.64,13 TO 15,80 years 01 month,Improved,1.33583774995002,103.845162997311
HDB,142 LOR 2 TOA PAYOH,5 ROOM,TOA PAYOH,142 LOR 2 TOA PAYOH,TOA PAYOH,2020-06-01,805000.0,115.0,1237.85,650.32,10 TO 12,79 years 09 months,Improved,1.33583774995002,103.845162997311
HDB,142 LOR 2 TOA PAYOH,5 ROOM,TOA PAYOH,142 LOR 2 TOA PAYOH,TOA PAYOH,2020-09-01,808000.0,115.0,1237.85,652.75,16 TO 18,79 years 04 months,Improved,1.33583774995002,103.845162997311
HDB,142 LOR 2 TOA PAYOH,5 ROOM,TOA PAYOH,142 LOR 2 TOA PAYOH,TOA PAYOH,2020-11-01,858000.0,115.0,1237.85,693.14,16 TO 18,79 years 02 months,Improved,1.33583774995002,103.845162997311
HDB,142 LOR 2 TOA PAYOH,5 ROOM,TOA PAYOH,142 LOR 2 TOA PAYOH,TOA PAYOH,2021-01-01,858000.0,116.0,1248.61,687.16,19 TO 21,79 years,Improved,1.33583774995002,103.845162997311
HDB,142 LOR 2 TOA PAYOH,5 ROOM,TOA PAYOH,142 LOR 2 TOA PAYOH,TOA PAYOH,2021-01-01,860000.0,116.0,1248.61,688.76,22 TO 24,79 years 01 month,Improved,1.33583774995002,103.845162997311
HDB,142 LOR 2 TOA PAYOH,5 ROOM,TOA PAYOH,142 LOR 2 TOA PAYOH,TOA PAYOH,2021-02-01,850000.0,116.0,1248.61,680.76,25 TO 27,78 years 11 months,Improved,1.33583774995002,103.845162997311
HDB,142 LOR 2 TOA PAYOH,5 ROOM,TOA PAYOH,142 LOR 2 TOA PAYOH,TOA PAYOH,2021-09-01,810000.0,116.0,1248.61,648.72,04 TO 06,78 years 05 months,Improved,1.33583774995002,103.845162997311
HDB,142 LOR 2 TOA PAYOH,5 ROOM,TOA PAYOH,142 LOR 2 TOA PAYOH,TOA PAYOH,2023-02-01,968888.0,115.0,1237.85,782.72,04 TO 06,77 years 01 month,Improved,1.33583774995002,103.845162997311
HDB,142 LOR 2 TOA PAYOH,5 ROOM,TOA PAYOH,142 LOR 2 TOA PAYOH,TOA PAYOH,2025-02-01,1180000.0,115.0,1237.85,953.27,10 TO 12,75 years,Improved,1.33583774995002,103.845162997311
HDB,142 LOR 2 TOA PAYOH,5 ROOM,TOA PAYOH,142 LOR 2 TOA PAYOH,TOA PAYOH,2025-02-01,900000.0,116.0,1248.61,720.8,01 TO 03,75 years,Improved,1.33583774995002,103.845162997311
HDB,142 LOR 2 TOA PAYOH,5 ROOM,TOA PAYOH,142 LOR 2 TOA PAYOH,TOA PAYOH,2025-09-01,1210000.0,116.0,1248.61,969.08,25 TO 27,74 years 04 months,Improved,1.33583774995002,103.845162997311
HDB,142 LOR 2 TOA PAYOH,5 ROOM,TOA PAYOH,142 LOR 2 TOA PAYOH,TOA PAYOH,2025-12-01,1086000.0,115.0,1237.85,877.33,07 TO 09,74 years 02 months,Improved,1.33583774995002,103.845162997311
HDB,143 LOR 2 TOA PAYOH,5 ROOM,TOA PAYOH,143 LOR 2 TOA PAYOH,TOA PAYOH,2017-06-01,855000.0,110.0,1184.03,722.11,28 TO 30,84 years 03 months,Improved,1.33588435399266,103.843991340255
HDB,143 LOR 2 TOA PAYOH,5 ROOM,TOA PAYOH,143 LOR 2 TOA PAYOH,TOA PAYOH,2017-10-01,830000.0,111.0,1194.79,694.68,04 TO 06,83 years 11 months,Improved,1.33588435399266,103.843991340255
HDB,143 LOR 2 TOA PAYOH,5 ROOM,TOA PAYOH,143 LOR 2 TOA PAYOH,TOA PAYOH,2018-07-01,840000.0,110.0,1184.03,709.44,25 TO 27,83 years 02 months,Improved,1.33588435399266,103.843991340255
HDB,143 LOR 2 TOA PAYOH,5 ROOM,TOA PAYOH,143 LOR 2 TOA PAYOH,TOA PAYOH,2018-07-01,855000.0,110.0,1184.03,722.11,22 TO 24,83 years 02 months,Improved,1.33588435399266,103.843991340255
HDB,143 LOR 2 TOA PAYOH,5 ROOM,TOA PAYOH,143 LOR 2 TOA PAYOH,TOA PAYOH,2020-09-01,813888.0,110.0,1184.03,687.39,16 TO 18,81 years,Improved,1.33588435399266,103.843991340255
HDB,143 LOR 2 TOA PAYOH,5 ROOM,TOA PAYOH,143 LOR 2 TOA PAYOH,TOA PAYOH,2021-02-01,740000.0,111.0,1194.79,619.35,01 TO 03,80 years 07 months,Improved,1.33588435399266,103.843991340255
HDB,143 LOR 2 TOA PAYOH,5 ROOM,TOA PAYOH,143 LOR 2 TOA PAYOH,TOA PAYOH,2021-02-01,800000.0,110.0,1184.03,675.66,10 TO 12,80 years 08 months,Improved,1.33588435399266,103.843991340255
HDB,143 LOR 2 TOA PAYOH,5 ROOM,TOA PAYOH,143 LOR 2 TOA PAYOH,TOA PAYOH,2021-11-01,888000.0,110.0,1184.03,749.98,22 TO 24,79 years 11 months,Improved,1.33588435399266,103.843991340255
HDB,143 LOR 2 TOA PAYOH,5 ROOM,TOA PAYOH,143 LOR 2 TOA PAYOH,TOA PAYOH,2022-01-01,850000.0,110.0,1184.03,717.89,28 TO 30,79 years 08 months,Improved,1.33588435399266,103.843991340255
HDB,143 LOR 2 TOA PAYOH,5 ROOM,TOA PAYOH,143 LOR 2 TOA PAYOH,TOA PAYOH,2023-01-01,950000.0,110.0,1184.03,802.35,19 TO 21,78 years 09 months,Improved,1.33588435399266,103.843991340255
HDB,143 LOR 2 TOA PAYOH,5 ROOM,TOA PAYOH,143 LOR 2 TOA PAYOH,TOA PAYOH,2023-02-01,815000.0,110.0,1184.03,688.33,01 TO 03,78 years 07 months,Improved,1.33588435399266,103.843991340255
HDB,143 LOR 2 TOA PAYOH,5 ROOM,TOA PAYOH,143 LOR 2 TOA PAYOH,TOA PAYOH,2023-07-01,970000.0,111.0,1194.79,811.86,04 TO 06,78 years 03 months,Improved,1.33588435399266,103.843991340255
HDB,143 LOR 2 TOA PAYOH,5 ROOM,TOA PAYOH,143 LOR 2 TOA PAYOH,TOA PAYOH,2024-03-01,990000.0,110.0,1184.03,836.13,25 TO 27,77 years 06 months,Improved,1.33588435399266,103.843991340255
HDB,143 LOR 2 TOA PAYOH,5 ROOM,TOA PAYOH,143 LOR 2 TOA PAYOH,TOA PAYOH,2024-05-01,930000.0,110.0,1184.03,785.45,10 TO 12,77 years 05 months,Improved,1.33588435399266,103.843991340255
HDB,143 LOR 2 TOA PAYOH,5 ROOM,TOA PAYOH,143 LOR 2 TOA PAYOH,TOA PAYOH,2024-07-01,870000.0,110.0,1184.03,734.78,01 TO 03,77 years 03 months,Improved,1.33588435399266,103.843991340255
HDB,143 LOR 2 TOA PAYOH,5 ROOM,TOA PAYOH,143 LOR 2 TOA PAYOH,TOA PAYOH,2024-12-01,1110000.0,110.0,1184.03,937.48,25 TO 27,76 years 11 months,Improved,1.33588435399266,103.843991340255
HDB,143 LOR 2 TOA PAYOH,5 ROOM,TOA PAYOH,143 LOR 2 TOA PAYOH,TOA PAYOH,2025-01-01,1150000.0,110.0,1184.03,971.26,19 TO 21,76 years 10 months,Improved,1.33588435399266,103.843991340255
HDB,143 LOR 2 TOA PAYOH,5 ROOM,TOA PAYOH,143 LOR 2 TOA PAYOH,TOA PAYOH,2025-07-01,1085000.0,110.0,1184.03,916.36,28 TO 30,76 years 02 months,Improved,1.33588435399266,103.843991340255
HDB,144 BISHAN ST 12,5 ROOM,BISHAN,144 BISHAN ST 12,BISHAN,2018-11-01,675000.0,123.0,1323.96,509.83,04 TO 06,68 years 09 months,Improved,1.34594126815113,103.853322120107
HDB,144 BISHAN ST 12,5 ROOM,BISHAN,144 BISHAN ST 12,BISHAN,2019-04-01,655000.0,123.0,1323.96,494.73,07 TO 09,68 years 04 months,Improved,1.34594126815113,103.853322120107
HDB,144 BISHAN ST 12,5 ROOM,BISHAN,144 BISHAN ST 12,BISHAN,2019-05-01,630000.0,123.0,1323.96,475.85,01 TO 03,68 years 03 months,Improved,1.34594126815113,103.853322120107
HDB,144 BISHAN ST 12,5 ROOM,BISHAN,144 BISHAN ST 12,BISHAN,2021-02-01,720000.0,128.0,1377.78,522.58,07 TO 09,66 years 06 months,Improved,1.34594126815113,103.853322120107
HDB,144 BISHAN ST 12,5 ROOM,BISHAN,144 BISHAN ST 12,BISHAN,2021-11-01,735000.0,123.0,1323.96,555.15,01 TO 03,65 years 10 months,Improved,1.34594126815113,103.853322120107
HDB,144 BISHAN ST 12,5 ROOM,BISHAN,144 BISHAN ST 12,BISHAN,2023-10-01,800000.0,123.0,1323.96,604.25,01 TO 03,63 years 10 months,Improved,1.34594126815113,103.853322120107
HDB,144 BISHAN ST 12,5 ROOM,BISHAN,144 BISHAN ST 12,BISHAN,2025-05-01,915000.0,128.0,1377.78,664.11,01 TO 03,62 years 04 months,Improved,1.34594126815113,103.853322120107
HDB,144 BISHAN ST 12,5 ROOM,BISHAN,144 BISHAN ST 12,BISHAN,2026-06-01,858888.0,123.0,1323.96,648.73,04 TO 06,61 years 03 months,Improved,1.34594126815113,103.853322120107
HDB,144 BISHAN ST 12,5 ROOM,BISHAN,144 BISHAN ST 12,BISHAN,2026-07-01,899999.0,123.0,1323.96,679.78,04 TO 06,61 years 02 months,Improved,1.34594126815113,103.853322120107
HDB,144 LOR 2 TOA PAYOH,5 ROOM,TOA PAYOH,144 LOR 2 TOA PAYOH,TOA PAYOH,2018-04-01,790000.0,110.0,1184.03,667.21,25 TO 27,83 years 05 months,Improved,1.33535073315709,103.84402714867
HDB,144 LOR 2 TOA PAYOH,5 ROOM,TOA PAYOH,144 LOR 2 TOA PAYOH,TOA PAYOH,2018-09-01,825000.0,110.0,1184.03,696.77,10 TO 12,83 years,Improved,1.33535073315709,103.84402714867
HDB,144 LOR 2 TOA PAYOH,5 ROOM,TOA PAYOH,144 LOR 2 TOA PAYOH,TOA PAYOH,2018-10-01,800000.0,110.0,1184.03,675.66,28 TO 30,82 years 11 months,Improved,1.33535073315709,103.84402714867
HDB,144 LOR 2 TOA PAYOH,5 ROOM,TOA PAYOH,144 LOR 2 TOA PAYOH,TOA PAYOH,2018-11-01,780000.0,110.0,1184.03,658.77,07 TO 09,82 years 11 months,Improved,1.33535073315709,103.84402714867
HDB,144 LOR 2 TOA PAYOH,5 ROOM,TOA PAYOH,144 LOR 2 TOA PAYOH,TOA PAYOH,2019-01-01,850000.0,110.0,1184.03,717.89,22 TO 24,82 years 08 months,Improved,1.33535073315709,103.84402714867
HDB,144 LOR 2 TOA PAYOH,5 ROOM,TOA PAYOH,144 LOR 2 TOA PAYOH,TOA PAYOH,2019-10-01,793000.0,110.0,1184.03,669.75,04 TO 06,81 years 11 months,Improved,1.33535073315709,103.84402714867
HDB,144 LOR 2 TOA PAYOH,5 ROOM,TOA PAYOH,144 LOR 2 TOA PAYOH,TOA PAYOH,2021-01-01,821888.0,110.0,1184.03,694.15,25 TO 27,80 years 09 months,Improved,1.33535073315709,103.84402714867
HDB,144 LOR 2 TOA PAYOH,5 ROOM,TOA PAYOH,144 LOR 2 TOA PAYOH,TOA PAYOH,2021-03-01,780000.0,111.0,1194.79,652.83,04 TO 06,80 years 06 months,Improved,1.33535073315709,103.84402714867
HDB,144 LOR 2 TOA PAYOH,5 ROOM,TOA PAYOH,144 LOR 2 TOA PAYOH,TOA PAYOH,2021-05-01,870000.0,110.0,1184.03,734.78,25 TO 27,80 years 05 months,Improved,1.33535073315709,103.84402714867
HDB,144 LOR 2 TOA PAYOH,5 ROOM,TOA PAYOH,144 LOR 2 TOA PAYOH,TOA PAYOH,2021-12-01,948000.0,110.0,1184.03,800.66,19 TO 21,79 years 10 months,Improved,1.33535073315709,103.84402714867
HDB,144 LOR 2 TOA PAYOH,5 ROOM,TOA PAYOH,144 LOR 2 TOA PAYOH,TOA PAYOH,2022-08-01,810000.0,110.0,1184.03,684.1,04 TO 06,79 years 01 month,Improved,1.33535073315709,103.84402714867
HDB,144 LOR 2 TOA PAYOH,5 ROOM,TOA PAYOH,144 LOR 2 TOA PAYOH,TOA PAYOH,2024-05-01,1000000.0,110.0,1184.03,844.57,10 TO 12,77 years 04 months,Improved,1.33535073315709,103.84402714867
HDB,144 LOR 2 TOA PAYOH,5 ROOM,TOA PAYOH,144 LOR 2 TOA PAYOH,TOA PAYOH,2025-01-01,1145888.0,110.0,1184.03,967.79,28 TO 30,76 years 10 months,Improved,1.33535073315709,103.84402714867
HDB,144 LOR 2 TOA PAYOH,5 ROOM,TOA PAYOH,144 LOR 2 TOA PAYOH,TOA PAYOH,2025-07-01,1180000.0,110.0,1184.03,996.6,25 TO 27,76 years 03 months,Improved,1.33535073315709,103.84402714867
HDB,144 LOR 2 TOA PAYOH,5 ROOM,TOA PAYOH,144 LOR 2 TOA PAYOH,TOA PAYOH,2025-08-01,1168000.0,110.0,1184.03,986.46,28 TO 30,76 years 02 months,Improved,1.33535073315709,103.84402714867
HDB,144 LOR 2 TOA PAYOH,5 ROOM,TOA PAYOH,144 LOR 2 TOA PAYOH,TOA PAYOH,2025-10-01,1160000.0,110.0,1184.03,979.71,22 TO 24,76 years,Improved,1.33535073315709,103.84402714867
HDB,144 LOR 2 TOA PAYOH,5 ROOM,TOA PAYOH,144 LOR 2 TOA PAYOH,TOA PAYOH,2026-04-01,1018000.0,110.0,1184.03,859.78,01 TO 03,75 years 05 months,Improved,1.33535073315709,103.84402714867
HDB,145 BISHAN ST 11,5 ROOM,BISHAN,145 BISHAN ST 11,BISHAN,2017-12-01,670000.0,121.0,1302.43,514.42,04 TO 06,68 years 10 months,Improved,1.34488600912462,103.85428449567
HDB,145 BISHAN ST 11,5 ROOM,BISHAN,145 BISHAN ST 11,BISHAN,2018-11-01,632000.0,122.0,1313.2,481.27,04 TO 06,68 years,Improved,1.34488600912462,103.85428449567
HDB,145 BISHAN ST 11,5 ROOM,BISHAN,145 BISHAN ST 11,BISHAN,2020-10-01,625000.0,122.0,1313.2,475.94,07 TO 09,66 years,Improved,1.34488600912462,103.85428449567
HDB,145 BISHAN ST 11,5 ROOM,BISHAN,145 BISHAN ST 11,BISHAN,2021-03-01,653000.0,122.0,1313.2,497.26,07 TO 09,65 years 07 months,Improved,1.34488600912462,103.85428449567
HDB,145 BISHAN ST 11,5 ROOM,BISHAN,145 BISHAN ST 11,BISHAN,2022-01-01,783000.0,122.0,1313.2,596.26,10 TO 12,64 years 10 months,Improved,1.34488600912462,103.85428449567
HDB,145 BISHAN ST 11,5 ROOM,BISHAN,145 BISHAN ST 11,BISHAN,2022-03-01,675000.0,122.0,1313.2,514.01,04 TO 06,64 years 09 months,Improved,1.34488600912462,103.85428449567
HDB,145 BISHAN ST 11,5 ROOM,BISHAN,145 BISHAN ST 11,BISHAN,2022-08-01,765000.0,122.0,1313.2,582.55,07 TO 09,64 years 03 months,Improved,1.34488600912462,103.85428449567
HDB,145 BISHAN ST 11,5 ROOM,BISHAN,145 BISHAN ST 11,BISHAN,2022-08-01,778000.0,121.0,1302.43,597.34,10 TO 12,64 years 04 months,Improved,1.34488600912462,103.85428449567
HDB,145 BISHAN ST 11,5 ROOM,BISHAN,145 BISHAN ST 11,BISHAN,2024-12-01,927000.0,121.0,1302.43,711.75,04 TO 06,61 years 11 months,Improved,1.34488600912462,103.85428449567
HDB,145 BISHAN ST 11,5 ROOM,BISHAN,145 BISHAN ST 11,BISHAN,2026-01-01,918888.0,122.0,1313.2,699.73,04 TO 06,60 years 10 months,Improved,1.34488600912462,103.85428449567
HDB,145 LOR 2 TOA PAYOH,5 ROOM,TOA PAYOH,145 LOR 2 TOA PAYOH,TOA PAYOH,2017-03-01,888888.0,110.0,1184.03,750.73,16 TO 18,87 years 10 months,Improved,1.33521035428159,103.846162940767
HDB,145 LOR 2 TOA PAYOH,5 ROOM,TOA PAYOH,145 LOR 2 TOA PAYOH,TOA PAYOH,2017-07-01,888000.0,110.0,1184.03,749.98,10 TO 12,87 years 07 months,Improved,1.33521035428159,103.846162940767
HDB,145 LOR 2 TOA PAYOH,5 ROOM,TOA PAYOH,145 LOR 2 TOA PAYOH,TOA PAYOH,2017-10-01,920000.0,110.0,1184.03,777.01,37 TO 39,87 years 03 months,Improved,1.33521035428159,103.846162940767
HDB,145 LOR 2 TOA PAYOH,5 ROOM,TOA PAYOH,145 LOR 2 TOA PAYOH,TOA PAYOH,2018-04-01,870000.0,110.0,1184.03,734.78,28 TO 30,86 years 09 months,Improved,1.33521035428159,103.846162940767
HDB,145 LOR 2 TOA PAYOH,5 ROOM,TOA PAYOH,145 LOR 2 TOA PAYOH,TOA PAYOH,2019-05-01,780000.0,110.0,1184.03,658.77,01 TO 03,85 years 08 months,Improved,1.33521035428159,103.846162940767
HDB,145 LOR 2 TOA PAYOH,5 ROOM,TOA PAYOH,145 LOR 2 TOA PAYOH,TOA PAYOH,2019-05-01,880000.0,110.0,1184.03,743.23,22 TO 24,85 years 08 months,Improved,1.33521035428159,103.846162940767
HDB,145 LOR 2 TOA PAYOH,5 ROOM,TOA PAYOH,145 LOR 2 TOA PAYOH,TOA PAYOH,2019-10-01,890000.0,110.0,1184.03,751.67,25 TO 27,85 years 03 months,Improved,1.33521035428159,103.846162940767
HDB,145 LOR 2 TOA PAYOH,5 ROOM,TOA PAYOH,145 LOR 2 TOA PAYOH,TOA PAYOH,2020-06-01,900000.0,110.0,1184.03,760.12,19 TO 21,84 years 09 months,Improved,1.33521035428159,103.846162940767
HDB,145 LOR 2 TOA PAYOH,5 ROOM,TOA PAYOH,145 LOR 2 TOA PAYOH,TOA PAYOH,2022-10-01,1000000.0,110.0,1184.03,844.57,16 TO 18,82 years 04 months,Improved,1.33521035428159,103.846162940767
HDB,145 LOR 2 TOA PAYOH,5 ROOM,TOA PAYOH,145 LOR 2 TOA PAYOH,TOA PAYOH,2024-01-01,855000.0,110.0,1184.03,722.11,01 TO 03,81 years 01 month,Improved,1.33521035428159,103.846162940767
HDB,145 LOR 2 TOA PAYOH,5 ROOM,TOA PAYOH,145 LOR 2 TOA PAYOH,TOA PAYOH,2024-07-01,940000.0,110.0,1184.03,793.9,04 TO 06,80 years 07 months,Improved,1.33521035428159,103.846162940767
HDB,145 LOR 2 TOA PAYOH,5 ROOM,TOA PAYOH,145 LOR 2 TOA PAYOH,TOA PAYOH,2024-09-01,1230000.0,110.0,1184.03,1038.83,34 TO 36,80 years 05 months,Improved,1.33521035428159,103.846162940767
HDB,145 LOR 2 TOA PAYOH,5 ROOM,TOA PAYOH,145 LOR 2 TOA PAYOH,TOA PAYOH,2026-02-01,1268888.0,110.0,1184.03,1071.67,31 TO 33,79 years,Improved,1.33521035428159,103.846162940767
HDB,146 BISHAN ST 11,5 ROOM,BISHAN,146 BISHAN ST 11,BISHAN,2020-11-01,645000.0,122.0,1313.2,491.17,04 TO 06,65 years 10 months,Improved,1.34408604869725,103.854147568942
HDB,146 BISHAN ST 11,5 ROOM,BISHAN,146 BISHAN ST 11,BISHAN,2022-11-01,777888.0,122.0,1313.2,592.36,04 TO 06,63 years 10 months,Improved,1.34408604869725,103.854147568942
HDB,146 BISHAN ST 11,5 ROOM,BISHAN,146 BISHAN ST 11,BISHAN,2024-11-01,870000.0,122.0,1313.2,662.51,07 TO 09,61 years 11 months,Improved,1.34408604869725,103.854147568942
HDB,146 BISHAN ST 11,5 ROOM,BISHAN,146 BISHAN ST 11,BISHAN,2026-06-01,865000.0,122.0,1313.2,658.7,07 TO 09,60 years 03 months,Improved,1.34408604869725,103.854147568942
HDB,146 LOR 2 TOA PAYOH,5 ROOM,TOA PAYOH,146 LOR 2 TOA PAYOH,TOA PAYOH,2019-10-01,660000.0,110.0,1184.03,557.42,04 TO 06,85 years 03 months,Improved,1.33466409464552,103.846451369821
HDB,146 LOR 2 TOA PAYOH,5 ROOM,TOA PAYOH,146 LOR 2 TOA PAYOH,TOA PAYOH,2024-05-01,940000.0,110.0,1184.03,793.9,01 TO 03,80 years 08 months,Improved,1.33466409464552,103.846451369821
HDB,147 BISHAN ST 11,5 ROOM,BISHAN,147 BISHAN ST 11,BISHAN,2020-10-01,640000.0,122.0,1313.2,487.36,07 TO 09,65 years 05 months,Improved,1.34387703291754,103.855106377701
HDB,147 BISHAN ST 11,5 ROOM,BISHAN,147 BISHAN ST 11,BISHAN,2021-03-01,630000.0,122.0,1313.2,479.75,04 TO 06,64 years 11 months,Improved,1.34387703291754,103.855106377701
HDB,147 BISHAN ST 11,5 ROOM,BISHAN,147 BISHAN ST 11,BISHAN,2021-06-01,680000.0,121.0,1302.43,522.1,01 TO 03,64 years 09 months,Improved,1.34387703291754,103.855106377701
HDB,147 BISHAN ST 11,5 ROOM,BISHAN,147 BISHAN ST 11,BISHAN,2022-09-01,648000.0,122.0,1313.2,493.45,01 TO 03,63 years 06 months,Improved,1.34387703291754,103.855106377701
HDB,147 BISHAN ST 11,5 ROOM,BISHAN,147 BISHAN ST 11,BISHAN,2022-11-01,783000.0,122.0,1313.2,596.26,07 TO 09,63 years 04 months,Improved,1.34387703291754,103.855106377701
HDB,147 LOR 2 TOA PAYOH,5 ROOM,TOA PAYOH,147 LOR 2 TOA PAYOH,TOA PAYOH,2017-05-01,810000.0,110.0,1184.03,684.1,25 TO 27,87 years 09 months,Improved,1.33454683171677,103.845077697814
HDB,147 LOR 2 TOA PAYOH,5 ROOM,TOA PAYOH,147 LOR 2 TOA PAYOH,TOA PAYOH,2018-03-01,900000.0,110.0,1184.03,760.12,34 TO 36,86 years 11 months,Improved,1.33454683171677,103.845077697814
HDB,147 LOR 2 TOA PAYOH,5 ROOM,TOA PAYOH,147 LOR 2 TOA PAYOH,TOA PAYOH,2019-06-01,838000.0,110.0,1184.03,707.75,22 TO 24,85 years 07 months,Improved,1.33454683171677,103.845077697814
HDB,147 LOR 2 TOA PAYOH,5 ROOM,TOA PAYOH,147 LOR 2 TOA PAYOH,TOA PAYOH,2019-09-01,900000.0,110.0,1184.03,760.12,16 TO 18,85 years 05 months,Improved,1.33454683171677,103.845077697814
HDB,147 LOR 2 TOA PAYOH,5 ROOM,TOA PAYOH,147 LOR 2 TOA PAYOH,TOA PAYOH,2020-12-01,870000.0,110.0,1184.03,734.78,16 TO 18,84 years 01 month,Improved,1.33454683171677,103.845077697814
HDB,147 LOR 2 TOA PAYOH,5 ROOM,TOA PAYOH,147 LOR 2 TOA PAYOH,TOA PAYOH,2020-12-01,865000.0,110.0,1184.03,730.56,13 TO 15,84 years 01 month,Improved,1.33454683171677,103.845077697814
HDB,147 LOR 2 TOA PAYOH,5 ROOM,TOA PAYOH,147 LOR 2 TOA PAYOH,TOA PAYOH,2021-01-01,935000.0,110.0,1184.03,789.68,28 TO 30,84 years,Improved,1.33454683171677,103.845077697814
HDB,147 LOR 2 TOA PAYOH,5 ROOM,TOA PAYOH,147 LOR 2 TOA PAYOH,TOA PAYOH,2021-03-01,810000.0,110.0,1184.03,684.1,01 TO 03,83 years 10 months,Improved,1.33454683171677,103.845077697814
HDB,147 LOR 2 TOA PAYOH,5 ROOM,TOA PAYOH,147 LOR 2 TOA PAYOH,TOA PAYOH,2021-06-01,925000.0,110.0,1184.03,781.23,07 TO 09,83 years 08 months,Improved,1.33454683171677,103.845077697814
HDB,147 LOR 2 TOA PAYOH,5 ROOM,TOA PAYOH,147 LOR 2 TOA PAYOH,TOA PAYOH,2021-07-01,950000.0,110.0,1184.03,802.35,22 TO 24,83 years 07 months,Improved,1.33454683171677,103.845077697814
HDB,147 LOR 2 TOA PAYOH,5 ROOM,TOA PAYOH,147 LOR 2 TOA PAYOH,TOA PAYOH,2021-09-01,940000.0,110.0,1184.03,793.9,19 TO 21,83 years 05 months,Improved,1.33454683171677,103.845077697814
HDB,147 LOR 2 TOA PAYOH,5 ROOM,TOA PAYOH,147 LOR 2 TOA PAYOH,TOA PAYOH,2023-04-01,1028888.0,110.0,1184.03,868.97,13 TO 15,81 years 09 months,Improved,1.33454683171677,103.845077697814
HDB,147 LOR 2 TOA PAYOH,5 ROOM,TOA PAYOH,147 LOR 2 TOA PAYOH,TOA PAYOH,2024-03-01,1108888.0,110.0,1184.03,936.54,19 TO 21,80 years 10 months,Improved,1.33454683171677,103.845077697814
HDB,147 LOR 2 TOA PAYOH,5 ROOM,TOA PAYOH,147 LOR 2 TOA PAYOH,TOA PAYOH,2025-05-01,1260000.0,110.0,1184.03,1064.16,22 TO 24,79 years 09 months,Improved,1.33454683171677,103.845077697814
HDB,147 LOR 2 TOA PAYOH,5 ROOM,TOA PAYOH,147 LOR 2 TOA PAYOH,TOA PAYOH,2025-08-01,1175000.0,110.0,1184.03,992.37,13 TO 15,79 years 05 months,Improved,1.33454683171677,103.845077697814
HDB,147 LOR 2 TOA PAYOH,5 ROOM,TOA PAYOH,147 LOR 2 TOA PAYOH,TOA PAYOH,2026-03-01,1138000.0,110.0,1184.03,961.13,07 TO 09,78 years 10 months,Improved,1.33454683171677,103.845077697814
HDB,149 BISHAN ST 11,5 ROOM,BISHAN,149 BISHAN ST 11,BISHAN,2018-05-01,670000.0,122.0,1313.2,510.21,04 TO 06,67 years 08 months,Improved,1.34427940850465,103.855555665099
HDB,149 BISHAN ST 11,5 ROOM,BISHAN,149 BISHAN ST 11,BISHAN,2020-07-01,630000.0,122.0,1313.2,479.75,04 TO 06,65 years 07 months,Improved,1.34427940850465,103.855555665099
HDB,149 BISHAN ST 11,5 ROOM,BISHAN,149 BISHAN ST 11,BISHAN,2020-12-01,660000.0,122.0,1313.2,502.59,04 TO 06,65 years 02 months,Improved,1.34427940850465,103.855555665099
HDB,149 BISHAN ST 11,5 ROOM,BISHAN,149 BISHAN ST 11,BISHAN,2021-04-01,616000.0,122.0,1313.2,469.08,01 TO 03,64 years 09 months,Improved,1.34427940850465,103.855555665099
HDB,149 BISHAN ST 11,5 ROOM,BISHAN,149 BISHAN ST 11,BISHAN,2022-10-01,720000.0,122.0,1313.2,548.28,01 TO 03,63 years 04 months,Improved,1.34427940850465,103.855555665099
HDB,149 BISHAN ST 11,5 ROOM,BISHAN,149 BISHAN ST 11,BISHAN,2022-11-01,735000.0,122.0,1313.2,559.7,04 TO 06,63 years 02 months,Improved,1.34427940850465,103.855555665099
HDB,149 BISHAN ST 11,5 ROOM,BISHAN,149 BISHAN ST 11,BISHAN,2023-02-01,730000.0,121.0,1302.43,560.49,01 TO 03,63 years,Improved,1.34427940850465,103.855555665099
HDB,149 BISHAN ST 11,5 ROOM,BISHAN,149 BISHAN ST 11,BISHAN,2024-11-01,875000.0,122.0,1313.2,666.31,04 TO 06,61 years 03 months,Improved,1.34427940850465,103.855555665099
HDB,149 BISHAN ST 11,5 ROOM,BISHAN,149 BISHAN ST 11,BISHAN,2025-11-01,930000.0,121.0,1302.43,714.05,07 TO 09,60 years 03 months,Improved,1.34427940850465,103.855555665099
HDB,149 BISHAN ST 11,5 ROOM,BISHAN,149 BISHAN ST 11,BISHAN,2026-06-01,924000.0,122.0,1313.2,703.63,04 TO 06,59 years 07 months,Improved,1.34427940850465,103.855555665099
HDB,152 LOR 2 TOA PAYOH,5 ROOM,TOA PAYOH,152 LOR 2 TOA PAYOH,TOA PAYOH,2018-03-01,910000.0,110.0,1184.03,768.56,25 TO 27,86 years 10 months,Improved,1.33416708512554,103.845891140252
HDB,152 LOR 2 TOA PAYOH,5 ROOM,TOA PAYOH,152 LOR 2 TOA PAYOH,TOA PAYOH,2018-11-01,913800.0,110.0,1184.03,771.77,34 TO 36,86 years 02 months,Improved,1.33416708512554,103.845891140252
HDB,152 LOR 2 TOA PAYOH,5 ROOM,TOA PAYOH,152 LOR 2 TOA PAYOH,TOA PAYOH,2019-07-01,845000.0,110.0,1184.03,713.66,07 TO 09,85 years 06 months,Improved,1.33416708512554,103.845891140252
HDB,152 LOR 2 TOA PAYOH,5 ROOM,TOA PAYOH,152 LOR 2 TOA PAYOH,TOA PAYOH,2021-02-01,840000.0,110.0,1184.03,709.44,07 TO 09,84 years,Improved,1.33416708512554,103.845891140252
HDB,152 LOR 2 TOA PAYOH,5 ROOM,TOA PAYOH,152 LOR 2 TOA PAYOH,TOA PAYOH,2021-09-01,825000.0,110.0,1184.03,696.77,04 TO 06,83 years 05 months,Improved,1.33416708512554,103.845891140252
HDB,152 LOR 2 TOA PAYOH,5 ROOM,TOA PAYOH,152 LOR 2 TOA PAYOH,TOA PAYOH,2021-11-01,970000.0,110.0,1184.03,819.24,16 TO 18,83 years 02 months,Improved,1.33416708512554,103.845891140252
HDB,152 LOR 2 TOA PAYOH,5 ROOM,TOA PAYOH,152 LOR 2 TOA PAYOH,TOA PAYOH,2022-06-01,1100000.0,110.0,1184.03,929.03,34 TO 36,82 years 08 months,Improved,1.33416708512554,103.845891140252
HDB,152 LOR 2 TOA PAYOH,5 ROOM,TOA PAYOH,152 LOR 2 TOA PAYOH,TOA PAYOH,2023-04-01,1288888.0,110.0,1184.03,1088.56,37 TO 39,81 years 09 months,Improved,1.33416708512554,103.845891140252
HDB,152 LOR 2 TOA PAYOH,5 ROOM,TOA PAYOH,152 LOR 2 TOA PAYOH,TOA PAYOH,2023-09-01,1020000.0,110.0,1184.03,861.47,16 TO 18,81 years 05 months,Improved,1.33416708512554,103.845891140252
HDB,152 LOR 2 TOA PAYOH,5 ROOM,TOA PAYOH,152 LOR 2 TOA PAYOH,TOA PAYOH,2023-11-01,1040000.0,110.0,1184.03,878.36,13 TO 15,81 years 02 months,Improved,1.33416708512554,103.845891140252
HDB,152 LOR 2 TOA PAYOH,5 ROOM,TOA PAYOH,152 LOR 2 TOA PAYOH,TOA PAYOH,2024-06-01,1128888.0,110.0,1184.03,953.43,10 TO 12,80 years 08 months,Improved,1.33416708512554,103.845891140252
HDB,152 LOR 2 TOA PAYOH,5 ROOM,TOA PAYOH,152 LOR 2 TOA PAYOH,TOA PAYOH,2024-07-01,1190000.0,110.0,1184.03,1005.04,19 TO 21,80 years 07 months,Improved,1.33416708512554,103.845891140252
HDB,152 LOR 2 TOA PAYOH,5 ROOM,TOA PAYOH,152 LOR 2 TOA PAYOH,TOA PAYOH,2024-11-01,1200000.0,110.0,1184.03,1013.49,13 TO 15,80 years 04 months,Improved,1.33416708512554,103.845891140252
HDB,152 LOR 2 TOA PAYOH,5 ROOM,TOA PAYOH,152 LOR 2 TOA PAYOH,TOA PAYOH,2024-12-01,1188888.0,110.0,1184.03,1004.1,16 TO 18,80 years 02 months,Improved,1.33416708512554,103.845891140252
HDB,152 LOR 2 TOA PAYOH,5 ROOM,TOA PAYOH,152 LOR 2 TOA PAYOH,TOA PAYOH,2025-02-01,1240000.0,110.0,1184.03,1047.27,25 TO 27,80 years,Improved,1.33416708512554,103.845891140252
HDB,153 BISHAN ST 13,5 ROOM,BISHAN,153 BISHAN ST 13,BISHAN,2018-03-01,690000.0,121.0,1302.43,529.78,07 TO 09,68 years 08 months,Improved,1.34608595890118,103.855078297214
HDB,153 BISHAN ST 13,5 ROOM,BISHAN,153 BISHAN ST 13,BISHAN,2019-05-01,685000.0,130.0,1399.31,489.53,01 TO 03,67 years 05 months,Improved,1.34608595890118,103.855078297214
HDB,153 BISHAN ST 13,5 ROOM,BISHAN,153 BISHAN ST 13,BISHAN,2019-07-01,668000.0,119.0,1280.9,521.51,04 TO 06,67 years 03 months,Improved,1.34608595890118,103.855078297214
HDB,153 BISHAN ST 13,5 ROOM,BISHAN,153 BISHAN ST 13,BISHAN,2019-07-01,670000.0,119.0,1280.9,523.07,07 TO 09,67 years 03 months,Improved,1.34608595890118,103.855078297214
HDB,153 BISHAN ST 13,5 ROOM,BISHAN,153 BISHAN ST 13,BISHAN,2019-09-01,638000.0,121.0,1302.43,489.85,01 TO 03,67 years 01 month,Improved,1.34608595890118,103.855078297214
HDB,153 BISHAN ST 13,5 ROOM,BISHAN,153 BISHAN ST 13,BISHAN,2020-11-01,660000.0,121.0,1302.43,506.74,04 TO 06,66 years,Improved,1.34608595890118,103.855078297214
HDB,153 BISHAN ST 13,5 ROOM,BISHAN,153 BISHAN ST 13,BISHAN,2020-11-01,627000.0,121.0,1302.43,481.41,04 TO 06,66 years,Improved,1.34608595890118,103.855078297214
HDB,153 BISHAN ST 13,5 ROOM,BISHAN,153 BISHAN ST 13,BISHAN,2020-11-01,705000.0,119.0,1280.9,550.39,07 TO 09,66 years,Improved,1.34608595890118,103.855078297214
HDB,153 BISHAN ST 13,5 ROOM,BISHAN,153 BISHAN ST 13,BISHAN,2020-12-01,608000.0,130.0,1399.31,434.5,01 TO 03,65 years 10 months,Improved,1.34608595890118,103.855078297214
HDB,153 BISHAN ST 13,5 ROOM,BISHAN,153 BISHAN ST 13,BISHAN,2021-03-01,590000.0,119.0,1280.9,460.61,01 TO 03,65 years 07 months,Improved,1.34608595890118,103.855078297214
HDB,153 BISHAN ST 13,5 ROOM,BISHAN,153 BISHAN ST 13,BISHAN,2021-04-01,710000.0,119.0,1280.9,554.3,07 TO 09,65 years 06 months,Improved,1.34608595890118,103.855078297214
HDB,153 BISHAN ST 13,5 ROOM,BISHAN,153 BISHAN ST 13,BISHAN,2021-06-01,718000.0,130.0,1399.31,513.11,04 TO 06,65 years 05 months,Improved,1.34608595890118,103.855078297214
HDB,153 BISHAN ST 13,5 ROOM,BISHAN,153 BISHAN ST 13,BISHAN,2021-12-01,730000.0,119.0,1280.9,569.91,04 TO 06,64 years 11 months,Improved,1.34608595890118,103.855078297214
HDB,153 BISHAN ST 13,5 ROOM,BISHAN,153 BISHAN ST 13,BISHAN,2021-12-01,790000.0,119.0,1280.9,616.75,07 TO 09,64 years 11 months,Improved,1.34608595890118,103.855078297214
HDB,153 BISHAN ST 13,5 ROOM,BISHAN,153 BISHAN ST 13,BISHAN,2022-09-01,780000.0,121.0,1302.43,598.88,01 TO 03,64 years 02 months,Improved,1.34608595890118,103.855078297214
HDB,153 BISHAN ST 13,5 ROOM,BISHAN,153 BISHAN ST 13,BISHAN,2023-06-01,795000.0,130.0,1399.31,568.14,01 TO 03,63 years 05 months,Improved,1.34608595890118,103.855078297214
HDB,153 BISHAN ST 13,5 ROOM,BISHAN,153 BISHAN ST 13,BISHAN,2024-09-01,880000.0,121.0,1302.43,675.66,01 TO 03,62 years 02 months,Improved,1.34608595890118,103.855078297214
HDB,153 BISHAN ST 13,5 ROOM,BISHAN,153 BISHAN ST 13,BISHAN,2025-08-01,888000.0,119.0,1280.9,693.26,01 TO 03,61 years 03 months,Improved,1.34608595890118,103.855078297214
HDB,153 BISHAN ST 13,5 ROOM,BISHAN,153 BISHAN ST 13,BISHAN,2026-04-01,958000.0,121.0,1302.43,735.55,07 TO 09,60 years 07 months,Improved,1.34608595890118,103.855078297214
HDB,153 BISHAN ST 13,5 ROOM,BISHAN,153 BISHAN ST 13,BISHAN,2026-04-01,950000.0,130.0,1399.31,678.91,04 TO 06,60 years 07 months,Improved,1.34608595890118,103.855078297214
HDB,153 BISHAN ST 13,5 ROOM,BISHAN,153 BISHAN ST 13,BISHAN,2026-07-01,930000.0,130.0,1399.31,664.61,04 TO 06,60 years 03 months,Improved,1.34608595890118,103.855078297214
HDB,154 BISHAN ST 13,5 ROOM,BISHAN,154 BISHAN ST 13,BISHAN,2017-10-01,620000.0,121.0,1302.43,476.03,01 TO 03,69 years 02 months,Improved,1.34662507482215,103.855033173199
HDB,154 BISHAN ST 13,5 ROOM,BISHAN,154 BISHAN ST 13,BISHAN,2019-11-01,690000.0,121.0,1302.43,529.78,04 TO 06,67 years 01 month,Improved,1.34662507482215,103.855033173199
HDB,154 BISHAN ST 13,5 ROOM,BISHAN,154 BISHAN ST 13,BISHAN,2020-11-01,620000.0,121.0,1302.43,476.03,01 TO 03,66 years 02 months,Improved,1.34662507482215,103.855033173199
HDB,154 BISHAN ST 13,5 ROOM,BISHAN,154 BISHAN ST 13,BISHAN,2021-01-01,688000.0,121.0,1302.43,528.24,04 TO 06,66 years,Improved,1.34662507482215,103.855033173199
HDB,154 BISHAN ST 13,5 ROOM,BISHAN,154 BISHAN ST 13,BISHAN,2022-05-01,730000.0,121.0,1302.43,560.49,01 TO 03,64 years 08 months,Improved,1.34662507482215,103.855033173199
HDB,154 BISHAN ST 13,5 ROOM,BISHAN,154 BISHAN ST 13,BISHAN,2023-07-01,771200.0,121.0,1302.43,592.12,01 TO 03,63 years 06 months,Improved,1.34662507482215,103.855033173199
HDB,154 BISHAN ST 13,5 ROOM,BISHAN,154 BISHAN ST 13,BISHAN,2026-04-01,915000.0,121.0,1302.43,702.53,04 TO 06,60 years 08 months,Improved,1.34662507482215,103.855033173199
HDB,154 LOR 2 TOA PAYOH,5 ROOM,TOA PAYOH,154 LOR 2 TOA PAYOH,TOA PAYOH,2017-03-01,855000.0,124.0,1334.72,640.58,01 TO 03,82 years 11 months,Improved,1.3332878303261,103.846165629616
HDB,154 LOR 2 TOA PAYOH,5 ROOM,TOA PAYOH,154 LOR 2 TOA PAYOH,TOA PAYOH,2018-03-01,860000.0,122.0,1313.2,654.89,04 TO 06,81 years 11 months,Improved,1.3332878303261,103.846165629616
HDB,154 LOR 2 TOA PAYOH,5 ROOM,TOA PAYOH,154 LOR 2 TOA PAYOH,TOA PAYOH,2019-01-01,925000.0,124.0,1334.72,693.03,28 TO 30,81 years 01 month,Improved,1.3332878303261,103.846165629616
HDB,154 LOR 2 TOA PAYOH,5 ROOM,TOA PAYOH,154 LOR 2 TOA PAYOH,TOA PAYOH,2019-05-01,890000.0,124.0,1334.72,666.8,13 TO 15,80 years 09 months,Improved,1.3332878303261,103.846165629616
HDB,154 LOR 2 TOA PAYOH,5 ROOM,TOA PAYOH,154 LOR 2 TOA PAYOH,TOA PAYOH,2021-06-01,928888.0,122.0,1313.2,707.35,13 TO 15,78 years 09 months,Improved,1.3332878303261,103.846165629616
HDB,154 LOR 2 TOA PAYOH,5 ROOM,TOA PAYOH,154 LOR 2 TOA PAYOH,TOA PAYOH,2021-10-01,925000.0,124.0,1334.72,693.03,07 TO 09,78 years 04 months,Improved,1.3332878303261,103.846165629616
HDB,154 LOR 2 TOA PAYOH,5 ROOM,TOA PAYOH,154 LOR 2 TOA PAYOH,TOA PAYOH,2022-02-01,1000000.0,124.0,1334.72,749.22,28 TO 30,78 years,Improved,1.3332878303261,103.846165629616
HDB,154 LOR 2 TOA PAYOH,5 ROOM,TOA PAYOH,154 LOR 2 TOA PAYOH,TOA PAYOH,2022-08-01,1030000.0,124.0,1334.72,771.7,01 TO 03,77 years 07 months,Improved,1.3332878303261,103.846165629616
HDB,154 LOR 2 TOA PAYOH,5 ROOM,TOA PAYOH,154 LOR 2 TOA PAYOH,TOA PAYOH,2023-08-01,1200000.0,124.0,1334.72,899.06,25 TO 27,76 years 07 months,Improved,1.3332878303261,103.846165629616
HDB,154 LOR 2 TOA PAYOH,5 ROOM,TOA PAYOH,154 LOR 2 TOA PAYOH,TOA PAYOH,2025-01-01,1230888.0,122.0,1313.2,937.32,22 TO 24,75 years 02 months,Improved,1.3332878303261,103.846165629616
HDB,154 LOR 2 TOA PAYOH,5 ROOM,TOA PAYOH,154 LOR 2 TOA PAYOH,TOA PAYOH,2026-02-01,1218000.0,124.0,1334.72,912.55,13 TO 15,74 years 01 month,Improved,1.3332878303261,103.846165629616
HDB,155 BISHAN ST 13,5 ROOM,BISHAN,155 BISHAN ST 13,BISHAN,2017-09-01,760000.0,130.0,1399.31,543.13,19 TO 21,69 years 02 months,Improved,1.3462270923831,103.85590556522
HDB,155 BISHAN ST 13,5 ROOM,BISHAN,155 BISHAN ST 13,BISHAN,2018-04-01,718000.0,121.0,1302.43,551.28,19 TO 21,68 years 07 months,Improved,1.3462270923831,103.85590556522
HDB,155 BISHAN ST 13,5 ROOM,BISHAN,155 BISHAN ST 13,BISHAN,2018-06-01,798000.0,131.0,1410.07,565.93,19 TO 21,68 years 05 months,Improved,1.3462270923831,103.85590556522
HDB,155 BISHAN ST 13,5 ROOM,BISHAN,155 BISHAN ST 13,BISHAN,2019-02-01,720000.0,131.0,1410.07,510.61,04 TO 06,67 years 09 months,Improved,1.3462270923831,103.85590556522
HDB,155 BISHAN ST 13,5 ROOM,BISHAN,155 BISHAN ST 13,BISHAN,2019-09-01,738000.0,121.0,1302.43,566.63,19 TO 21,67 years 03 months,Improved,1.3462270923831,103.85590556522
HDB,155 BISHAN ST 13,5 ROOM,BISHAN,155 BISHAN ST 13,BISHAN,2020-01-01,707000.0,121.0,1302.43,542.83,13 TO 15,66 years 11 months,Improved,1.3462270923831,103.85590556522
HDB,155 BISHAN ST 13,5 ROOM,BISHAN,155 BISHAN ST 13,BISHAN,2020-01-01,780000.0,131.0,1410.07,553.16,10 TO 12,66 years 10 months,Improved,1.3462270923831,103.85590556522
HDB,155 BISHAN ST 13,5 ROOM,BISHAN,155 BISHAN ST 13,BISHAN,2020-02-01,610000.0,130.0,1399.31,435.93,01 TO 03,66 years 09 months,Improved,1.3462270923831,103.85590556522
HDB,155 BISHAN ST 13,5 ROOM,BISHAN,155 BISHAN ST 13,BISHAN,2020-12-01,763888.0,131.0,1410.07,541.74,13 TO 15,66 years,Improved,1.3462270923831,103.85590556522
HDB,155 BISHAN ST 13,5 ROOM,BISHAN,155 BISHAN ST 13,BISHAN,2021-09-01,825000.0,131.0,1410.07,585.08,19 TO 21,65 years 02 months,Improved,1.3462270923831,103.85590556522
HDB,155 BISHAN ST 13,5 ROOM,BISHAN,155 BISHAN ST 13,BISHAN,2022-06-01,815000.0,121.0,1302.43,625.75,10 TO 12,64 years 06 months,Improved,1.3462270923831,103.85590556522
HDB,155 BISHAN ST 13,5 ROOM,BISHAN,155 BISHAN ST 13,BISHAN,2022-10-01,855000.0,121.0,1302.43,656.46,16 TO 18,64 years 02 months,Improved,1.3462270923831,103.85590556522
HDB,155 BISHAN ST 13,5 ROOM,BISHAN,155 BISHAN ST 13,BISHAN,2023-07-01,925000.0,121.0,1302.43,710.21,13 TO 15,63 years 05 months,Improved,1.3462270923831,103.85590556522
HDB,155 BISHAN ST 13,5 ROOM,BISHAN,155 BISHAN ST 13,BISHAN,2024-07-01,818000.0,121.0,1302.43,628.06,01 TO 03,62 years 05 months,Improved,1.3462270923831,103.85590556522
HDB,155 BISHAN ST 13,5 ROOM,BISHAN,155 BISHAN ST 13,BISHAN,2024-12-01,925000.0,121.0,1302.43,710.21,10 TO 12,62 years 01 month,Improved,1.3462270923831,103.85590556522
HDB,155 BISHAN ST 13,5 ROOM,BISHAN,155 BISHAN ST 13,BISHAN,2025-03-01,1008888.0,121.0,1302.43,774.62,19 TO 21,61 years 08 months,Improved,1.3462270923831,103.85590556522
HDB,155 BISHAN ST 13,5 ROOM,BISHAN,155 BISHAN ST 13,BISHAN,2025-07-01,1080000.0,130.0,1399.31,771.81,10 TO 12,61 years 05 months,Improved,1.3462270923831,103.85590556522
HDB,155 BISHAN ST 13,5 ROOM,BISHAN,155 BISHAN ST 13,BISHAN,2026-02-01,935000.0,130.0,1399.31,668.19,04 TO 06,60 years 10 months,Improved,1.3462270923831,103.85590556522
HDB,155 BISHAN ST 13,5 ROOM,BISHAN,155 BISHAN ST 13,BISHAN,2026-06-01,1100000.0,121.0,1302.43,844.57,16 TO 18,60 years 06 months,Improved,1.3462270923831,103.85590556522
HDB,156 BISHAN ST 13,5 ROOM,BISHAN,156 BISHAN ST 13,BISHAN,2018-05-01,720000.0,121.0,1302.43,552.81,13 TO 15,69 years 04 months,Improved,1.34532332600273,103.856581140233
HDB,156 BISHAN ST 13,5 ROOM,BISHAN,156 BISHAN ST 13,BISHAN,2018-06-01,770000.0,121.0,1302.43,591.2,16 TO 18,69 years 04 months,Improved,1.34532332600273,103.856581140233
HDB,156 BISHAN ST 13,5 ROOM,BISHAN,156 BISHAN ST 13,BISHAN,2018-10-01,590000.0,131.0,1410.07,418.42,01 TO 03,68 years 11 months,Improved,1.34532332600273,103.856581140233
HDB,156 BISHAN ST 13,5 ROOM,BISHAN,156 BISHAN ST 13,BISHAN,2018-10-01,710000.0,121.0,1302.43,545.13,04 TO 06,69 years,Improved,1.34532332600273,103.856581140233
HDB,156 BISHAN ST 13,5 ROOM,BISHAN,156 BISHAN ST 13,BISHAN,2020-04-01,670000.0,121.0,1302.43,514.42,13 TO 15,67 years 06 months,Improved,1.34532332600273,103.856581140233
HDB,156 BISHAN ST 13,5 ROOM,BISHAN,156 BISHAN ST 13,BISHAN,2020-07-01,780000.0,131.0,1410.07,553.16,04 TO 06,67 years 02 months,Improved,1.34532332600273,103.856581140233
HDB,156 BISHAN ST 13,5 ROOM,BISHAN,156 BISHAN ST 13,BISHAN,2021-04-01,728000.0,121.0,1302.43,558.95,19 TO 21,66 years 06 months,Improved,1.34532332600273,103.856581140233
HDB,156 BISHAN ST 13,5 ROOM,BISHAN,156 BISHAN ST 13,BISHAN,2021-09-01,690000.0,131.0,1410.07,489.34,01 TO 03,66 years 01 month,Improved,1.34532332600273,103.856581140233
HDB,156 BISHAN ST 13,5 ROOM,BISHAN,156 BISHAN ST 13,BISHAN,2022-07-01,700000.0,121.0,1302.43,537.46,01 TO 03,65 years 03 months,Improved,1.34532332600273,103.856581140233
HDB,156 BISHAN ST 13,5 ROOM,BISHAN,156 BISHAN ST 13,BISHAN,2022-07-01,808000.0,121.0,1302.43,620.38,10 TO 12,65 years 02 months,Improved,1.34532332600273,103.856581140233
HDB,156 BISHAN ST 13,5 ROOM,BISHAN,156 BISHAN ST 13,BISHAN,2022-09-01,895000.0,121.0,1302.43,687.18,19 TO 21,65 years 01 month,Improved,1.34532332600273,103.856581140233
HDB,156 BISHAN ST 13,5 ROOM,BISHAN,156 BISHAN ST 13,BISHAN,2022-11-01,888000.0,131.0,1410.07,629.76,07 TO 09,64 years 11 months,Improved,1.34532332600273,103.856581140233
HDB,156 BISHAN ST 13,5 ROOM,BISHAN,156 BISHAN ST 13,BISHAN,2024-04-01,935000.0,121.0,1302.43,717.89,16 TO 18,63 years 06 months,Improved,1.34532332600273,103.856581140233
HDB,156 BISHAN ST 13,5 ROOM,BISHAN,156 BISHAN ST 13,BISHAN,2024-05-01,960000.0,121.0,1302.43,737.08,19 TO 21,63 years 05 months,Improved,1.34532332600273,103.856581140233
HDB,156 BISHAN ST 13,5 ROOM,BISHAN,156 BISHAN ST 13,BISHAN,2024-07-01,990000.0,131.0,1410.07,702.09,04 TO 06,63 years 03 months,Improved,1.34532332600273,103.856581140233
HDB,156 BISHAN ST 13,5 ROOM,BISHAN,156 BISHAN ST 13,BISHAN,2024-08-01,1008000.0,128.0,1377.78,731.61,16 TO 18,63 years 01 month,Improved,1.34532332600273,103.856581140233
HDB,156 BISHAN ST 13,5 ROOM,BISHAN,156 BISHAN ST 13,BISHAN,2025-02-01,980000.0,121.0,1302.43,752.44,19 TO 21,62 years 08 months,Improved,1.34532332600273,103.856581140233
HDB,157 BISHAN ST 13,5 ROOM,BISHAN,157 BISHAN ST 13,BISHAN,2017-03-01,678000.0,121.0,1302.43,520.56,04 TO 06,69 years 10 months,Improved,1.34605755352171,103.856679995938
HDB,157 BISHAN ST 13,5 ROOM,BISHAN,157 BISHAN ST 13,BISHAN,2017-05-01,820000.0,131.0,1410.07,581.53,19 TO 21,69 years 08 months,Improved,1.34605755352171,103.856679995938
HDB,157 BISHAN ST 13,5 ROOM,BISHAN,157 BISHAN ST 13,BISHAN,2018-08-01,675000.0,121.0,1302.43,518.26,07 TO 09,68 years 05 months,Improved,1.34605755352171,103.856679995938
HDB,157 BISHAN ST 13,5 ROOM,BISHAN,157 BISHAN ST 13,BISHAN,2019-08-01,815000.0,131.0,1410.07,577.99,19 TO 21,67 years 05 months,Improved,1.34605755352171,103.856679995938
HDB,157 BISHAN ST 13,5 ROOM,BISHAN,157 BISHAN ST 13,BISHAN,2019-11-01,800000.0,121.0,1302.43,614.24,19 TO 21,67 years 03 months,Improved,1.34605755352171,103.856679995938
HDB,157 BISHAN ST 13,5 ROOM,BISHAN,157 BISHAN ST 13,BISHAN,2020-02-01,705000.0,131.0,1410.07,499.97,13 TO 15,66 years 11 months,Improved,1.34605755352171,103.856679995938
HDB,157 BISHAN ST 13,5 ROOM,BISHAN,157 BISHAN ST 13,BISHAN,2020-08-01,760000.0,121.0,1302.43,583.52,19 TO 21,66 years 05 months,Improved,1.34605755352171,103.856679995938
HDB,157 BISHAN ST 13,5 ROOM,BISHAN,157 BISHAN ST 13,BISHAN,2020-12-01,780000.0,131.0,1410.07,553.16,13 TO 15,66 years 02 months,Improved,1.34605755352171,103.856679995938
HDB,157 BISHAN ST 13,5 ROOM,BISHAN,157 BISHAN ST 13,BISHAN,2021-03-01,828000.0,121.0,1302.43,635.73,22 TO 24,65 years 10 months,Improved,1.34605755352171,103.856679995938
HDB,157 BISHAN ST 13,5 ROOM,BISHAN,157 BISHAN ST 13,BISHAN,2022-10-01,810000.0,131.0,1410.07,574.44,04 TO 06,64 years 04 months,Improved,1.34605755352171,103.856679995938
HDB,157 BISHAN ST 13,5 ROOM,BISHAN,157 BISHAN ST 13,BISHAN,2022-10-01,928000.0,121.0,1302.43,712.51,16 TO 18,64 years 04 months,Improved,1.34605755352171,103.856679995938
HDB,157 BISHAN ST 13,5 ROOM,BISHAN,157 BISHAN ST 13,BISHAN,2022-11-01,880000.0,121.0,1302.43,675.66,19 TO 21,64 years 03 months,Improved,1.34605755352171,103.856679995938
HDB,157 BISHAN ST 13,5 ROOM,BISHAN,157 BISHAN ST 13,BISHAN,2024-03-01,940000.0,131.0,1410.07,666.63,07 TO 09,62 years 11 months,Improved,1.34605755352171,103.856679995938
HDB,157 BISHAN ST 13,5 ROOM,BISHAN,157 BISHAN ST 13,BISHAN,2024-07-01,912000.0,131.0,1410.07,646.78,04 TO 06,62 years 07 months,Improved,1.34605755352171,103.856679995938
HDB,157 BISHAN ST 13,5 ROOM,BISHAN,157 BISHAN ST 13,BISHAN,2024-10-01,840888.0,121.0,1302.43,645.63,01 TO 03,62 years 04 months,Improved,1.34605755352171,103.856679995938
HDB,157 BISHAN ST 13,5 ROOM,BISHAN,157 BISHAN ST 13,BISHAN,2025-09-01,1020000.0,121.0,1302.43,783.15,10 TO 12,61 years 04 months,Improved,1.34605755352171,103.856679995938
HDB,157 BISHAN ST 13,5 ROOM,BISHAN,157 BISHAN ST 13,BISHAN,2026-03-01,918000.0,121.0,1302.43,704.84,07 TO 09,60 years 10 months,Improved,1.34605755352171,103.856679995938
HDB,158 BISHAN ST 13,5 ROOM,BISHAN,158 BISHAN ST 13,BISHAN,2017-07-01,725000.0,121.0,1302.43,556.65,10 TO 12,69 years 07 months,Improved,1.34653526211205,103.856208219158
HDB,158 BISHAN ST 13,5 ROOM,BISHAN,158 BISHAN ST 13,BISHAN,2018-04-01,710000.0,121.0,1302.43,545.13,04 TO 06,68 years 10 months,Improved,1.34653526211205,103.856208219158
HDB,158 BISHAN ST 13,5 ROOM,BISHAN,158 BISHAN ST 13,BISHAN,2018-06-01,730000.0,127.0,1367.02,534.01,07 TO 09,68 years 09 months,Improved,1.34653526211205,103.856208219158
HDB,158 BISHAN ST 13,5 ROOM,BISHAN,158 BISHAN ST 13,BISHAN,2018-09-01,728000.0,121.0,1302.43,558.95,19 TO 21,68 years 06 months,Improved,1.34653526211205,103.856208219158
HDB,158 BISHAN ST 13,5 ROOM,BISHAN,158 BISHAN ST 13,BISHAN,2018-10-01,760000.0,131.0,1410.07,538.98,07 TO 09,68 years 04 months,Improved,1.34653526211205,103.856208219158
HDB,158 BISHAN ST 13,5 ROOM,BISHAN,158 BISHAN ST 13,BISHAN,2019-02-01,800000.0,128.0,1377.78,580.64,19 TO 21,68 years 01 month,Improved,1.34653526211205,103.856208219158
HDB,158 BISHAN ST 13,5 ROOM,BISHAN,158 BISHAN ST 13,BISHAN,2020-03-01,745000.0,128.0,1377.78,540.73,13 TO 15,67 years,Improved,1.34653526211205,103.856208219158
HDB,158 BISHAN ST 13,5 ROOM,BISHAN,158 BISHAN ST 13,BISHAN,2020-07-01,730000.0,127.0,1367.02,534.01,04 TO 06,66 years 07 months,Improved,1.34653526211205,103.856208219158
HDB,158 BISHAN ST 13,5 ROOM,BISHAN,158 BISHAN ST 13,BISHAN,2020-11-01,650000.0,127.0,1367.02,475.49,07 TO 09,66 years 04 months,Improved,1.34653526211205,103.856208219158
HDB,158 BISHAN ST 13,5 ROOM,BISHAN,158 BISHAN ST 13,BISHAN,2021-01-01,720000.0,121.0,1302.43,552.81,10 TO 12,66 years 01 month,Improved,1.34653526211205,103.856208219158
HDB,158 BISHAN ST 13,5 ROOM,BISHAN,158 BISHAN ST 13,BISHAN,2021-02-01,780000.0,128.0,1377.78,566.13,19 TO 21,66 years,Improved,1.34653526211205,103.856208219158
HDB,158 BISHAN ST 13,5 ROOM,BISHAN,158 BISHAN ST 13,BISHAN,2021-09-01,770888.0,127.0,1367.02,563.92,07 TO 09,65 years 05 months,Improved,1.34653526211205,103.856208219158
HDB,158 BISHAN ST 13,5 ROOM,BISHAN,158 BISHAN ST 13,BISHAN,2021-11-01,705000.0,131.0,1410.07,499.97,04 TO 06,65 years 04 months,Improved,1.34653526211205,103.856208219158
HDB,158 BISHAN ST 13,5 ROOM,BISHAN,158 BISHAN ST 13,BISHAN,2022-08-01,688000.0,121.0,1302.43,528.24,01 TO 03,64 years 06 months,Improved,1.34653526211205,103.856208219158
HDB,158 BISHAN ST 13,5 ROOM,BISHAN,158 BISHAN ST 13,BISHAN,2022-10-01,780000.0,127.0,1367.02,570.59,04 TO 06,64 years 05 months,Improved,1.34653526211205,103.856208219158
HDB,158 BISHAN ST 13,5 ROOM,BISHAN,158 BISHAN ST 13,BISHAN,2022-10-01,925888.0,121.0,1302.43,710.89,07 TO 09,64 years 05 months,Improved,1.34653526211205,103.856208219158
HDB,158 BISHAN ST 13,5 ROOM,BISHAN,158 BISHAN ST 13,BISHAN,2023-04-01,780000.0,121.0,1302.43,598.88,01 TO 03,63 years 11 months,Improved,1.34653526211205,103.856208219158
HDB,158 BISHAN ST 13,5 ROOM,BISHAN,158 BISHAN ST 13,BISHAN,2024-05-01,968000.0,121.0,1302.43,743.23,07 TO 09,62 years 09 months,Improved,1.34653526211205,103.856208219158
HDB,158 BISHAN ST 13,5 ROOM,BISHAN,158 BISHAN ST 13,BISHAN,2024-12-01,968000.0,121.0,1302.43,743.23,13 TO 15,62 years 04 months,Improved,1.34653526211205,103.856208219158
HDB,158 BISHAN ST 13,5 ROOM,BISHAN,158 BISHAN ST 13,BISHAN,2025-04-01,1008000.0,121.0,1302.43,773.94,10 TO 12,61 years 11 months,Improved,1.34653526211205,103.856208219158
HDB,158 BISHAN ST 13,5 ROOM,BISHAN,158 BISHAN ST 13,BISHAN,2026-05-01,870000.0,121.0,1302.43,667.98,04 TO 06,60 years 10 months,Improved,1.34653526211205,103.856208219158
HDB,159 BISHAN ST 13,EXECUTIVE,BISHAN,159 BISHAN ST 13,BISHAN,2017-02-01,790000.0,144.0,1550.0,509.68,01 TO 03,70 years 04 months,Maisonette,1.34681399053573,103.855776492186
HDB,159 BISHAN ST 13,EXECUTIVE,BISHAN,159 BISHAN ST 13,BISHAN,2017-02-01,820000.0,144.0,1550.0,529.03,01 TO 03,70 years 04 months,Maisonette,1.34681399053573,103.855776492186
HDB,159 BISHAN ST 13,EXECUTIVE,BISHAN,159 BISHAN ST 13,BISHAN,2020-08-01,810000.0,144.0,1550.0,522.58,01 TO 03,66 years 10 months,Maisonette,1.34681399053573,103.855776492186
HDB,159 BISHAN ST 13,EXECUTIVE,BISHAN,159 BISHAN ST 13,BISHAN,2024-01-01,1088888.0,144.0,1550.0,702.51,01 TO 03,63 years 06 months,Maisonette,1.34681399053573,103.855776492186
HDB,159 BISHAN ST 13,EXECUTIVE,BISHAN,159 BISHAN ST 13,BISHAN,2025-01-01,1200000.0,144.0,1550.0,774.19,01 TO 03,62 years 06 months,Maisonette,1.34681399053573,103.855776492186
HDB,160 BISHAN ST 13,EXECUTIVE,BISHAN,160 BISHAN ST 13,BISHAN,2018-03-01,801000.0,144.0,1550.0,516.77,01 TO 03,68 years 05 months,Maisonette,1.34692766254311,103.856353905694
HDB,160 BISHAN ST 13,EXECUTIVE,BISHAN,160 BISHAN ST 13,BISHAN,2020-12-01,825000.0,149.0,1603.82,514.4,01 TO 03,65 years 09 months,Maisonette,1.34692766254311,103.856353905694
HDB,160 BISHAN ST 13,EXECUTIVE,BISHAN,160 BISHAN ST 13,BISHAN,2025-06-01,1108888.0,149.0,1603.82,691.4,01 TO 03,61 years 03 months,Maisonette,1.34692766254311,103.856353905694
HDB,160 BISHAN ST 13,EXECUTIVE,BISHAN,160 BISHAN ST 13,BISHAN,2025-08-01,1222800.0,144.0,1550.0,788.9,01 TO 03,61 years 01 month,Maisonette,1.34692766254311,103.856353905694
HDB,160 BISHAN ST 13,EXECUTIVE,BISHAN,160 BISHAN ST 13,BISHAN,2025-12-01,1250000.0,144.0,1550.0,806.45,01 TO 03,60 years 08 months,Maisonette,1.34692766254311,103.856353905694
HDB,160 BISHAN ST 13,EXECUTIVE,BISHAN,160 BISHAN ST 13,BISHAN,2026-01-01,1350000.0,152.0,1636.11,825.13,01 TO 03,60 years 08 months,Maisonette,1.34692766254311,103.856353905694
HDB,161 BISHAN ST 13,5 ROOM,BISHAN,161 BISHAN ST 13,BISHAN,2017-02-01,685000.0,121.0,1302.43,525.94,07 TO 09,70 years 05 months,Improved,1.34759183482171,103.856411840501
HDB,161 BISHAN ST 13,5 ROOM,BISHAN,161 BISHAN ST 13,BISHAN,2017-03-01,725000.0,121.0,1302.43,556.65,16 TO 18,70 years 04 months,Improved,1.34759183482171,103.856411840501
HDB,161 BISHAN ST 13,5 ROOM,BISHAN,161 BISHAN ST 13,BISHAN,2017-06-01,695000.0,121.0,1302.43,533.62,04 TO 06,70 years 01 month,Improved,1.34759183482171,103.856411840501
HDB,161 BISHAN ST 13,5 ROOM,BISHAN,161 BISHAN ST 13,BISHAN,2017-07-01,760000.0,127.0,1367.02,555.96,07 TO 09,70 years,Improved,1.34759183482171,103.856411840501
HDB,161 BISHAN ST 13,5 ROOM,BISHAN,161 BISHAN ST 13,BISHAN,2018-04-01,718000.0,121.0,1302.43,551.28,04 TO 06,69 years 04 months,Improved,1.34759183482171,103.856411840501
HDB,161 BISHAN ST 13,5 ROOM,BISHAN,161 BISHAN ST 13,BISHAN,2018-05-01,828000.0,131.0,1410.07,587.2,19 TO 21,69 years 03 months,Improved,1.34759183482171,103.856411840501
HDB,161 BISHAN ST 13,5 ROOM,BISHAN,161 BISHAN ST 13,BISHAN,2018-08-01,820000.0,131.0,1410.07,581.53,19 TO 21,68 years 11 months,Improved,1.34759183482171,103.856411840501
HDB,161 BISHAN ST 13,5 ROOM,BISHAN,161 BISHAN ST 13,BISHAN,2019-09-01,735000.0,121.0,1302.43,564.33,16 TO 18,67 years 10 months,Improved,1.34759183482171,103.856411840501
HDB,161 BISHAN ST 13,5 ROOM,BISHAN,161 BISHAN ST 13,BISHAN,2019-10-01,690000.0,127.0,1367.02,504.75,04 TO 06,67 years 09 months,Improved,1.34759183482171,103.856411840501
HDB,161 BISHAN ST 13,5 ROOM,BISHAN,161 BISHAN ST 13,BISHAN,2019-12-01,788000.0,131.0,1410.07,558.84,16 TO 18,67 years 07 months,Improved,1.34759183482171,103.856411840501
HDB,161 BISHAN ST 13,5 ROOM,BISHAN,161 BISHAN ST 13,BISHAN,2021-06-01,760000.0,121.0,1302.43,583.52,13 TO 15,66 years 02 months,Improved,1.34759183482171,103.856411840501
HDB,161 BISHAN ST 13,5 ROOM,BISHAN,161 BISHAN ST 13,BISHAN,2021-07-01,780000.0,121.0,1302.43,598.88,13 TO 15,66 years 01 month,Improved,1.34759183482171,103.856411840501
HDB,161 BISHAN ST 13,5 ROOM,BISHAN,161 BISHAN ST 13,BISHAN,2022-10-01,860000.0,121.0,1302.43,660.3,07 TO 09,64 years 10 months,Improved,1.34759183482171,103.856411840501
HDB,161 BISHAN ST 13,5 ROOM,BISHAN,161 BISHAN ST 13,BISHAN,2024-01-01,962000.0,121.0,1302.43,738.62,19 TO 21,63 years 07 months,Improved,1.34759183482171,103.856411840501
HDB,161 BISHAN ST 13,5 ROOM,BISHAN,161 BISHAN ST 13,BISHAN,2024-06-01,951000.0,131.0,1410.07,674.43,04 TO 06,63 years 02 months,Improved,1.34759183482171,103.856411840501
HDB,161 BISHAN ST 13,5 ROOM,BISHAN,161 BISHAN ST 13,BISHAN,2024-07-01,990000.0,121.0,1302.43,760.12,19 TO 21,63 years 01 month,Improved,1.34759183482171,103.856411840501
HDB,161 BISHAN ST 13,5 ROOM,BISHAN,161 BISHAN ST 13,BISHAN,2024-07-01,1086000.0,131.0,1410.07,770.17,19 TO 21,63 years 01 month,Improved,1.34759183482171,103.856411840501
HDB,161 BISHAN ST 13,5 ROOM,BISHAN,161 BISHAN ST 13,BISHAN,2025-05-01,1100000.0,128.0,1377.78,798.39,22 TO 24,62 years 03 months,Improved,1.34759183482171,103.856411840501
HDB,161 BISHAN ST 13,5 ROOM,BISHAN,161 BISHAN ST 13,BISHAN,2026-05-01,978000.0,121.0,1302.43,750.9,04 TO 06,61 years 02 months,Improved,1.34759183482171,103.856411840501
HDB,161 BISHAN ST 13,5 ROOM,BISHAN,161 BISHAN ST 13,BISHAN,2026-07-01,908888.0,121.0,1302.43,697.84,04 TO 06,61 years 01 month,Improved,1.34759183482171,103.856411840501
HDB,162 BISHAN ST 13,EXECUTIVE,BISHAN,162 BISHAN ST 13,BISHAN,2019-04-01,770000.0,144.0,1550.0,496.77,01 TO 03,67 years 10 months,Maisonette,1.34757959539738,103.855948520053
HDB,162 BISHAN ST 13,EXECUTIVE,BISHAN,162 BISHAN ST 13,BISHAN,2023-01-01,980000.0,149.0,1603.82,611.04,01 TO 03,64 years 02 months,Maisonette,1.34757959539738,103.855948520053
HDB,162 BISHAN ST 13,EXECUTIVE,BISHAN,162 BISHAN ST 13,BISHAN,2023-07-01,1068000.0,144.0,1550.0,689.03,01 TO 03,63 years 08 months,Maisonette,1.34757959539738,103.855948520053
HDB,162 BISHAN ST 13,EXECUTIVE,BISHAN,162 BISHAN ST 13,BISHAN,2025-04-01,1150000.0,142.0,1528.47,752.38,04 TO 06,61 years 11 months,Apartment,1.34757959539738,103.855948520053
HDB,163 BISHAN ST 13,5 ROOM,BISHAN,163 BISHAN ST 13,BISHAN,2017-05-01,705000.0,121.0,1302.43,541.3,04 TO 06,70 years 02 months,Improved,1.34802295169562,103.856274981004
HDB,163 BISHAN ST 13,5 ROOM,BISHAN,163 BISHAN ST 13,BISHAN,2017-05-01,760000.0,121.0,1302.43,583.52,16 TO 18,70 years 02 months,Improved,1.34802295169562,103.856274981004
HDB,163 BISHAN ST 13,5 ROOM,BISHAN,163 BISHAN ST 13,BISHAN,2019-04-01,758888.0,121.0,1302.43,582.67,19 TO 21,68 years 03 months,Improved,1.34802295169562,103.856274981004
HDB,163 BISHAN ST 13,5 ROOM,BISHAN,163 BISHAN ST 13,BISHAN,2019-05-01,690000.0,126.0,1356.25,508.76,04 TO 06,68 years 02 months,Improved,1.34802295169562,103.856274981004
HDB,163 BISHAN ST 13,5 ROOM,BISHAN,163 BISHAN ST 13,BISHAN,2019-06-01,742000.0,121.0,1302.43,569.7,13 TO 15,68 years 01 month,Improved,1.34802295169562,103.856274981004
HDB,163 BISHAN ST 13,5 ROOM,BISHAN,163 BISHAN ST 13,BISHAN,2020-02-01,658888.0,121.0,1302.43,505.89,01 TO 03,67 years 05 months,Improved,1.34802295169562,103.856274981004
HDB,163 BISHAN ST 13,5 ROOM,BISHAN,163 BISHAN ST 13,BISHAN,2020-12-01,758000.0,131.0,1410.07,537.56,13 TO 15,66 years 08 months,Improved,1.34802295169562,103.856274981004
HDB,163 BISHAN ST 13,5 ROOM,BISHAN,163 BISHAN ST 13,BISHAN,2021-01-01,628000.0,121.0,1302.43,482.17,01 TO 03,66 years 06 months,Improved,1.34802295169562,103.856274981004
HDB,163 BISHAN ST 13,5 ROOM,BISHAN,163 BISHAN ST 13,BISHAN,2021-01-01,715000.0,121.0,1302.43,548.97,16 TO 18,66 years 07 months,Improved,1.34802295169562,103.856274981004
HDB,163 BISHAN ST 13,5 ROOM,BISHAN,163 BISHAN ST 13,BISHAN,2022-02-01,850000.0,121.0,1302.43,652.63,16 TO 18,65 years 06 months,Improved,1.34802295169562,103.856274981004
HDB,163 BISHAN ST 13,5 ROOM,BISHAN,163 BISHAN ST 13,BISHAN,2023-03-01,928000.0,131.0,1410.07,658.12,16 TO 18,64 years 04 months,Improved,1.34802295169562,103.856274981004
HDB,163 BISHAN ST 13,5 ROOM,BISHAN,163 BISHAN ST 13,BISHAN,2023-03-01,958000.0,131.0,1410.07,679.4,04 TO 06,64 years 04 months,Improved,1.34802295169562,103.856274981004
HDB,163 BISHAN ST 13,5 ROOM,BISHAN,163 BISHAN ST 13,BISHAN,2023-09-01,958000.0,131.0,1410.07,679.4,04 TO 06,63 years 10 months,Improved,1.34802295169562,103.856274981004
HDB,163 BISHAN ST 13,5 ROOM,BISHAN,163 BISHAN ST 13,BISHAN,2024-01-01,942000.0,121.0,1302.43,723.26,19 TO 21,63 years 07 months,Improved,1.34802295169562,103.856274981004
HDB,164 BISHAN ST 13,5 ROOM,BISHAN,164 BISHAN ST 13,BISHAN,2017-04-01,758000.0,121.0,1302.43,581.99,07 TO 09,70 years 03 months,Improved,1.34846352425067,103.856094684689
HDB,164 BISHAN ST 13,5 ROOM,BISHAN,164 BISHAN ST 13,BISHAN,2017-06-01,740000.0,131.0,1410.07,524.8,07 TO 09,70 years 01 month,Improved,1.34846352425067,103.856094684689
HDB,164 BISHAN ST 13,5 ROOM,BISHAN,164 BISHAN ST 13,BISHAN,2018-02-01,730000.0,131.0,1410.07,517.7,04 TO 06,69 years 05 months,Improved,1.34846352425067,103.856094684689
HDB,164 BISHAN ST 13,5 ROOM,BISHAN,164 BISHAN ST 13,BISHAN,2018-05-01,760000.0,121.0,1302.43,583.52,19 TO 21,69 years 02 months,Improved,1.34846352425067,103.856094684689
HDB,164 BISHAN ST 13,5 ROOM,BISHAN,164 BISHAN ST 13,BISHAN,2018-05-01,766000.0,128.0,1377.78,555.97,10 TO 12,69 years 03 months,Improved,1.34846352425067,103.856094684689
HDB,164 BISHAN ST 13,5 ROOM,BISHAN,164 BISHAN ST 13,BISHAN,2019-07-01,708888.0,121.0,1302.43,544.28,10 TO 12,68 years,Improved,1.34846352425067,103.856094684689
HDB,164 BISHAN ST 13,5 ROOM,BISHAN,164 BISHAN ST 13,BISHAN,2019-11-01,705000.0,131.0,1410.07,499.97,01 TO 03,67 years 08 months,Improved,1.34846352425067,103.856094684689
HDB,164 BISHAN ST 13,5 ROOM,BISHAN,164 BISHAN ST 13,BISHAN,2021-02-01,642000.0,121.0,1302.43,492.92,04 TO 06,66 years 06 months,Improved,1.34846352425067,103.856094684689
HDB,164 BISHAN ST 13,5 ROOM,BISHAN,164 BISHAN ST 13,BISHAN,2021-05-01,720000.0,121.0,1302.43,552.81,07 TO 09,66 years 03 months,Improved,1.34846352425067,103.856094684689
HDB,164 BISHAN ST 13,5 ROOM,BISHAN,164 BISHAN ST 13,BISHAN,2021-12-01,685000.0,121.0,1302.43,525.94,04 TO 06,65 years 07 months,Improved,1.34846352425067,103.856094684689
HDB,164 BISHAN ST 13,5 ROOM,BISHAN,164 BISHAN ST 13,BISHAN,2022-02-01,823000.0,121.0,1302.43,631.89,19 TO 21,65 years 05 months,Improved,1.34846352425067,103.856094684689
HDB,164 BISHAN ST 13,5 ROOM,BISHAN,164 BISHAN ST 13,BISHAN,2022-06-01,850000.0,121.0,1302.43,652.63,16 TO 18,65 years 02 months,Improved,1.34846352425067,103.856094684689
HDB,164 BISHAN ST 13,5 ROOM,BISHAN,164 BISHAN ST 13,BISHAN,2023-03-01,750000.0,121.0,1302.43,575.85,01 TO 03,64 years 04 months,Improved,1.34846352425067,103.856094684689
HDB,164 BISHAN ST 13,5 ROOM,BISHAN,164 BISHAN ST 13,BISHAN,2023-08-01,880000.0,131.0,1410.07,624.08,04 TO 06,64 years,Improved,1.34846352425067,103.856094684689
HDB,164 BISHAN ST 13,5 ROOM,BISHAN,164 BISHAN ST 13,BISHAN,2023-09-01,930000.0,131.0,1410.07,659.54,04 TO 06,63 years 10 months,Improved,1.34846352425067,103.856094684689
HDB,164 BISHAN ST 13,5 ROOM,BISHAN,164 BISHAN ST 13,BISHAN,2024-04-01,950000.0,121.0,1302.43,729.4,10 TO 12,63 years 04 months,Improved,1.34846352425067,103.856094684689
HDB,164 BISHAN ST 13,5 ROOM,BISHAN,164 BISHAN ST 13,BISHAN,2024-06-01,855000.0,121.0,1302.43,656.46,01 TO 03,63 years 02 months,Improved,1.34846352425067,103.856094684689
HDB,164 BISHAN ST 13,5 ROOM,BISHAN,164 BISHAN ST 13,BISHAN,2024-09-01,858000.0,121.0,1302.43,658.77,04 TO 06,63 years,Improved,1.34846352425067,103.856094684689
HDB,164 BISHAN ST 13,5 ROOM,BISHAN,164 BISHAN ST 13,BISHAN,2024-10-01,940000.0,121.0,1302.43,721.73,04 TO 06,62 years 10 months,Improved,1.34846352425067,103.856094684689
HDB,164 BISHAN ST 13,5 ROOM,BISHAN,164 BISHAN ST 13,BISHAN,2025-08-01,1068000.0,121.0,1302.43,820.0,19 TO 21,61 years 11 months,Improved,1.34846352425067,103.856094684689
HDB,164 BISHAN ST 13,5 ROOM,BISHAN,164 BISHAN ST 13,BISHAN,2025-11-01,960000.0,131.0,1410.07,680.82,07 TO 09,61 years 09 months,Improved,1.34846352425067,103.856094684689
HDB,165 BISHAN ST 13,5 ROOM,BISHAN,165 BISHAN ST 13,BISHAN,2017-04-01,780000.0,121.0,1302.43,598.88,10 TO 12,70 years 05 months,Improved,1.3491982286049,103.856194448527
HDB,165 BISHAN ST 13,5 ROOM,BISHAN,165 BISHAN ST 13,BISHAN,2017-05-01,775000.0,131.0,1410.07,549.62,16 TO 18,70 years 04 months,Improved,1.3491982286049,103.856194448527
HDB,165 BISHAN ST 13,5 ROOM,BISHAN,165 BISHAN ST 13,BISHAN,2017-06-01,780000.0,121.0,1302.43,598.88,19 TO 21,70 years 03 months,Improved,1.3491982286049,103.856194448527
HDB,165 BISHAN ST 13,5 ROOM,BISHAN,165 BISHAN ST 13,BISHAN,2017-08-01,750000.0,121.0,1302.43,575.85,07 TO 09,70 years 01 month,Improved,1.3491982286049,103.856194448527
HDB,165 BISHAN ST 13,5 ROOM,BISHAN,165 BISHAN ST 13,BISHAN,2017-11-01,818000.0,131.0,1410.07,580.11,19 TO 21,69 years 10 months,Improved,1.3491982286049,103.856194448527
HDB,165 BISHAN ST 13,5 ROOM,BISHAN,165 BISHAN ST 13,BISHAN,2018-05-01,755000.0,131.0,1410.07,535.43,07 TO 09,69 years 05 months,Improved,1.3491982286049,103.856194448527
HDB,165 BISHAN ST 13,5 ROOM,BISHAN,165 BISHAN ST 13,BISHAN,2018-07-01,751188.0,121.0,1302.43,576.76,10 TO 12,69 years 03 months,Improved,1.3491982286049,103.856194448527
HDB,165 BISHAN ST 13,5 ROOM,BISHAN,165 BISHAN ST 13,BISHAN,2018-09-01,778000.0,121.0,1302.43,597.34,13 TO 15,69 years,Improved,1.3491982286049,103.856194448527
HDB,165 BISHAN ST 13,5 ROOM,BISHAN,165 BISHAN ST 13,BISHAN,2019-11-01,755000.0,131.0,1410.07,535.43,13 TO 15,67 years 11 months,Improved,1.3491982286049,103.856194448527
HDB,165 BISHAN ST 13,5 ROOM,BISHAN,165 BISHAN ST 13,BISHAN,2020-01-01,640000.0,121.0,1302.43,491.39,13 TO 15,67 years 08 months,Improved,1.3491982286049,103.856194448527
HDB,165 BISHAN ST 13,5 ROOM,BISHAN,165 BISHAN ST 13,BISHAN,2020-06-01,678000.0,121.0,1302.43,520.56,07 TO 09,67 years 03 months,Improved,1.3491982286049,103.856194448527
HDB,165 BISHAN ST 13,5 ROOM,BISHAN,165 BISHAN ST 13,BISHAN,2020-07-01,650000.0,121.0,1302.43,499.07,01 TO 03,67 years 03 months,Improved,1.3491982286049,103.856194448527
HDB,165 BISHAN ST 13,5 ROOM,BISHAN,165 BISHAN ST 13,BISHAN,2020-08-01,635888.0,121.0,1302.43,488.23,04 TO 06,67 years 01 month,Improved,1.3491982286049,103.856194448527
HDB,165 BISHAN ST 13,5 ROOM,BISHAN,165 BISHAN ST 13,BISHAN,2020-09-01,708000.0,121.0,1302.43,543.6,07 TO 09,67 years,Improved,1.3491982286049,103.856194448527
HDB,165 BISHAN ST 13,5 ROOM,BISHAN,165 BISHAN ST 13,BISHAN,2020-10-01,745000.0,131.0,1410.07,528.34,19 TO 21,67 years,Improved,1.3491982286049,103.856194448527
HDB,165 BISHAN ST 13,5 ROOM,BISHAN,165 BISHAN ST 13,BISHAN,2021-01-01,740000.0,131.0,1410.07,524.8,04 TO 06,66 years 08 months,Improved,1.3491982286049,103.856194448527
HDB,165 BISHAN ST 13,5 ROOM,BISHAN,165 BISHAN ST 13,BISHAN,2021-04-01,720000.0,121.0,1302.43,552.81,04 TO 06,66 years 06 months,Improved,1.3491982286049,103.856194448527
HDB,165 BISHAN ST 13,5 ROOM,BISHAN,165 BISHAN ST 13,BISHAN,2021-06-01,805000.0,131.0,1410.07,570.89,01 TO 03,66 years 04 months,Improved,1.3491982286049,103.856194448527
HDB,165 BISHAN ST 13,5 ROOM,BISHAN,165 BISHAN ST 13,BISHAN,2021-07-01,740000.0,131.0,1410.07,524.8,01 TO 03,66 years 03 months,Improved,1.3491982286049,103.856194448527
HDB,165 BISHAN ST 13,5 ROOM,BISHAN,165 BISHAN ST 13,BISHAN,2021-08-01,760000.0,121.0,1302.43,583.52,04 TO 06,66 years 01 month,Improved,1.3491982286049,103.856194448527
HDB,165 BISHAN ST 13,5 ROOM,BISHAN,165 BISHAN ST 13,BISHAN,2021-12-01,800000.0,121.0,1302.43,614.24,07 TO 09,65 years 10 months,Improved,1.3491982286049,103.856194448527
HDB,165 BISHAN ST 13,5 ROOM,BISHAN,165 BISHAN ST 13,BISHAN,2023-01-01,888000.0,121.0,1302.43,681.8,10 TO 12,64 years 10 months,Improved,1.3491982286049,103.856194448527
HDB,165 BISHAN ST 13,5 ROOM,BISHAN,165 BISHAN ST 13,BISHAN,2023-04-01,960000.0,131.0,1410.07,680.82,16 TO 18,64 years 05 months,Improved,1.3491982286049,103.856194448527
HDB,165 BISHAN ST 13,5 ROOM,BISHAN,165 BISHAN ST 13,BISHAN,2023-08-01,980000.0,131.0,1410.07,695.0,04 TO 06,64 years 02 months,Improved,1.3491982286049,103.856194448527
HDB,165 BISHAN ST 13,5 ROOM,BISHAN,165 BISHAN ST 13,BISHAN,2025-06-01,1060000.0,121.0,1302.43,813.86,19 TO 21,62 years 04 months,Improved,1.3491982286049,103.856194448527
HDB,165 BISHAN ST 13,5 ROOM,BISHAN,165 BISHAN ST 13,BISHAN,2025-06-01,952888.0,121.0,1302.43,731.62,04 TO 06,62 years 04 months,Improved,1.3491982286049,103.856194448527
HDB,165 BISHAN ST 13,5 ROOM,BISHAN,165 BISHAN ST 13,BISHAN,2026-06-01,930000.0,121.0,1302.43,714.05,04 TO 06,61 years 03 months,Improved,1.3491982286049,103.856194448527
HDB,166 BISHAN ST 13,5 ROOM,BISHAN,166 BISHAN ST 13,BISHAN,2017-05-01,705000.0,122.0,1313.2,536.86,04 TO 06,69 years 07 months,Improved,1.34886345078255,103.855225779214
HDB,166 BISHAN ST 13,5 ROOM,BISHAN,166 BISHAN ST 13,BISHAN,2017-08-01,725000.0,122.0,1313.2,552.09,07 TO 09,69 years 04 months,Improved,1.34886345078255,103.855225779214
HDB,166 BISHAN ST 13,5 ROOM,BISHAN,166 BISHAN ST 13,BISHAN,2018-07-01,722000.0,122.0,1313.2,549.8,04 TO 06,68 years 05 months,Improved,1.34886345078255,103.855225779214
HDB,166 BISHAN ST 13,5 ROOM,BISHAN,166 BISHAN ST 13,BISHAN,2018-08-01,680000.0,122.0,1313.2,517.82,04 TO 06,68 years 04 months,Improved,1.34886345078255,103.855225779214
HDB,166 BISHAN ST 13,5 ROOM,BISHAN,166 BISHAN ST 13,BISHAN,2018-09-01,725000.0,122.0,1313.2,552.09,07 TO 09,68 years 04 months,Improved,1.34886345078255,103.855225779214
HDB,166 BISHAN ST 13,5 ROOM,BISHAN,166 BISHAN ST 13,BISHAN,2019-01-01,718000.0,122.0,1313.2,546.76,07 TO 09,67 years 11 months,Improved,1.34886345078255,103.855225779214
HDB,166 BISHAN ST 13,5 ROOM,BISHAN,166 BISHAN ST 13,BISHAN,2020-01-01,685000.0,122.0,1313.2,521.63,01 TO 03,66 years 11 months,Improved,1.34886345078255,103.855225779214
HDB,166 BISHAN ST 13,5 ROOM,BISHAN,166 BISHAN ST 13,BISHAN,2020-06-01,590000.0,122.0,1313.2,449.29,01 TO 03,66 years 08 months,Improved,1.34886345078255,103.855225779214
HDB,166 BISHAN ST 13,5 ROOM,BISHAN,166 BISHAN ST 13,BISHAN,2021-05-01,658888.0,122.0,1313.2,501.74,04 TO 06,65 years 08 months,Improved,1.34886345078255,103.855225779214
HDB,166 BISHAN ST 13,5 ROOM,BISHAN,166 BISHAN ST 13,BISHAN,2021-05-01,770000.0,122.0,1313.2,586.36,07 TO 09,65 years 08 months,Improved,1.34886345078255,103.855225779214
HDB,166 BISHAN ST 13,5 ROOM,BISHAN,166 BISHAN ST 13,BISHAN,2022-11-01,838000.0,122.0,1313.2,638.14,07 TO 09,64 years 02 months,Improved,1.34886345078255,103.855225779214
HDB,166 BISHAN ST 13,5 ROOM,BISHAN,166 BISHAN ST 13,BISHAN,2022-11-01,875000.0,122.0,1313.2,666.31,07 TO 09,64 years 02 months,Improved,1.34886345078255,103.855225779214
HDB,166 BISHAN ST 13,5 ROOM,BISHAN,166 BISHAN ST 13,BISHAN,2023-08-01,928000.0,122.0,1313.2,706.67,07 TO 09,63 years 05 months,Improved,1.34886345078255,103.855225779214
HDB,166 BISHAN ST 13,5 ROOM,BISHAN,166 BISHAN ST 13,BISHAN,2024-12-01,970000.0,122.0,1313.2,738.66,07 TO 09,62 years 01 month,Improved,1.34886345078255,103.855225779214
HDB,166 BISHAN ST 13,5 ROOM,BISHAN,166 BISHAN ST 13,BISHAN,2025-08-01,925000.0,122.0,1313.2,704.39,01 TO 03,61 years 04 months,Improved,1.34886345078255,103.855225779214
HDB,166 BISHAN ST 13,5 ROOM,BISHAN,166 BISHAN ST 13,BISHAN,2026-03-01,990000.0,122.0,1313.2,753.89,07 TO 09,60 years 10 months,Improved,1.34886345078255,103.855225779214
HDB,167 BISHAN ST 13,5 ROOM,BISHAN,167 BISHAN ST 13,BISHAN,2017-06-01,710000.0,122.0,1313.2,540.67,07 TO 09,70 years 04 months,Improved,1.34800341123895,103.855395747158
HDB,167 BISHAN ST 13,5 ROOM,BISHAN,167 BISHAN ST 13,BISHAN,2018-09-01,630000.0,122.0,1313.2,479.75,01 TO 03,69 years,Improved,1.34800341123895,103.855395747158
HDB,167 BISHAN ST 13,5 ROOM,BISHAN,167 BISHAN ST 13,BISHAN,2019-12-01,658000.0,122.0,1313.2,501.07,07 TO 09,67 years 09 months,Improved,1.34800341123895,103.855395747158
HDB,167 BISHAN ST 13,5 ROOM,BISHAN,167 BISHAN ST 13,BISHAN,2021-08-01,730000.0,122.0,1313.2,555.9,04 TO 06,66 years 02 months,Improved,1.34800341123895,103.855395747158
HDB,167 BISHAN ST 13,5 ROOM,BISHAN,167 BISHAN ST 13,BISHAN,2022-08-01,750000.0,122.0,1313.2,571.13,01 TO 03,65 years 02 months,Improved,1.34800341123895,103.855395747158
HDB,167 BISHAN ST 13,5 ROOM,BISHAN,167 BISHAN ST 13,BISHAN,2023-01-01,700000.0,122.0,1313.2,533.05,04 TO 06,64 years 09 months,Improved,1.34800341123895,103.855395747158
HDB,167 BISHAN ST 13,5 ROOM,BISHAN,167 BISHAN ST 13,BISHAN,2024-06-01,980888.0,122.0,1313.2,746.95,07 TO 09,63 years 04 months,Improved,1.34800341123895,103.855395747158
HDB,167 BISHAN ST 13,5 ROOM,BISHAN,167 BISHAN ST 13,BISHAN,2025-01-01,990000.0,122.0,1313.2,753.89,07 TO 09,62 years 10 months,Improved,1.34800341123895,103.855395747158
HDB,167 BISHAN ST 13,5 ROOM,BISHAN,167 BISHAN ST 13,BISHAN,2026-07-01,970000.0,122.0,1313.2,738.66,04 TO 06,61 years 04 months,Improved,1.34800341123895,103.855395747158
HDB,168 BISHAN ST 13,5 ROOM,BISHAN,168 BISHAN ST 13,BISHAN,2017-02-01,738000.0,121.0,1302.43,566.63,13 TO 15,68 years 10 months,Improved,1.3473187037658,103.854162127782
HDB,168 BISHAN ST 13,5 ROOM,BISHAN,168 BISHAN ST 13,BISHAN,2017-09-01,682000.0,121.0,1302.43,523.64,04 TO 06,68 years 02 months,Improved,1.3473187037658,103.854162127782
HDB,168 BISHAN ST 13,5 ROOM,BISHAN,168 BISHAN ST 13,BISHAN,2018-10-01,665000.0,121.0,1302.43,510.58,01 TO 03,67 years 01 month,Improved,1.3473187037658,103.854162127782
HDB,168 BISHAN ST 13,EXECUTIVE,BISHAN,168 BISHAN ST 13,BISHAN,2019-04-01,1008000.0,163.0,1754.52,574.52,19 TO 21,66 years 07 months,Maisonette,1.3473187037658,103.854162127782
HDB,168 BISHAN ST 13,5 ROOM,BISHAN,168 BISHAN ST 13,BISHAN,2021-03-01,771800.0,121.0,1302.43,592.58,13 TO 15,64 years 09 months,Improved,1.3473187037658,103.854162127782
HDB,168 BISHAN ST 13,5 ROOM,BISHAN,168 BISHAN ST 13,BISHAN,2021-05-01,700888.0,121.0,1302.43,538.14,01 TO 03,64 years 07 months,Improved,1.3473187037658,103.854162127782
HDB,168 BISHAN ST 13,5 ROOM,BISHAN,168 BISHAN ST 13,BISHAN,2021-07-01,715000.0,121.0,1302.43,548.97,07 TO 09,64 years 05 months,Improved,1.3473187037658,103.854162127782
HDB,168 BISHAN ST 13,EXECUTIVE,BISHAN,168 BISHAN ST 13,BISHAN,2022-07-01,1190000.0,163.0,1754.52,678.25,19 TO 21,63 years 05 months,Maisonette,1.3473187037658,103.854162127782
HDB,168 BISHAN ST 13,5 ROOM,BISHAN,168 BISHAN ST 13,BISHAN,2022-08-01,825000.0,121.0,1302.43,633.43,04 TO 06,63 years 04 months,Improved,1.3473187037658,103.854162127782
HDB,168 BISHAN ST 13,5 ROOM,BISHAN,168 BISHAN ST 13,BISHAN,2023-02-01,880000.0,121.0,1302.43,675.66,13 TO 15,62 years 10 months,Improved,1.3473187037658,103.854162127782
HDB,168 BISHAN ST 13,5 ROOM,BISHAN,168 BISHAN ST 13,BISHAN,2023-02-01,893000.0,121.0,1302.43,685.64,10 TO 12,62 years 09 months,Improved,1.3473187037658,103.854162127782
HDB,168 BISHAN ST 13,5 ROOM,BISHAN,168 BISHAN ST 13,BISHAN,2025-01-01,1035000.0,121.0,1302.43,794.67,04 TO 06,61 years,Improved,1.3473187037658,103.854162127782
HDB,168 BISHAN ST 13,5 ROOM,BISHAN,168 BISHAN ST 13,BISHAN,2025-05-01,950000.0,121.0,1302.43,729.4,07 TO 09,60 years 07 months,Improved,1.3473187037658,103.854162127782
HDB,168 BISHAN ST 13,5 ROOM,BISHAN,168 BISHAN ST 13,BISHAN,2025-06-01,1015000.0,121.0,1302.43,779.31,10 TO 12,60 years 05 months,Improved,1.3473187037658,103.854162127782
HDB,168 BISHAN ST 13,5 ROOM,BISHAN,168 BISHAN ST 13,BISHAN,2026-04-01,1036000.0,121.0,1302.43,795.44,10 TO 12,59 years 07 months,Improved,1.3473187037658,103.854162127782
HDB,169 BISHAN ST 13,EXECUTIVE,BISHAN,169 BISHAN ST 13,BISHAN,2017-06-01,830000.0,153.0,1646.88,503.98,01 TO 03,68 years 05 months,Maisonette,1.34685267491893,103.854099130793
HDB,169 BISHAN ST 13,EXECUTIVE,BISHAN,169 BISHAN ST 13,BISHAN,2018-06-01,872000.0,152.0,1636.11,532.97,01 TO 03,67 years 06 months,Maisonette,1.34685267491893,103.854099130793
HDB,169 BISHAN ST 13,EXECUTIVE,BISHAN,169 BISHAN ST 13,BISHAN,2018-07-01,725000.0,146.0,1571.53,461.33,01 TO 03,67 years 04 months,Maisonette,1.34685267491893,103.854099130793
HDB,170 BISHAN ST 13,5 ROOM,BISHAN,170 BISHAN ST 13,BISHAN,2018-06-01,630000.0,121.0,1302.43,483.71,01 TO 03,68 years 03 months,Improved,1.34642029733671,103.853592501555
HDB,170 BISHAN ST 13,5 ROOM,BISHAN,170 BISHAN ST 13,BISHAN,2019-03-01,580000.0,121.0,1302.43,445.32,01 TO 03,67 years 07 months,Improved,1.34642029733671,103.853592501555
HDB,170 BISHAN ST 13,5 ROOM,BISHAN,170 BISHAN ST 13,BISHAN,2019-10-01,698000.0,121.0,1302.43,535.92,07 TO 09,66 years 11 months,Improved,1.34642029733671,103.853592501555
HDB,170 BISHAN ST 13,5 ROOM,BISHAN,170 BISHAN ST 13,BISHAN,2022-09-01,888000.0,123.0,1323.96,670.72,07 TO 09,64 years 01 month,Improved,1.34642029733671,103.853592501555
HDB,170 BISHAN ST 13,5 ROOM,BISHAN,170 BISHAN ST 13,BISHAN,2024-07-01,915000.0,121.0,1302.43,702.53,04 TO 06,62 years 02 months,Improved,1.34642029733671,103.853592501555
HDB,170 BISHAN ST 13,5 ROOM,BISHAN,170 BISHAN ST 13,BISHAN,2024-12-01,900000.0,121.0,1302.43,691.02,01 TO 03,61 years 10 months,Improved,1.34642029733671,103.853592501555
HDB,170 BISHAN ST 13,5 ROOM,BISHAN,170 BISHAN ST 13,BISHAN,2026-03-01,922000.0,121.0,1302.43,707.91,04 TO 06,60 years 07 months,Improved,1.34642029733671,103.853592501555
HDB,172 BISHAN ST 13,5 ROOM,BISHAN,172 BISHAN ST 13,BISHAN,2017-06-01,718000.0,121.0,1302.43,551.28,04 TO 06,69 years 06 months,Improved,1.34748317620022,103.85354374139
HDB,172 BISHAN ST 13,5 ROOM,BISHAN,172 BISHAN ST 13,BISHAN,2019-05-01,638000.0,121.0,1302.43,489.85,04 TO 06,67 years 08 months,Improved,1.34748317620022,103.85354374139
HDB,172 BISHAN ST 13,5 ROOM,BISHAN,172 BISHAN ST 13,BISHAN,2023-06-01,862888.0,121.0,1302.43,662.52,04 TO 06,63 years 07 months,Improved,1.34748317620022,103.85354374139
HDB,173 BISHAN ST 13,EXECUTIVE,BISHAN,173 BISHAN ST 13,BISHAN,2019-03-01,1145000.0,163.0,1754.52,652.6,19 TO 21,67 years 01 month,Maisonette,1.3477511871809,103.854258267311
HDB,173 BISHAN ST 13,EXECUTIVE,BISHAN,173 BISHAN ST 13,BISHAN,2020-10-01,1128000.0,163.0,1754.52,642.91,19 TO 21,65 years 06 months,Maisonette,1.3477511871809,103.854258267311
HDB,173 BISHAN ST 13,EXECUTIVE,BISHAN,173 BISHAN ST 13,BISHAN,2020-11-01,1028000.0,150.0,1614.59,636.7,19 TO 21,65 years 06 months,Maisonette,1.3477511871809,103.854258267311
HDB,173 BISHAN ST 13,5 ROOM,BISHAN,173 BISHAN ST 13,BISHAN,2021-12-01,820000.0,121.0,1302.43,629.59,13 TO 15,64 years 05 months,Improved,1.3477511871809,103.854258267311
HDB,173 BISHAN ST 13,5 ROOM,BISHAN,173 BISHAN ST 13,BISHAN,2022-07-01,860000.0,121.0,1302.43,660.3,10 TO 12,63 years 10 months,Improved,1.3477511871809,103.854258267311
HDB,173 BISHAN ST 13,5 ROOM,BISHAN,173 BISHAN ST 13,BISHAN,2022-10-01,765000.0,121.0,1302.43,587.36,04 TO 06,63 years 07 months,Improved,1.3477511871809,103.854258267311
HDB,173 BISHAN ST 13,5 ROOM,BISHAN,173 BISHAN ST 13,BISHAN,2023-01-01,900000.0,121.0,1302.43,691.02,13 TO 15,63 years 03 months,Improved,1.3477511871809,103.854258267311
HDB,173 BISHAN ST 13,5 ROOM,BISHAN,173 BISHAN ST 13,BISHAN,2023-07-01,910000.0,121.0,1302.43,698.69,13 TO 15,62 years 09 months,Improved,1.3477511871809,103.854258267311
HDB,173 BISHAN ST 13,5 ROOM,BISHAN,173 BISHAN ST 13,BISHAN,2023-08-01,900000.0,121.0,1302.43,691.02,10 TO 12,62 years 08 months,Improved,1.3477511871809,103.854258267311
HDB,173 BISHAN ST 13,5 ROOM,BISHAN,173 BISHAN ST 13,BISHAN,2024-06-01,930000.0,121.0,1302.43,714.05,04 TO 06,61 years 11 months,Improved,1.3477511871809,103.854258267311
HDB,173 BISHAN ST 13,5 ROOM,BISHAN,173 BISHAN ST 13,BISHAN,2024-11-01,970888.0,121.0,1302.43,745.44,10 TO 12,61 years 07 months,Improved,1.3477511871809,103.854258267311
HDB,174 BISHAN ST 13,EXECUTIVE,BISHAN,174 BISHAN ST 13,BISHAN,2017-04-01,905000.0,153.0,1646.88,549.53,01 TO 03,68 years 07 months,Maisonette,1.34820799489001,103.854277011221
HDB,174 BISHAN ST 13,EXECUTIVE,BISHAN,174 BISHAN ST 13,BISHAN,2018-07-01,660000.0,152.0,1636.11,403.4,01 TO 03,67 years 05 months,Maisonette,1.34820799489001,103.854277011221
HDB,174 BISHAN ST 13,EXECUTIVE,BISHAN,174 BISHAN ST 13,BISHAN,2019-06-01,850000.0,146.0,1571.53,540.87,01 TO 03,66 years 05 months,Maisonette,1.34820799489001,103.854277011221
HDB,174 BISHAN ST 13,EXECUTIVE,BISHAN,174 BISHAN ST 13,BISHAN,2019-08-01,795000.0,152.0,1636.11,485.91,01 TO 03,66 years 03 months,Maisonette,1.34820799489001,103.854277011221
HDB,174 BISHAN ST 13,EXECUTIVE,BISHAN,174 BISHAN ST 13,BISHAN,2019-11-01,802888.0,152.0,1636.11,490.73,01 TO 03,66 years,Maisonette,1.34820799489001,103.854277011221
HDB,174 BISHAN ST 13,EXECUTIVE,BISHAN,174 BISHAN ST 13,BISHAN,2020-12-01,850000.0,146.0,1571.53,540.87,01 TO 03,65 years,Maisonette,1.34820799489001,103.854277011221
HDB,174 BISHAN ST 13,EXECUTIVE,BISHAN,174 BISHAN ST 13,BISHAN,2021-02-01,873000.0,152.0,1636.11,533.58,01 TO 03,64 years 10 months,Maisonette,1.34820799489001,103.854277011221
HDB,175 BISHAN ST 13,5 ROOM,BISHAN,175 BISHAN ST 13,BISHAN,2017-10-01,750000.0,121.0,1302.43,575.85,07 TO 09,68 years 11 months,Improved,1.34896062200566,103.853736013686
HDB,175 BISHAN ST 13,5 ROOM,BISHAN,175 BISHAN ST 13,BISHAN,2017-11-01,737000.0,121.0,1302.43,565.86,07 TO 09,68 years 10 months,Improved,1.34896062200566,103.853736013686
HDB,175 BISHAN ST 13,5 ROOM,BISHAN,175 BISHAN ST 13,BISHAN,2022-05-01,710000.0,121.0,1302.43,545.13,04 TO 06,64 years 05 months,Improved,1.34896062200566,103.853736013686
HDB,175 BISHAN ST 13,5 ROOM,BISHAN,175 BISHAN ST 13,BISHAN,2023-02-01,860000.0,121.0,1302.43,660.3,07 TO 09,63 years 07 months,Improved,1.34896062200566,103.853736013686
HDB,177 BISHAN ST 13,5 ROOM,BISHAN,177 BISHAN ST 13,BISHAN,2017-10-01,628800.0,121.0,1302.43,482.79,01 TO 03,68 years 10 months,Improved,1.3478462316134,103.853549587529
HDB,177 BISHAN ST 13,5 ROOM,BISHAN,177 BISHAN ST 13,BISHAN,2019-06-01,630000.0,121.0,1302.43,483.71,01 TO 03,67 years 03 months,Improved,1.3478462316134,103.853549587529
HDB,177 BISHAN ST 13,5 ROOM,BISHAN,177 BISHAN ST 13,BISHAN,2020-03-01,665000.0,121.0,1302.43,510.58,04 TO 06,66 years 05 months,Improved,1.3478462316134,103.853549587529
HDB,177 BISHAN ST 13,5 ROOM,BISHAN,177 BISHAN ST 13,BISHAN,2020-10-01,690000.0,121.0,1302.43,529.78,07 TO 09,65 years 11 months,Improved,1.3478462316134,103.853549587529
HDB,177 BISHAN ST 13,5 ROOM,BISHAN,177 BISHAN ST 13,BISHAN,2023-04-01,785000.0,121.0,1302.43,602.72,04 TO 06,63 years 04 months,Improved,1.3478462316134,103.853549587529
HDB,177 BISHAN ST 13,5 ROOM,BISHAN,177 BISHAN ST 13,BISHAN,2023-08-01,880000.0,121.0,1302.43,675.66,01 TO 03,63 years,Improved,1.3478462316134,103.853549587529
HDB,178 BISHAN ST 13,5 ROOM,BISHAN,178 BISHAN ST 13,BISHAN,2018-08-01,765000.0,121.0,1302.43,587.36,07 TO 09,68 years 02 months,Improved,1.34812743111822,103.852330274842
HDB,178 BISHAN ST 13,5 ROOM,BISHAN,178 BISHAN ST 13,BISHAN,2019-06-01,765000.0,121.0,1302.43,587.36,07 TO 09,67 years 04 months,Improved,1.34812743111822,103.852330274842
HDB,178 BISHAN ST 13,5 ROOM,BISHAN,178 BISHAN ST 13,BISHAN,2021-07-01,850000.0,121.0,1302.43,652.63,07 TO 09,65 years 04 months,Improved,1.34812743111822,103.852330274842
HDB,178 BISHAN ST 13,5 ROOM,BISHAN,178 BISHAN ST 13,BISHAN,2022-01-01,800000.0,121.0,1302.43,614.24,04 TO 06,64 years 10 months,Improved,1.34812743111822,103.852330274842
HDB,178 BISHAN ST 13,5 ROOM,BISHAN,178 BISHAN ST 13,BISHAN,2022-06-01,888000.0,123.0,1323.96,670.72,04 TO 06,64 years 05 months,Improved,1.34812743111822,103.852330274842
HDB,178 BISHAN ST 13,5 ROOM,BISHAN,178 BISHAN ST 13,BISHAN,2022-10-01,918000.0,121.0,1302.43,704.84,07 TO 09,64 years 01 month,Improved,1.34812743111822,103.852330274842
HDB,178 BISHAN ST 13,5 ROOM,BISHAN,178 BISHAN ST 13,BISHAN,2023-05-01,890000.0,123.0,1323.96,672.23,04 TO 06,63 years 05 months,Improved,1.34812743111822,103.852330274842
HDB,178 BISHAN ST 13,5 ROOM,BISHAN,178 BISHAN ST 13,BISHAN,2025-06-01,1050000.0,123.0,1323.96,793.08,10 TO 12,61 years 06 months,Improved,1.34812743111822,103.852330274842
HDB,178 BISHAN ST 13,5 ROOM,BISHAN,178 BISHAN ST 13,BISHAN,2026-06-01,978000.0,121.0,1302.43,750.9,10 TO 12,60 years 04 months,Improved,1.34812743111822,103.852330274842
HDB,179 BISHAN ST 13,5 ROOM,BISHAN,179 BISHAN ST 13,BISHAN,2017-03-01,813000.0,121.0,1302.43,624.22,10 TO 12,69 years 05 months,Improved,1.34860831209993,103.851843334947
HDB,179 BISHAN ST 13,5 ROOM,BISHAN,179 BISHAN ST 13,BISHAN,2017-04-01,813800.0,121.0,1302.43,624.83,13 TO 15,69 years 04 months,Improved,1.34860831209993,103.851843334947
HDB,179 BISHAN ST 13,5 ROOM,BISHAN,179 BISHAN ST 13,BISHAN,2018-09-01,760000.0,121.0,1302.43,583.52,07 TO 09,67 years 11 months,Improved,1.34860831209993,103.851843334947
HDB,179 BISHAN ST 13,EXECUTIVE,BISHAN,179 BISHAN ST 13,BISHAN,2018-10-01,1098888.0,150.0,1614.59,680.6,22 TO 24,67 years 10 months,Maisonette,1.34860831209993,103.851843334947
HDB,179 BISHAN ST 13,EXECUTIVE,BISHAN,179 BISHAN ST 13,BISHAN,2018-10-01,1138000.0,163.0,1754.52,648.61,22 TO 24,67 years 10 months,Maisonette,1.34860831209993,103.851843334947
HDB,179 BISHAN ST 13,5 ROOM,BISHAN,179 BISHAN ST 13,BISHAN,2019-03-01,675000.0,121.0,1302.43,518.26,01 TO 03,67 years 05 months,Improved,1.34860831209993,103.851843334947
HDB,179 BISHAN ST 13,5 ROOM,BISHAN,179 BISHAN ST 13,BISHAN,2019-07-01,792000.0,121.0,1302.43,608.09,13 TO 15,67 years 01 month,Improved,1.34860831209993,103.851843334947
HDB,179 BISHAN ST 13,5 ROOM,BISHAN,179 BISHAN ST 13,BISHAN,2020-06-01,833800.0,121.0,1302.43,640.19,10 TO 12,66 years 04 months,Improved,1.34860831209993,103.851843334947
HDB,179 BISHAN ST 13,5 ROOM,BISHAN,179 BISHAN ST 13,BISHAN,2020-08-01,836800.0,121.0,1302.43,642.49,13 TO 15,66 years,Improved,1.34860831209993,103.851843334947
HDB,179 BISHAN ST 13,5 ROOM,BISHAN,179 BISHAN ST 13,BISHAN,2021-07-01,920000.0,121.0,1302.43,706.37,16 TO 18,65 years 02 months,Improved,1.34860831209993,103.851843334947
HDB,179 BISHAN ST 13,5 ROOM,BISHAN,179 BISHAN ST 13,BISHAN,2022-05-01,870000.0,121.0,1302.43,667.98,07 TO 09,64 years 04 months,Improved,1.34860831209993,103.851843334947
HDB,179 BISHAN ST 13,5 ROOM,BISHAN,179 BISHAN ST 13,BISHAN,2022-09-01,988000.0,121.0,1302.43,758.58,22 TO 24,64 years,Improved,1.34860831209993,103.851843334947
HDB,179 BISHAN ST 13,5 ROOM,BISHAN,179 BISHAN ST 13,BISHAN,2022-10-01,990000.0,121.0,1302.43,760.12,19 TO 21,63 years 11 months,Improved,1.34860831209993,103.851843334947
HDB,179 BISHAN ST 13,5 ROOM,BISHAN,179 BISHAN ST 13,BISHAN,2024-01-01,958000.0,121.0,1302.43,735.55,13 TO 15,62 years 08 months,Improved,1.34860831209993,103.851843334947
HDB,179 BISHAN ST 13,5 ROOM,BISHAN,179 BISHAN ST 13,BISHAN,2025-03-01,988888.0,121.0,1302.43,759.26,10 TO 12,61 years 05 months,Improved,1.34860831209993,103.851843334947
HDB,179 BISHAN ST 13,5 ROOM,BISHAN,179 BISHAN ST 13,BISHAN,2026-05-01,1080000.0,121.0,1302.43,829.22,10 TO 12,60 years 04 months,Improved,1.34860831209993,103.851843334947
HDB,181 BISHAN ST 13,5 ROOM,BISHAN,181 BISHAN ST 13,BISHAN,2018-06-01,720000.0,121.0,1302.43,552.81,01 TO 03,67 years 09 months,Improved,1.34913809640172,103.852878507674
HDB,181 BISHAN ST 13,5 ROOM,BISHAN,181 BISHAN ST 13,BISHAN,2018-08-01,710000.0,121.0,1302.43,545.13,04 TO 06,67 years 06 months,Improved,1.34913809640172,103.852878507674
HDB,181 BISHAN ST 13,5 ROOM,BISHAN,181 BISHAN ST 13,BISHAN,2018-12-01,795000.0,121.0,1302.43,610.4,10 TO 12,67 years 02 months,Improved,1.34913809640172,103.852878507674
HDB,181 BISHAN ST 13,5 ROOM,BISHAN,181 BISHAN ST 13,BISHAN,2019-03-01,620000.0,121.0,1302.43,476.03,01 TO 03,66 years 11 months,Improved,1.34913809640172,103.852878507674
HDB,181 BISHAN ST 13,5 ROOM,BISHAN,181 BISHAN ST 13,BISHAN,2019-11-01,720000.0,121.0,1302.43,552.81,07 TO 09,66 years 03 months,Improved,1.34913809640172,103.852878507674
HDB,181 BISHAN ST 13,5 ROOM,BISHAN,181 BISHAN ST 13,BISHAN,2021-02-01,800000.0,121.0,1302.43,614.24,10 TO 12,65 years 01 month,Improved,1.34913809640172,103.852878507674
HDB,181 BISHAN ST 13,5 ROOM,BISHAN,181 BISHAN ST 13,BISHAN,2022-01-01,788000.0,121.0,1302.43,605.02,04 TO 06,64 years 01 month,Improved,1.34913809640172,103.852878507674
HDB,181 BISHAN ST 13,5 ROOM,BISHAN,181 BISHAN ST 13,BISHAN,2022-11-01,893888.0,121.0,1302.43,686.32,01 TO 03,63 years 04 months,Improved,1.34913809640172,103.852878507674
HDB,181 BISHAN ST 13,5 ROOM,BISHAN,181 BISHAN ST 13,BISHAN,2023-04-01,940000.0,121.0,1302.43,721.73,07 TO 09,62 years 10 months,Improved,1.34913809640172,103.852878507674
HDB,181 BISHAN ST 13,5 ROOM,BISHAN,181 BISHAN ST 13,BISHAN,2023-06-01,868000.0,121.0,1302.43,666.45,01 TO 03,62 years 09 months,Improved,1.34913809640172,103.852878507674
HDB,181 BISHAN ST 13,5 ROOM,BISHAN,181 BISHAN ST 13,BISHAN,2025-04-01,1010000.0,121.0,1302.43,775.47,07 TO 09,60 years 11 months,Improved,1.34913809640172,103.852878507674
HDB,182 BISHAN ST 13,5 ROOM,BISHAN,182 BISHAN ST 13,BISHAN,2017-01-01,658740.0,121.0,1302.43,505.78,01 TO 03,69 years 06 months,Improved,1.35020582481902,103.853049203745
HDB,182 BISHAN ST 13,5 ROOM,BISHAN,182 BISHAN ST 13,BISHAN,2017-06-01,748000.0,121.0,1302.43,574.31,01 TO 03,69 years 01 month,Improved,1.35020582481902,103.853049203745
HDB,182 BISHAN ST 13,5 ROOM,BISHAN,182 BISHAN ST 13,BISHAN,2019-04-01,680000.0,121.0,1302.43,522.1,01 TO 03,67 years 03 months,Improved,1.35020582481902,103.853049203745
HDB,182 BISHAN ST 13,5 ROOM,BISHAN,182 BISHAN ST 13,BISHAN,2020-09-01,780000.0,121.0,1302.43,598.88,07 TO 09,65 years 10 months,Improved,1.35020582481902,103.853049203745
HDB,182 BISHAN ST 13,5 ROOM,BISHAN,182 BISHAN ST 13,BISHAN,2020-12-01,790000.0,121.0,1302.43,606.56,07 TO 09,65 years 07 months,Improved,1.35020582481902,103.853049203745
HDB,182 BISHAN ST 13,5 ROOM,BISHAN,182 BISHAN ST 13,BISHAN,2021-06-01,730000.0,121.0,1302.43,560.49,01 TO 03,65 years 02 months,Improved,1.35020582481902,103.853049203745
HDB,182 BISHAN ST 13,5 ROOM,BISHAN,182 BISHAN ST 13,BISHAN,2022-07-01,870000.0,121.0,1302.43,667.98,04 TO 06,64 years 01 month,Improved,1.35020582481902,103.853049203745
HDB,182 BISHAN ST 13,5 ROOM,BISHAN,182 BISHAN ST 13,BISHAN,2022-08-01,785000.0,121.0,1302.43,602.72,01 TO 03,64 years,Improved,1.35020582481902,103.853049203745
HDB,182 BISHAN ST 13,5 ROOM,BISHAN,182 BISHAN ST 13,BISHAN,2023-02-01,893000.0,121.0,1302.43,685.64,01 TO 03,63 years 06 months,Improved,1.35020582481902,103.853049203745
HDB,182 BISHAN ST 13,5 ROOM,BISHAN,182 BISHAN ST 13,BISHAN,2024-11-01,946000.0,121.0,1302.43,726.33,04 TO 06,61 years 09 months,Improved,1.35020582481902,103.853049203745
HDB,182 BISHAN ST 13,5 ROOM,BISHAN,182 BISHAN ST 13,BISHAN,2025-12-01,975000.0,121.0,1302.43,748.6,04 TO 06,60 years 08 months,Improved,1.35020582481902,103.853049203745
HDB,183 BISHAN ST 13,5 ROOM,BISHAN,183 BISHAN ST 13,BISHAN,2017-07-01,778000.0,121.0,1302.43,597.34,04 TO 06,68 years 09 months,Improved,1.35045853468041,103.852476179728
HDB,183 BISHAN ST 13,5 ROOM,BISHAN,183 BISHAN ST 13,BISHAN,2018-01-01,836000.0,121.0,1302.43,641.88,13 TO 15,68 years 03 months,Improved,1.35045853468041,103.852476179728
HDB,183 BISHAN ST 13,5 ROOM,BISHAN,183 BISHAN ST 13,BISHAN,2018-02-01,670000.0,121.0,1302.43,514.42,01 TO 03,68 years 02 months,Improved,1.35045853468041,103.852476179728
HDB,183 BISHAN ST 13,5 ROOM,BISHAN,183 BISHAN ST 13,BISHAN,2018-03-01,780000.0,121.0,1302.43,598.88,16 TO 18,68 years 02 months,Improved,1.35045853468041,103.852476179728
HDB,183 BISHAN ST 13,5 ROOM,BISHAN,183 BISHAN ST 13,BISHAN,2019-06-01,782000.0,121.0,1302.43,600.42,10 TO 12,66 years 10 months,Improved,1.35045853468041,103.852476179728
HDB,183 BISHAN ST 13,5 ROOM,BISHAN,183 BISHAN ST 13,BISHAN,2019-07-01,800000.0,121.0,1302.43,614.24,16 TO 18,66 years 09 months,Improved,1.35045853468041,103.852476179728
HDB,183 BISHAN ST 13,5 ROOM,BISHAN,183 BISHAN ST 13,BISHAN,2021-01-01,770000.0,121.0,1302.43,591.2,04 TO 06,65 years 04 months,Improved,1.35045853468041,103.852476179728
HDB,183 BISHAN ST 13,5 ROOM,BISHAN,183 BISHAN ST 13,BISHAN,2021-05-01,780000.0,121.0,1302.43,598.88,07 TO 09,65 years,Improved,1.35045853468041,103.852476179728
HDB,183 BISHAN ST 13,5 ROOM,BISHAN,183 BISHAN ST 13,BISHAN,2022-09-01,895000.0,121.0,1302.43,687.18,07 TO 09,63 years 08 months,Improved,1.35045853468041,103.852476179728
HDB,183 BISHAN ST 13,5 ROOM,BISHAN,183 BISHAN ST 13,BISHAN,2024-03-01,980000.0,121.0,1302.43,752.44,10 TO 12,62 years 01 month,Improved,1.35045853468041,103.852476179728
HDB,183 BISHAN ST 13,5 ROOM,BISHAN,183 BISHAN ST 13,BISHAN,2024-08-01,1045000.0,121.0,1302.43,802.35,16 TO 18,61 years 09 months,Improved,1.35045853468041,103.852476179728
HDB,183 BISHAN ST 13,5 ROOM,BISHAN,183 BISHAN ST 13,BISHAN,2025-06-01,956000.0,121.0,1302.43,734.01,04 TO 06,60 years 11 months,Improved,1.35045853468041,103.852476179728
HDB,186 BISHAN ST 13,EXECUTIVE,BISHAN,186 BISHAN ST 13,BISHAN,2017-03-01,1088000.0,146.0,1571.53,692.32,10 TO 12,69 years 06 months,Maisonette,1.34934558612857,103.852578831668
HDB,186 BISHAN ST 13,EXECUTIVE,BISHAN,186 BISHAN ST 13,BISHAN,2017-06-01,915000.0,146.0,1571.53,582.24,01 TO 03,69 years 02 months,Maisonette,1.34934558612857,103.852578831668
HDB,186 BISHAN ST 13,EXECUTIVE,BISHAN,186 BISHAN ST 13,BISHAN,2017-06-01,1010000.0,153.0,1646.88,613.28,10 TO 12,69 years 02 months,Maisonette,1.34934558612857,103.852578831668
HDB,186 BISHAN ST 13,EXECUTIVE,BISHAN,186 BISHAN ST 13,BISHAN,2017-07-01,1000000.0,142.0,1528.47,654.25,10 TO 12,69 years 01 month,Apartment,1.34934558612857,103.852578831668
HDB,186 BISHAN ST 13,EXECUTIVE,BISHAN,186 BISHAN ST 13,BISHAN,2017-09-01,905000.0,146.0,1571.53,575.87,01 TO 03,68 years 11 months,Maisonette,1.34934558612857,103.852578831668
HDB,186 BISHAN ST 13,EXECUTIVE,BISHAN,186 BISHAN ST 13,BISHAN,2017-09-01,985000.0,142.0,1528.47,644.43,04 TO 06,68 years 11 months,Apartment,1.34934558612857,103.852578831668
HDB,186 BISHAN ST 13,EXECUTIVE,BISHAN,186 BISHAN ST 13,BISHAN,2018-03-01,955000.0,146.0,1571.53,607.69,10 TO 12,68 years 06 months,Maisonette,1.34934558612857,103.852578831668
HDB,186 BISHAN ST 13,EXECUTIVE,BISHAN,186 BISHAN ST 13,BISHAN,2018-03-01,980000.0,146.0,1571.53,623.6,04 TO 06,68 years 05 months,Maisonette,1.34934558612857,103.852578831668
HDB,186 BISHAN ST 13,EXECUTIVE,BISHAN,186 BISHAN ST 13,BISHAN,2018-06-01,910000.0,146.0,1571.53,579.05,01 TO 03,68 years 02 months,Maisonette,1.34934558612857,103.852578831668
HDB,186 BISHAN ST 13,EXECUTIVE,BISHAN,186 BISHAN ST 13,BISHAN,2018-08-01,960000.0,146.0,1571.53,610.87,10 TO 12,68 years,Maisonette,1.34934558612857,103.852578831668
HDB,186 BISHAN ST 13,EXECUTIVE,BISHAN,186 BISHAN ST 13,BISHAN,2019-03-01,920000.0,146.0,1571.53,585.42,04 TO 06,67 years 05 months,Maisonette,1.34934558612857,103.852578831668
HDB,186 BISHAN ST 13,EXECUTIVE,BISHAN,186 BISHAN ST 13,BISHAN,2019-07-01,905000.0,146.0,1571.53,575.87,10 TO 12,67 years 02 months,Maisonette,1.34934558612857,103.852578831668
HDB,186 BISHAN ST 13,EXECUTIVE,BISHAN,186 BISHAN ST 13,BISHAN,2019-11-01,925000.0,146.0,1571.53,588.6,10 TO 12,66 years 09 months,Maisonette,1.34934558612857,103.852578831668
HDB,186 BISHAN ST 13,EXECUTIVE,BISHAN,186 BISHAN ST 13,BISHAN,2020-04-01,925000.0,146.0,1571.53,588.6,10 TO 12,66 years 05 months,Maisonette,1.34934558612857,103.852578831668
HDB,186 BISHAN ST 13,EXECUTIVE,BISHAN,186 BISHAN ST 13,BISHAN,2020-06-01,930000.0,146.0,1571.53,591.78,04 TO 06,66 years 04 months,Maisonette,1.34934558612857,103.852578831668
HDB,186 BISHAN ST 13,EXECUTIVE,BISHAN,186 BISHAN ST 13,BISHAN,2020-12-01,905000.0,146.0,1571.53,575.87,01 TO 03,65 years 09 months,Maisonette,1.34934558612857,103.852578831668
HDB,186 BISHAN ST 13,EXECUTIVE,BISHAN,186 BISHAN ST 13,BISHAN,2020-12-01,908888.0,146.0,1571.53,578.35,04 TO 06,65 years 08 months,Maisonette,1.34934558612857,103.852578831668
HDB,186 BISHAN ST 13,EXECUTIVE,BISHAN,186 BISHAN ST 13,BISHAN,2021-07-01,906000.0,146.0,1571.53,576.51,01 TO 03,65 years 02 months,Maisonette,1.34934558612857,103.852578831668
HDB,186 BISHAN ST 13,EXECUTIVE,BISHAN,186 BISHAN ST 13,BISHAN,2021-07-01,1000000.0,146.0,1571.53,636.32,04 TO 06,65 years 01 month,Maisonette,1.34934558612857,103.852578831668
HDB,186 BISHAN ST 13,EXECUTIVE,BISHAN,186 BISHAN ST 13,BISHAN,2022-02-01,1000000.0,146.0,1571.53,636.32,07 TO 09,64 years 06 months,Maisonette,1.34934558612857,103.852578831668
HDB,186 BISHAN ST 13,EXECUTIVE,BISHAN,186 BISHAN ST 13,BISHAN,2022-07-01,1128000.0,142.0,1528.47,737.99,10 TO 12,64 years 02 months,Apartment,1.34934558612857,103.852578831668
HDB,186 BISHAN ST 13,EXECUTIVE,BISHAN,186 BISHAN ST 13,BISHAN,2023-12-01,1050000.0,146.0,1571.53,668.14,07 TO 09,62 years 09 months,Maisonette,1.34934558612857,103.852578831668
HDB,186 BISHAN ST 13,EXECUTIVE,BISHAN,186 BISHAN ST 13,BISHAN,2024-01-01,1260000.0,153.0,1646.88,765.08,04 TO 06,62 years 08 months,Maisonette,1.34934558612857,103.852578831668
HDB,186 BISHAN ST 13,EXECUTIVE,BISHAN,186 BISHAN ST 13,BISHAN,2024-07-01,1277000.0,146.0,1571.53,812.58,01 TO 03,62 years 02 months,Maisonette,1.34934558612857,103.852578831668
HDB,186 BISHAN ST 13,EXECUTIVE,BISHAN,186 BISHAN ST 13,BISHAN,2025-06-01,1288888.0,142.0,1528.47,843.25,07 TO 09,61 years 03 months,Apartment,1.34934558612857,103.852578831668
HDB,187 BISHAN ST 13,EXECUTIVE,BISHAN,187 BISHAN ST 13,BISHAN,2018-09-01,900000.0,142.0,1528.47,588.82,07 TO 09,67 years 06 months,Apartment,1.34955094936358,103.851544031278
HDB,187 BISHAN ST 13,EXECUTIVE,BISHAN,187 BISHAN ST 13,BISHAN,2019-01-01,950000.0,146.0,1571.53,604.51,10 TO 12,67 years 01 month,Maisonette,1.34955094936358,103.851544031278
HDB,187 BISHAN ST 13,EXECUTIVE,BISHAN,187 BISHAN ST 13,BISHAN,2019-07-01,920000.0,146.0,1571.53,585.42,07 TO 09,66 years 07 months,Maisonette,1.34955094936358,103.851544031278
HDB,187 BISHAN ST 13,EXECUTIVE,BISHAN,187 BISHAN ST 13,BISHAN,2019-08-01,873000.0,146.0,1571.53,555.51,04 TO 06,66 years 06 months,Maisonette,1.34955094936358,103.851544031278
HDB,187 BISHAN ST 13,EXECUTIVE,BISHAN,187 BISHAN ST 13,BISHAN,2019-09-01,838888.0,146.0,1571.53,533.8,01 TO 03,66 years 05 months,Maisonette,1.34955094936358,103.851544031278
HDB,187 BISHAN ST 13,EXECUTIVE,BISHAN,187 BISHAN ST 13,BISHAN,2020-01-01,940000.0,146.0,1571.53,598.14,04 TO 06,66 years 01 month,Maisonette,1.34955094936358,103.851544031278
HDB,187 BISHAN ST 13,EXECUTIVE,BISHAN,187 BISHAN ST 13,BISHAN,2020-01-01,850000.0,142.0,1528.47,556.11,01 TO 03,66 years 01 month,Apartment,1.34955094936358,103.851544031278
HDB,187 BISHAN ST 13,EXECUTIVE,BISHAN,187 BISHAN ST 13,BISHAN,2022-02-01,1080000.0,146.0,1571.53,687.23,07 TO 09,64 years,Maisonette,1.34955094936358,103.851544031278
HDB,187 BISHAN ST 13,EXECUTIVE,BISHAN,187 BISHAN ST 13,BISHAN,2022-03-01,1000000.0,146.0,1571.53,636.32,01 TO 03,63 years 11 months,Maisonette,1.34955094936358,103.851544031278
HDB,187 BISHAN ST 13,EXECUTIVE,BISHAN,187 BISHAN ST 13,BISHAN,2022-05-01,1180000.0,146.0,1571.53,750.86,10 TO 12,63 years 09 months,Maisonette,1.34955094936358,103.851544031278
HDB,187 BISHAN ST 13,EXECUTIVE,BISHAN,187 BISHAN ST 13,BISHAN,2022-06-01,949000.0,146.0,1571.53,603.87,04 TO 06,63 years 08 months,Maisonette,1.34955094936358,103.851544031278
HDB,187 BISHAN ST 13,EXECUTIVE,BISHAN,187 BISHAN ST 13,BISHAN,2022-06-01,1150000.0,146.0,1571.53,731.77,07 TO 09,63 years 08 months,Maisonette,1.34955094936358,103.851544031278
HDB,187 BISHAN ST 13,EXECUTIVE,BISHAN,187 BISHAN ST 13,BISHAN,2022-10-01,1228000.0,153.0,1646.88,745.65,04 TO 06,63 years 05 months,Maisonette,1.34955094936358,103.851544031278
HDB,187 BISHAN ST 13,EXECUTIVE,BISHAN,187 BISHAN ST 13,BISHAN,2023-01-01,1150000.0,146.0,1571.53,731.77,10 TO 12,63 years 02 months,Maisonette,1.34955094936358,103.851544031278
HDB,187 BISHAN ST 13,EXECUTIVE,BISHAN,187 BISHAN ST 13,BISHAN,2023-01-01,1160000.0,146.0,1571.53,738.13,07 TO 09,63 years 01 month,Maisonette,1.34955094936358,103.851544031278
HDB,187 BISHAN ST 13,EXECUTIVE,BISHAN,187 BISHAN ST 13,BISHAN,2023-09-01,1188000.0,146.0,1571.53,755.95,04 TO 06,62 years 06 months,Maisonette,1.34955094936358,103.851544031278
HDB,187 BISHAN ST 13,EXECUTIVE,BISHAN,187 BISHAN ST 13,BISHAN,2023-11-01,1170000.0,146.0,1571.53,744.5,10 TO 12,62 years 03 months,Maisonette,1.34955094936358,103.851544031278
HDB,187 BISHAN ST 13,EXECUTIVE,BISHAN,187 BISHAN ST 13,BISHAN,2024-05-01,1305000.0,146.0,1571.53,830.4,10 TO 12,61 years 09 months,Maisonette,1.34955094936358,103.851544031278
HDB,187 BISHAN ST 13,EXECUTIVE,BISHAN,187 BISHAN ST 13,BISHAN,2024-12-01,1322000.0,146.0,1571.53,841.22,07 TO 09,61 years 04 months,Maisonette,1.34955094936358,103.851544031278
HDB,187 BISHAN ST 13,EXECUTIVE,BISHAN,187 BISHAN ST 13,BISHAN,2025-10-01,1438888.0,146.0,1571.53,915.6,04 TO 06,60 years 05 months,Maisonette,1.34955094936358,103.851544031278
HDB,187 BISHAN ST 13,EXECUTIVE,BISHAN,187 BISHAN ST 13,BISHAN,2026-01-01,1398888.0,146.0,1571.53,890.14,07 TO 09,60 years 02 months,Maisonette,1.34955094936358,103.851544031278
HDB,190 BISHAN ST 13,5 ROOM,BISHAN,190 BISHAN ST 13,BISHAN,2017-02-01,710000.0,121.0,1302.43,545.13,01 TO 03,68 years 11 months,Improved,1.35055492734245,103.852044535915
HDB,190 BISHAN ST 13,5 ROOM,BISHAN,190 BISHAN ST 13,BISHAN,2017-05-01,740000.0,121.0,1302.43,568.17,04 TO 06,68 years 08 months,Improved,1.35055492734245,103.852044535915
HDB,190 BISHAN ST 13,EXECUTIVE,BISHAN,190 BISHAN ST 13,BISHAN,2017-07-01,1080000.0,163.0,1754.52,615.55,19 TO 21,68 years 06 months,Maisonette,1.35055492734245,103.852044535915
HDB,190 BISHAN ST 13,5 ROOM,BISHAN,190 BISHAN ST 13,BISHAN,2018-08-01,680000.0,121.0,1302.43,522.1,13 TO 15,67 years 05 months,Improved,1.35055492734245,103.852044535915
HDB,190 BISHAN ST 13,5 ROOM,BISHAN,190 BISHAN ST 13,BISHAN,2018-10-01,680000.0,121.0,1302.43,522.1,01 TO 03,67 years 03 months,Improved,1.35055492734245,103.852044535915
HDB,190 BISHAN ST 13,5 ROOM,BISHAN,190 BISHAN ST 13,BISHAN,2018-10-01,695000.0,121.0,1302.43,533.62,01 TO 03,67 years 03 months,Improved,1.35055492734245,103.852044535915
HDB,190 BISHAN ST 13,5 ROOM,BISHAN,190 BISHAN ST 13,BISHAN,2019-04-01,710000.0,121.0,1302.43,545.13,04 TO 06,66 years 09 months,Improved,1.35055492734245,103.852044535915
HDB,190 BISHAN ST 13,5 ROOM,BISHAN,190 BISHAN ST 13,BISHAN,2019-05-01,785000.0,121.0,1302.43,602.72,13 TO 15,66 years 08 months,Improved,1.35055492734245,103.852044535915
HDB,190 BISHAN ST 13,5 ROOM,BISHAN,190 BISHAN ST 13,BISHAN,2019-09-01,850000.0,121.0,1302.43,652.63,16 TO 18,66 years 04 months,Improved,1.35055492734245,103.852044535915
HDB,190 BISHAN ST 13,5 ROOM,BISHAN,190 BISHAN ST 13,BISHAN,2019-12-01,670000.0,121.0,1302.43,514.42,16 TO 18,66 years 01 month,Improved,1.35055492734245,103.852044535915
HDB,190 BISHAN ST 13,5 ROOM,BISHAN,190 BISHAN ST 13,BISHAN,2020-02-01,755000.0,121.0,1302.43,579.68,04 TO 06,65 years 11 months,Improved,1.35055492734245,103.852044535915
HDB,190 BISHAN ST 13,5 ROOM,BISHAN,190 BISHAN ST 13,BISHAN,2020-09-01,850000.0,121.0,1302.43,652.63,16 TO 18,65 years 05 months,Improved,1.35055492734245,103.852044535915
HDB,190 BISHAN ST 13,5 ROOM,BISHAN,190 BISHAN ST 13,BISHAN,2020-11-01,780000.0,121.0,1302.43,598.88,10 TO 12,65 years 03 months,Improved,1.35055492734245,103.852044535915
HDB,190 BISHAN ST 13,EXECUTIVE,BISHAN,190 BISHAN ST 13,BISHAN,2020-12-01,1058000.0,150.0,1614.59,655.28,19 TO 21,65 years 02 months,Maisonette,1.35055492734245,103.852044535915
HDB,190 BISHAN ST 13,5 ROOM,BISHAN,190 BISHAN ST 13,BISHAN,2021-07-01,811000.0,121.0,1302.43,622.68,07 TO 09,64 years 06 months,Improved,1.35055492734245,103.852044535915
HDB,190 BISHAN ST 13,5 ROOM,BISHAN,190 BISHAN ST 13,BISHAN,2022-09-01,812888.0,121.0,1302.43,624.13,01 TO 03,63 years 05 months,Improved,1.35055492734245,103.852044535915
HDB,190 BISHAN ST 13,5 ROOM,BISHAN,190 BISHAN ST 13,BISHAN,2023-07-01,915000.0,121.0,1302.43,702.53,07 TO 09,62 years 07 months,Improved,1.35055492734245,103.852044535915
HDB,190 BISHAN ST 13,5 ROOM,BISHAN,190 BISHAN ST 13,BISHAN,2023-09-01,955000.0,121.0,1302.43,733.24,04 TO 06,62 years 05 months,Improved,1.35055492734245,103.852044535915
HDB,190 BISHAN ST 13,5 ROOM,BISHAN,190 BISHAN ST 13,BISHAN,2023-12-01,985000.0,121.0,1302.43,756.28,16 TO 18,62 years 01 month,Improved,1.35055492734245,103.852044535915
HDB,190 BISHAN ST 13,5 ROOM,BISHAN,190 BISHAN ST 13,BISHAN,2024-06-01,1000000.0,121.0,1302.43,767.79,10 TO 12,61 years 08 months,Improved,1.35055492734245,103.852044535915
HDB,190 BISHAN ST 13,5 ROOM,BISHAN,190 BISHAN ST 13,BISHAN,2024-11-01,1018000.0,121.0,1302.43,781.61,07 TO 09,61 years 03 months,Improved,1.35055492734245,103.852044535915
HDB,190 BISHAN ST 13,5 ROOM,BISHAN,190 BISHAN ST 13,BISHAN,2025-09-01,999888.0,121.0,1302.43,767.71,04 TO 06,60 years 05 months,Improved,1.35055492734245,103.852044535915
HDB,190 BISHAN ST 13,EXECUTIVE,BISHAN,190 BISHAN ST 13,BISHAN,2026-01-01,1320000.0,150.0,1614.59,817.55,19 TO 21,60 years 01 month,Maisonette,1.35055492734245,103.852044535915
HDB,190 BISHAN ST 13,5 ROOM,BISHAN,190 BISHAN ST 13,BISHAN,2026-05-01,1005000.0,121.0,1302.43,771.63,16 TO 18,59 years 09 months,Improved,1.35055492734245,103.852044535915
HDB,191 BISHAN ST 13,5 ROOM,BISHAN,191 BISHAN ST 13,BISHAN,2017-05-01,728000.0,121.0,1302.43,558.95,01 TO 03,69 years,Improved,1.35054161207715,103.851371061032
HDB,191 BISHAN ST 13,5 ROOM,BISHAN,191 BISHAN ST 13,BISHAN,2021-02-01,767000.0,121.0,1302.43,588.9,04 TO 06,65 years 04 months,Improved,1.35054161207715,103.851371061032
HDB,191 BISHAN ST 13,5 ROOM,BISHAN,191 BISHAN ST 13,BISHAN,2021-03-01,680000.0,121.0,1302.43,522.1,01 TO 03,65 years 02 months,Improved,1.35054161207715,103.851371061032
HDB,191 BISHAN ST 13,5 ROOM,BISHAN,191 BISHAN ST 13,BISHAN,2021-04-01,800000.0,121.0,1302.43,614.24,01 TO 03,65 years 01 month,Improved,1.35054161207715,103.851371061032
HDB,191 BISHAN ST 13,5 ROOM,BISHAN,191 BISHAN ST 13,BISHAN,2021-07-01,888000.0,123.0,1323.96,670.72,07 TO 09,64 years 11 months,Improved,1.35054161207715,103.851371061032
HDB,191 BISHAN ST 13,5 ROOM,BISHAN,191 BISHAN ST 13,BISHAN,2022-02-01,820000.0,121.0,1302.43,629.59,01 TO 03,64 years 03 months,Improved,1.35054161207715,103.851371061032
HDB,191 BISHAN ST 13,5 ROOM,BISHAN,191 BISHAN ST 13,BISHAN,2023-09-01,965000.0,121.0,1302.43,740.92,07 TO 09,62 years 09 months,Improved,1.35054161207715,103.851371061032
HDB,191 BISHAN ST 13,5 ROOM,BISHAN,191 BISHAN ST 13,BISHAN,2024-09-01,1038000.0,121.0,1302.43,796.97,01 TO 03,61 years 10 months,Improved,1.35054161207715,103.851371061032
HDB,192 BISHAN ST 13,5 ROOM,BISHAN,192 BISHAN ST 13,BISHAN,2017-10-01,815000.0,120.0,1291.67,630.97,13 TO 15,68 years 10 months,Improved,1.34897431725156,103.851306462341
HDB,192 BISHAN ST 13,5 ROOM,BISHAN,192 BISHAN ST 13,BISHAN,2017-10-01,828000.0,120.0,1291.67,641.03,13 TO 15,68 years 11 months,Improved,1.34897431725156,103.851306462341
HDB,192 BISHAN ST 13,5 ROOM,BISHAN,192 BISHAN ST 13,BISHAN,2018-04-01,842500.0,120.0,1291.67,652.26,19 TO 21,68 years 04 months,Improved,1.34897431725156,103.851306462341
HDB,192 BISHAN ST 13,5 ROOM,BISHAN,192 BISHAN ST 13,BISHAN,2019-06-01,715000.0,120.0,1291.67,553.55,01 TO 03,67 years 03 months,Improved,1.34897431725156,103.851306462341
HDB,192 BISHAN ST 13,5 ROOM,BISHAN,192 BISHAN ST 13,BISHAN,2019-07-01,740000.0,120.0,1291.67,572.9,07 TO 09,67 years 01 month,Improved,1.34897431725156,103.851306462341
HDB,192 BISHAN ST 13,5 ROOM,BISHAN,192 BISHAN ST 13,BISHAN,2020-10-01,680000.0,120.0,1291.67,526.45,01 TO 03,65 years 10 months,Improved,1.34897431725156,103.851306462341
HDB,192 BISHAN ST 13,5 ROOM,BISHAN,192 BISHAN ST 13,BISHAN,2020-12-01,625000.0,120.0,1291.67,483.87,01 TO 03,65 years 08 months,Improved,1.34897431725156,103.851306462341
HDB,192 BISHAN ST 13,5 ROOM,BISHAN,192 BISHAN ST 13,BISHAN,2021-03-01,820000.0,120.0,1291.67,634.84,04 TO 06,65 years 06 months,Improved,1.34897431725156,103.851306462341
HDB,192 BISHAN ST 13,5 ROOM,BISHAN,192 BISHAN ST 13,BISHAN,2021-08-01,824000.0,120.0,1291.67,637.93,01 TO 03,65 years,Improved,1.34897431725156,103.851306462341
HDB,192 BISHAN ST 13,5 ROOM,BISHAN,192 BISHAN ST 13,BISHAN,2021-08-01,938000.0,120.0,1291.67,726.19,13 TO 15,65 years 01 month,Improved,1.34897431725156,103.851306462341
HDB,192 BISHAN ST 13,5 ROOM,BISHAN,192 BISHAN ST 13,BISHAN,2022-01-01,827000.0,120.0,1291.67,640.26,07 TO 09,64 years 07 months,Improved,1.34897431725156,103.851306462341
HDB,192 BISHAN ST 13,5 ROOM,BISHAN,192 BISHAN ST 13,BISHAN,2022-03-01,855000.0,120.0,1291.67,661.93,07 TO 09,64 years 06 months,Improved,1.34897431725156,103.851306462341
HDB,192 BISHAN ST 13,5 ROOM,BISHAN,192 BISHAN ST 13,BISHAN,2024-07-01,1080000.0,120.0,1291.67,836.13,13 TO 15,62 years 02 months,Improved,1.34897431725156,103.851306462341
HDB,192 BISHAN ST 13,5 ROOM,BISHAN,192 BISHAN ST 13,BISHAN,2025-12-01,1100000.0,120.0,1291.67,851.61,13 TO 15,60 years 09 months,Improved,1.34897431725156,103.851306462341
HDB,192 BISHAN ST 13,5 ROOM,BISHAN,192 BISHAN ST 13,BISHAN,2026-05-01,1110000.0,120.0,1291.67,859.35,07 TO 09,60 years 04 months,Improved,1.34897431725156,103.851306462341
HDB,194 BISHAN ST 13,5 ROOM,BISHAN,194 BISHAN ST 13,BISHAN,2018-03-01,806000.0,121.0,1302.43,618.84,07 TO 09,68 years 02 months,Improved,1.34829912335443,103.851419417474
HDB,194 BISHAN ST 13,5 ROOM,BISHAN,194 BISHAN ST 13,BISHAN,2020-02-01,850000.0,121.0,1302.43,652.63,19 TO 21,66 years 03 months,Improved,1.34829912335443,103.851419417474
HDB,194 BISHAN ST 13,5 ROOM,BISHAN,194 BISHAN ST 13,BISHAN,2020-04-01,770000.0,121.0,1302.43,591.2,07 TO 09,66 years 02 months,Improved,1.34829912335443,103.851419417474
HDB,194 BISHAN ST 13,5 ROOM,BISHAN,194 BISHAN ST 13,BISHAN,2020-08-01,773000.0,121.0,1302.43,593.51,10 TO 12,65 years 10 months,Improved,1.34829912335443,103.851419417474
HDB,194 BISHAN ST 13,5 ROOM,BISHAN,194 BISHAN ST 13,BISHAN,2020-09-01,750000.0,121.0,1302.43,575.85,04 TO 06,65 years 08 months,Improved,1.34829912335443,103.851419417474
HDB,194 BISHAN ST 13,5 ROOM,BISHAN,194 BISHAN ST 13,BISHAN,2020-12-01,820000.0,121.0,1302.43,629.59,07 TO 09,65 years 06 months,Improved,1.34829912335443,103.851419417474
HDB,194 BISHAN ST 13,5 ROOM,BISHAN,194 BISHAN ST 13,BISHAN,2021-02-01,900000.0,121.0,1302.43,691.02,19 TO 21,65 years 04 months,Improved,1.34829912335443,103.851419417474
HDB,194 BISHAN ST 13,5 ROOM,BISHAN,194 BISHAN ST 13,BISHAN,2021-04-01,659000.0,121.0,1302.43,505.98,01 TO 03,65 years 02 months,Improved,1.34829912335443,103.851419417474
HDB,194 BISHAN ST 13,5 ROOM,BISHAN,194 BISHAN ST 13,BISHAN,2021-06-01,930000.0,121.0,1302.43,714.05,10 TO 12,64 years 11 months,Improved,1.34829912335443,103.851419417474
HDB,194 BISHAN ST 13,5 ROOM,BISHAN,194 BISHAN ST 13,BISHAN,2022-01-01,970000.0,121.0,1302.43,744.76,16 TO 18,64 years 05 months,Improved,1.34829912335443,103.851419417474
HDB,194 BISHAN ST 13,5 ROOM,BISHAN,194 BISHAN ST 13,BISHAN,2022-01-01,988000.0,121.0,1302.43,758.58,22 TO 24,64 years 05 months,Improved,1.34829912335443,103.851419417474
HDB,194 BISHAN ST 13,5 ROOM,BISHAN,194 BISHAN ST 13,BISHAN,2022-04-01,928888.0,121.0,1302.43,713.2,07 TO 09,64 years 02 months,Improved,1.34829912335443,103.851419417474
HDB,194 BISHAN ST 13,5 ROOM,BISHAN,194 BISHAN ST 13,BISHAN,2023-10-01,918000.0,121.0,1302.43,704.84,10 TO 12,62 years 07 months,Improved,1.34829912335443,103.851419417474
HDB,194 BISHAN ST 13,5 ROOM,BISHAN,194 BISHAN ST 13,BISHAN,2024-06-01,1050000.0,121.0,1302.43,806.18,16 TO 18,62 years,Improved,1.34829912335443,103.851419417474
HDB,194 BISHAN ST 13,5 ROOM,BISHAN,194 BISHAN ST 13,BISHAN,2025-06-01,970000.0,121.0,1302.43,744.76,01 TO 03,60 years 11 months,Improved,1.34829912335443,103.851419417474
HDB,194 BISHAN ST 13,EXECUTIVE,BISHAN,194 BISHAN ST 13,BISHAN,2025-07-01,1588000.0,163.0,1754.52,905.09,22 TO 24,60 years 10 months,Maisonette,1.34829912335443,103.851419417474
HDB,194 BISHAN ST 13,5 ROOM,BISHAN,194 BISHAN ST 13,BISHAN,2025-08-01,1170000.0,121.0,1302.43,898.32,19 TO 21,60 years 09 months,Improved,1.34829912335443,103.851419417474
HDB,194 BISHAN ST 13,5 ROOM,BISHAN,194 BISHAN ST 13,BISHAN,2026-06-01,1060000.0,121.0,1302.43,813.86,13 TO 15,60 years,Improved,1.34829912335443,103.851419417474
HDB,196 BISHAN ST 13,5 ROOM,BISHAN,196 BISHAN ST 13,BISHAN,2018-03-01,750000.0,121.0,1302.43,575.85,07 TO 09,67 years 10 months,Improved,1.34804172728486,103.850726886792
HDB,196 BISHAN ST 13,5 ROOM,BISHAN,196 BISHAN ST 13,BISHAN,2018-07-01,720000.0,123.0,1323.96,543.82,04 TO 06,67 years 06 months,Improved,1.34804172728486,103.850726886792
HDB,196 BISHAN ST 13,5 ROOM,BISHAN,196 BISHAN ST 13,BISHAN,2018-10-01,748000.0,121.0,1302.43,574.31,01 TO 03,67 years 03 months,Improved,1.34804172728486,103.850726886792
HDB,196 BISHAN ST 13,5 ROOM,BISHAN,196 BISHAN ST 13,BISHAN,2020-07-01,852000.0,123.0,1323.96,643.52,04 TO 06,65 years 06 months,Improved,1.34804172728486,103.850726886792
HDB,196 BISHAN ST 13,5 ROOM,BISHAN,196 BISHAN ST 13,BISHAN,2020-07-01,550000.0,121.0,1302.43,422.29,04 TO 06,65 years 06 months,Improved,1.34804172728486,103.850726886792
HDB,196 BISHAN ST 13,5 ROOM,BISHAN,196 BISHAN ST 13,BISHAN,2021-01-01,850000.0,121.0,1302.43,652.63,04 TO 06,65 years,Improved,1.34804172728486,103.850726886792
HDB,196 BISHAN ST 13,5 ROOM,BISHAN,196 BISHAN ST 13,BISHAN,2022-05-01,938000.0,121.0,1302.43,720.19,04 TO 06,63 years 09 months,Improved,1.34804172728486,103.850726886792
HDB,196 BISHAN ST 13,5 ROOM,BISHAN,196 BISHAN ST 13,BISHAN,2023-11-01,965000.0,121.0,1302.43,740.92,04 TO 06,62 years 03 months,Improved,1.34804172728486,103.850726886792
HDB,196 BISHAN ST 13,5 ROOM,BISHAN,196 BISHAN ST 13,BISHAN,2024-12-01,1000888.0,123.0,1323.96,755.98,07 TO 09,61 years 03 months,Improved,1.34804172728486,103.850726886792
HDB,196 BISHAN ST 13,5 ROOM,BISHAN,196 BISHAN ST 13,BISHAN,2025-10-01,995000.0,121.0,1302.43,763.96,07 TO 09,60 years 03 months,Improved,1.34804172728486,103.850726886792
HDB,197 BISHAN ST 13,5 ROOM,BISHAN,197 BISHAN ST 13,BISHAN,2022-02-01,828000.0,121.0,1302.43,635.73,01 TO 03,64 years,Improved,1.34909908028044,103.850673737521
HDB,197 BISHAN ST 13,5 ROOM,BISHAN,197 BISHAN ST 13,BISHAN,2023-11-01,955000.0,121.0,1302.43,733.24,04 TO 06,62 years 02 months,Improved,1.34909908028044,103.850673737521
HDB,197 BISHAN ST 13,5 ROOM,BISHAN,197 BISHAN ST 13,BISHAN,2024-07-01,830000.0,121.0,1302.43,637.27,01 TO 03,61 years 07 months,Improved,1.34909908028044,103.850673737521
HDB,197 BISHAN ST 13,5 ROOM,BISHAN,197 BISHAN ST 13,BISHAN,2025-10-01,1050000.0,121.0,1302.43,806.18,07 TO 09,60 years 04 months,Improved,1.34909908028044,103.850673737521
HDB,20 JOO SENG RD,EXECUTIVE,TOA PAYOH,20 JOO SENG RD,TOA PAYOH,2018-02-01,650000.0,146.0,1571.53,413.61,04 TO 06,69 years 06 months,Maisonette,1.33405760108197,103.881366182682
HDB,20 JOO SENG RD,EXECUTIVE,TOA PAYOH,20 JOO SENG RD,TOA PAYOH,2019-07-01,600000.0,146.0,1571.53,381.79,01 TO 03,68 years 01 month,Maisonette,1.33405760108197,103.881366182682
HDB,20 JOO SENG RD,EXECUTIVE,TOA PAYOH,20 JOO SENG RD,TOA PAYOH,2020-01-01,630000.0,155.0,1668.4,377.61,01 TO 03,67 years 07 months,Maisonette,1.33405760108197,103.881366182682
HDB,20 JOO SENG RD,EXECUTIVE,TOA PAYOH,20 JOO SENG RD,TOA PAYOH,2020-08-01,640000.0,146.0,1571.53,407.25,07 TO 09,67 years 01 month,Maisonette,1.33405760108197,103.881366182682
HDB,20 JOO SENG RD,EXECUTIVE,TOA PAYOH,20 JOO SENG RD,TOA PAYOH,2021-07-01,700000.0,146.0,1571.53,445.43,04 TO 06,66 years 02 months,Maisonette,1.33405760108197,103.881366182682
HDB,20 JOO SENG RD,EXECUTIVE,TOA PAYOH,20 JOO SENG RD,TOA PAYOH,2021-09-01,712000.0,146.0,1571.53,453.06,07 TO 09,66 years,Maisonette,1.33405760108197,103.881366182682
HDB,20 JOO SENG RD,EXECUTIVE,TOA PAYOH,20 JOO SENG RD,TOA PAYOH,2021-09-01,718000.0,155.0,1668.4,430.35,04 TO 06,66 years,Maisonette,1.33405760108197,103.881366182682
HDB,20 JOO SENG RD,EXECUTIVE,TOA PAYOH,20 JOO SENG RD,TOA PAYOH,2021-12-01,700000.0,146.0,1571.53,445.43,01 TO 03,65 years 09 months,Maisonette,1.33405760108197,103.881366182682
HDB,20 JOO SENG RD,EXECUTIVE,TOA PAYOH,20 JOO SENG RD,TOA PAYOH,2022-09-01,775000.0,146.0,1571.53,493.15,01 TO 03,65 years,Maisonette,1.33405760108197,103.881366182682
HDB,20 JOO SENG RD,EXECUTIVE,TOA PAYOH,20 JOO SENG RD,TOA PAYOH,2023-10-01,830000.0,146.0,1571.53,528.15,01 TO 03,63 years 10 months,Maisonette,1.33405760108197,103.881366182682
HDB,20 JOO SENG RD,EXECUTIVE,TOA PAYOH,20 JOO SENG RD,TOA PAYOH,2023-11-01,850000.0,146.0,1571.53,540.87,01 TO 03,63 years 10 months,Maisonette,1.33405760108197,103.881366182682
HDB,20 JOO SENG RD,EXECUTIVE,TOA PAYOH,20 JOO SENG RD,TOA PAYOH,2024-06-01,925000.0,155.0,1668.4,554.42,01 TO 03,63 years 04 months,Maisonette,1.33405760108197,103.881366182682
HDB,201 BISHAN ST 23,EXECUTIVE,BISHAN,201 BISHAN ST 23,BISHAN,2017-05-01,930000.0,150.0,1614.59,576.0,04 TO 06,74 years,Maisonette,1.35506686853913,103.846946060532
HDB,201 BISHAN ST 23,EXECUTIVE,BISHAN,201 BISHAN ST 23,BISHAN,2018-07-01,850000.0,147.0,1582.29,537.19,01 TO 03,72 years 10 months,Maisonette,1.35506686853913,103.846946060532
HDB,201 BISHAN ST 23,EXECUTIVE,BISHAN,201 BISHAN ST 23,BISHAN,2019-08-01,808000.0,149.0,1603.82,503.8,01 TO 03,71 years 09 months,Maisonette,1.35506686853913,103.846946060532
HDB,201 BISHAN ST 23,EXECUTIVE,BISHAN,201 BISHAN ST 23,BISHAN,2019-11-01,880000.0,147.0,1582.29,556.15,04 TO 06,71 years 06 months,Maisonette,1.35506686853913,103.846946060532
HDB,201 BISHAN ST 23,EXECUTIVE,BISHAN,201 BISHAN ST 23,BISHAN,2019-12-01,890000.0,150.0,1614.59,551.23,07 TO 09,71 years 05 months,Maisonette,1.35506686853913,103.846946060532
HDB,201 BISHAN ST 23,EXECUTIVE,BISHAN,201 BISHAN ST 23,BISHAN,2022-07-01,1068000.0,149.0,1603.82,665.91,04 TO 06,68 years 10 months,Maisonette,1.35506686853913,103.846946060532
HDB,201 BISHAN ST 23,EXECUTIVE,BISHAN,201 BISHAN ST 23,BISHAN,2022-09-01,935000.0,147.0,1582.29,590.91,04 TO 06,68 years 08 months,Maisonette,1.35506686853913,103.846946060532
HDB,201 BISHAN ST 23,EXECUTIVE,BISHAN,201 BISHAN ST 23,BISHAN,2023-04-01,1080000.0,149.0,1603.82,673.39,01 TO 03,67 years 11 months,Maisonette,1.35506686853913,103.846946060532
HDB,201 BISHAN ST 23,EXECUTIVE,BISHAN,201 BISHAN ST 23,BISHAN,2023-10-01,1000000.0,151.0,1625.35,615.25,07 TO 09,67 years 07 months,Maisonette,1.35506686853913,103.846946060532
HDB,201 BISHAN ST 23,EXECUTIVE,BISHAN,201 BISHAN ST 23,BISHAN,2024-10-01,1260000.0,149.0,1603.82,785.62,04 TO 06,66 years 07 months,Maisonette,1.35506686853913,103.846946060532
HDB,201 BISHAN ST 23,EXECUTIVE,BISHAN,201 BISHAN ST 23,BISHAN,2025-11-01,1200000.0,151.0,1625.35,738.3,04 TO 06,65 years 06 months,Maisonette,1.35506686853913,103.846946060532
HDB,202 BISHAN ST 23,EXECUTIVE,BISHAN,202 BISHAN ST 23,BISHAN,2026-01-01,1088000.0,148.0,1593.06,682.96,01 TO 03,65 years 04 months,Maisonette,1.35509604100923,103.847244212734
HDB,203 BISHAN ST 23,5 ROOM,BISHAN,203 BISHAN ST 23,BISHAN,2018-09-01,850000.0,132.0,1420.83,598.24,10 TO 12,72 years 08 months,Model A,1.35453674224831,103.847451973086
HDB,203 BISHAN ST 23,5 ROOM,BISHAN,203 BISHAN ST 23,BISHAN,2019-09-01,770000.0,132.0,1420.83,541.93,07 TO 09,71 years 08 months,Model A,1.35453674224831,103.847451973086
HDB,204 BISHAN ST 23,5 ROOM,BISHAN,204 BISHAN ST 23,BISHAN,2023-03-01,953000.0,132.0,1420.83,670.73,13 TO 15,68 years 02 months,Model A,1.35487654982642,103.847594065589
HDB,204 BISHAN ST 23,5 ROOM,BISHAN,204 BISHAN ST 23,BISHAN,2023-06-01,963888.0,132.0,1420.83,678.4,07 TO 09,67 years 11 months,Model A,1.35487654982642,103.847594065589
HDB,204 BISHAN ST 23,5 ROOM,BISHAN,204 BISHAN ST 23,BISHAN,2025-02-01,1105000.0,132.0,1420.83,777.71,13 TO 15,66 years 03 months,Model A,1.35487654982642,103.847594065589
HDB,206 BISHAN ST 23,5 ROOM,BISHAN,206 BISHAN ST 23,BISHAN,2017-05-01,788000.0,135.0,1453.13,542.28,04 TO 06,74 years,Model A,1.35568127443062,103.847808322232
HDB,206 BISHAN ST 23,5 ROOM,BISHAN,206 BISHAN ST 23,BISHAN,2017-08-01,765000.0,138.0,1485.42,515.01,10 TO 12,73 years 08 months,Model A,1.35568127443062,103.847808322232
HDB,206 BISHAN ST 23,5 ROOM,BISHAN,206 BISHAN ST 23,BISHAN,2018-05-01,818000.0,135.0,1453.13,562.92,13 TO 15,73 years,Model A,1.35568127443062,103.847808322232
HDB,207 BISHAN ST 23,5 ROOM,BISHAN,207 BISHAN ST 23,BISHAN,2019-10-01,795000.0,135.0,1453.13,547.1,16 TO 18,71 years 07 months,Model A,1.35464222026017,103.848183306018
HDB,207 BISHAN ST 23,5 ROOM,BISHAN,207 BISHAN ST 23,BISHAN,2025-03-01,1080000.0,135.0,1453.13,743.23,13 TO 15,66 years 03 months,Model A,1.35464222026017,103.848183306018
HDB,208 BISHAN ST 23,EXECUTIVE,BISHAN,208 BISHAN ST 23,BISHAN,2017-04-01,860000.0,145.0,1560.77,551.01,01 TO 03,74 years 11 months,Maisonette,1.35492717199264,103.848545126427
HDB,208 BISHAN ST 23,EXECUTIVE,BISHAN,208 BISHAN ST 23,BISHAN,2022-09-01,963000.0,145.0,1560.77,617.0,01 TO 03,68 years 08 months,Maisonette,1.35492717199264,103.848545126427
HDB,208 BISHAN ST 23,EXECUTIVE,BISHAN,208 BISHAN ST 23,BISHAN,2023-03-01,968888.0,146.0,1571.53,616.53,01 TO 03,68 years 02 months,Maisonette,1.35492717199264,103.848545126427
HDB,208 BISHAN ST 23,EXECUTIVE,BISHAN,208 BISHAN ST 23,BISHAN,2026-04-01,1240000.0,146.0,1571.53,789.04,01 TO 03,65 years 02 months,Maisonette,1.35492717199264,103.848545126427
HDB,208 BISHAN ST 23,EXECUTIVE,BISHAN,208 BISHAN ST 23,BISHAN,2026-07-01,1190000.0,146.0,1571.53,757.22,01 TO 03,64 years 11 months,Maisonette,1.35492717199264,103.848545126427
HDB,209 BISHAN ST 23,5 ROOM,BISHAN,209 BISHAN ST 23,BISHAN,2024-08-01,989888.0,135.0,1453.13,681.21,07 TO 09,66 years 09 months,Model A,1.35554884726043,103.848541212741
HDB,21 JOO SENG RD,EXECUTIVE,TOA PAYOH,21 JOO SENG RD,TOA PAYOH,2017-10-01,665000.0,146.0,1571.53,423.15,04 TO 06,69 years 11 months,Maisonette,1.33396073218978,103.880581831155
HDB,21 JOO SENG RD,EXECUTIVE,TOA PAYOH,21 JOO SENG RD,TOA PAYOH,2019-01-01,688000.0,155.0,1668.4,412.37,07 TO 09,68 years 08 months,Maisonette,1.33396073218978,103.880581831155
HDB,21 JOO SENG RD,EXECUTIVE,TOA PAYOH,21 JOO SENG RD,TOA PAYOH,2019-06-01,645000.0,146.0,1571.53,410.43,04 TO 06,68 years 03 months,Maisonette,1.33396073218978,103.880581831155
HDB,21 JOO SENG RD,EXECUTIVE,TOA PAYOH,21 JOO SENG RD,TOA PAYOH,2019-06-01,696000.0,146.0,1571.53,442.88,07 TO 09,68 years 03 months,Maisonette,1.33396073218978,103.880581831155
HDB,21 JOO SENG RD,EXECUTIVE,TOA PAYOH,21 JOO SENG RD,TOA PAYOH,2020-12-01,668000.0,146.0,1571.53,425.06,04 TO 06,66 years 10 months,Maisonette,1.33396073218978,103.880581831155
HDB,21 JOO SENG RD,EXECUTIVE,TOA PAYOH,21 JOO SENG RD,TOA PAYOH,2021-01-01,690000.0,146.0,1571.53,439.06,10 TO 12,66 years 09 months,Maisonette,1.33396073218978,103.880581831155
HDB,21 JOO SENG RD,EXECUTIVE,TOA PAYOH,21 JOO SENG RD,TOA PAYOH,2022-04-01,810000.0,155.0,1668.4,485.49,04 TO 06,65 years 05 months,Maisonette,1.33396073218978,103.880581831155
HDB,21 JOO SENG RD,EXECUTIVE,TOA PAYOH,21 JOO SENG RD,TOA PAYOH,2023-07-01,838000.0,146.0,1571.53,533.24,10 TO 12,64 years 02 months,Maisonette,1.33396073218978,103.880581831155
HDB,21 JOO SENG RD,EXECUTIVE,TOA PAYOH,21 JOO SENG RD,TOA PAYOH,2023-11-01,880000.0,146.0,1571.53,559.96,04 TO 06,63 years 11 months,Maisonette,1.33396073218978,103.880581831155
HDB,21 JOO SENG RD,EXECUTIVE,TOA PAYOH,21 JOO SENG RD,TOA PAYOH,2024-11-01,1200000.0,152.0,1636.11,733.45,07 TO 09,62 years 11 months,Maisonette,1.33396073218978,103.880581831155
HDB,21 JOO SENG RD,EXECUTIVE,TOA PAYOH,21 JOO SENG RD,TOA PAYOH,2025-01-01,1030000.0,146.0,1571.53,655.41,10 TO 12,62 years 10 months,Maisonette,1.33396073218978,103.880581831155
HDB,21 JOO SENG RD,EXECUTIVE,TOA PAYOH,21 JOO SENG RD,TOA PAYOH,2025-02-01,930000.0,146.0,1571.53,591.78,01 TO 03,62 years 08 months,Maisonette,1.33396073218978,103.880581831155
HDB,21 JOO SENG RD,EXECUTIVE,TOA PAYOH,21 JOO SENG RD,TOA PAYOH,2025-03-01,875000.0,151.0,1625.35,538.35,01 TO 03,62 years 07 months,Maisonette,1.33396073218978,103.880581831155
HDB,21 JOO SENG RD,EXECUTIVE,TOA PAYOH,21 JOO SENG RD,TOA PAYOH,2026-07-01,980000.0,146.0,1571.53,623.6,07 TO 09,61 years 03 months,Maisonette,1.33396073218978,103.880581831155
HDB,210 BISHAN ST 23,5 ROOM,BISHAN,210 BISHAN ST 23,BISHAN,2020-09-01,780000.0,135.0,1453.13,536.77,10 TO 12,70 years 08 months,Model A,1.3558197392173,103.848814619047
HDB,210 BISHAN ST 23,5 ROOM,BISHAN,210 BISHAN ST 23,BISHAN,2021-09-01,830000.0,137.0,1474.65,562.84,10 TO 12,69 years 09 months,Model A,1.3558197392173,103.848814619047
HDB,211 BISHAN ST 23,5 ROOM,BISHAN,211 BISHAN ST 23,BISHAN,2025-05-01,1130000.0,137.0,1474.65,766.28,10 TO 12,66 years,Model A,1.35615290745994,103.848976985255
HDB,212 BISHAN ST 23,EXECUTIVE,BISHAN,212 BISHAN ST 23,BISHAN,2017-08-01,830000.0,147.0,1582.29,524.56,04 TO 06,73 years 09 months,Maisonette,1.35627246709414,103.848249854181
HDB,212 BISHAN ST 23,EXECUTIVE,BISHAN,212 BISHAN ST 23,BISHAN,2017-08-01,920000.0,149.0,1603.82,573.63,13 TO 15,73 years 08 months,Maisonette,1.35627246709414,103.848249854181
HDB,212 BISHAN ST 23,EXECUTIVE,BISHAN,212 BISHAN ST 23,BISHAN,2017-09-01,880000.0,149.0,1603.82,548.69,04 TO 06,73 years 07 months,Maisonette,1.35627246709414,103.848249854181
HDB,212 BISHAN ST 23,EXECUTIVE,BISHAN,212 BISHAN ST 23,BISHAN,2018-04-01,900000.0,149.0,1603.82,561.16,10 TO 12,73 years 02 months,Maisonette,1.35627246709414,103.848249854181
HDB,212 BISHAN ST 23,EXECUTIVE,BISHAN,212 BISHAN ST 23,BISHAN,2019-07-01,858000.0,149.0,1603.82,534.97,04 TO 06,71 years 10 months,Maisonette,1.35627246709414,103.848249854181
HDB,212 BISHAN ST 23,EXECUTIVE,BISHAN,212 BISHAN ST 23,BISHAN,2020-01-01,913000.0,149.0,1603.82,569.27,04 TO 06,71 years 03 months,Maisonette,1.35627246709414,103.848249854181
HDB,212 BISHAN ST 23,EXECUTIVE,BISHAN,212 BISHAN ST 23,BISHAN,2020-02-01,858000.0,147.0,1582.29,542.25,01 TO 03,71 years 03 months,Maisonette,1.35627246709414,103.848249854181
HDB,212 BISHAN ST 23,EXECUTIVE,BISHAN,212 BISHAN ST 23,BISHAN,2020-08-01,828000.0,146.0,1571.53,526.88,04 TO 06,70 years 09 months,Maisonette,1.35627246709414,103.848249854181
HDB,212 BISHAN ST 23,EXECUTIVE,BISHAN,212 BISHAN ST 23,BISHAN,2020-11-01,950000.0,150.0,1614.59,588.39,07 TO 09,70 years 07 months,Maisonette,1.35627246709414,103.848249854181
HDB,212 BISHAN ST 23,EXECUTIVE,BISHAN,212 BISHAN ST 23,BISHAN,2020-12-01,880000.0,149.0,1603.82,548.69,01 TO 03,70 years 05 months,Maisonette,1.35627246709414,103.848249854181
HDB,212 BISHAN ST 23,EXECUTIVE,BISHAN,212 BISHAN ST 23,BISHAN,2021-05-01,930000.0,151.0,1625.35,572.18,07 TO 09,69 years 11 months,Maisonette,1.35627246709414,103.848249854181
HDB,212 BISHAN ST 23,EXECUTIVE,BISHAN,212 BISHAN ST 23,BISHAN,2021-06-01,1020000.0,149.0,1603.82,635.98,16 TO 18,69 years 11 months,Maisonette,1.35627246709414,103.848249854181
HDB,212 BISHAN ST 23,EXECUTIVE,BISHAN,212 BISHAN ST 23,BISHAN,2021-11-01,948000.0,151.0,1625.35,583.26,04 TO 06,69 years 06 months,Maisonette,1.35627246709414,103.848249854181
HDB,212 BISHAN ST 23,EXECUTIVE,BISHAN,212 BISHAN ST 23,BISHAN,2021-11-01,955000.0,149.0,1603.82,595.45,07 TO 09,69 years 06 months,Maisonette,1.35627246709414,103.848249854181
HDB,212 BISHAN ST 23,EXECUTIVE,BISHAN,212 BISHAN ST 23,BISHAN,2023-03-01,1038000.0,146.0,1571.53,660.5,04 TO 06,68 years 02 months,Maisonette,1.35627246709414,103.848249854181
HDB,212 BISHAN ST 23,EXECUTIVE,BISHAN,212 BISHAN ST 23,BISHAN,2023-04-01,1050000.0,149.0,1603.82,654.69,04 TO 06,68 years 01 month,Maisonette,1.35627246709414,103.848249854181
HDB,212 BISHAN ST 23,EXECUTIVE,BISHAN,212 BISHAN ST 23,BISHAN,2023-05-01,970000.0,150.0,1614.59,600.77,01 TO 03,68 years,Maisonette,1.35627246709414,103.848249854181
HDB,212 BISHAN ST 23,EXECUTIVE,BISHAN,212 BISHAN ST 23,BISHAN,2023-05-01,1010000.0,149.0,1603.82,629.75,04 TO 06,68 years,Maisonette,1.35627246709414,103.848249854181
HDB,212 BISHAN ST 23,EXECUTIVE,BISHAN,212 BISHAN ST 23,BISHAN,2024-04-01,1238000.0,149.0,1603.82,771.91,10 TO 12,67 years 02 months,Maisonette,1.35627246709414,103.848249854181
HDB,212 BISHAN ST 23,EXECUTIVE,BISHAN,212 BISHAN ST 23,BISHAN,2025-02-01,1170000.0,156.0,1679.17,696.77,04 TO 06,66 years 03 months,Maisonette,1.35627246709414,103.848249854181
HDB,212 BISHAN ST 23,EXECUTIVE,BISHAN,212 BISHAN ST 23,BISHAN,2025-09-01,1200000.0,149.0,1603.82,748.21,04 TO 06,65 years 09 months,Maisonette,1.35627246709414,103.848249854181
HDB,212 BISHAN ST 23,EXECUTIVE,BISHAN,212 BISHAN ST 23,BISHAN,2025-11-01,1460000.0,156.0,1679.17,869.48,16 TO 18,65 years 06 months,Maisonette,1.35627246709414,103.848249854181
HDB,212 BISHAN ST 23,EXECUTIVE,BISHAN,212 BISHAN ST 23,BISHAN,2025-12-01,1200000.0,149.0,1603.82,748.21,04 TO 06,65 years 06 months,Maisonette,1.35627246709414,103.848249854181
HDB,212 BISHAN ST 23,EXECUTIVE,BISHAN,212 BISHAN ST 23,BISHAN,2025-12-01,1298000.0,149.0,1603.82,809.32,07 TO 09,65 years 05 months,Maisonette,1.35627246709414,103.848249854181
HDB,213 BISHAN ST 23,5 ROOM,BISHAN,213 BISHAN ST 23,BISHAN,2017-06-01,810000.0,139.0,1496.18,541.38,04 TO 06,73 years 11 months,Model A,1.35717822124501,103.848152969032
HDB,213 BISHAN ST 23,5 ROOM,BISHAN,213 BISHAN ST 23,BISHAN,2019-08-01,822000.0,132.0,1420.83,578.53,07 TO 09,71 years 09 months,Model A,1.35717822124501,103.848152969032
HDB,213 BISHAN ST 23,5 ROOM,BISHAN,213 BISHAN ST 23,BISHAN,2024-08-01,1060000.0,139.0,1496.18,708.47,10 TO 12,66 years 10 months,Model A,1.35717822124501,103.848152969032
HDB,213 BISHAN ST 23,5 ROOM,BISHAN,213 BISHAN ST 23,BISHAN,2024-11-01,1120000.0,132.0,1420.83,788.27,07 TO 09,66 years 06 months,Model A,1.35717822124501,103.848152969032
HDB,214 BISHAN ST 23,5 ROOM,BISHAN,214 BISHAN ST 23,BISHAN,2017-01-01,650000.0,139.0,1496.18,434.44,04 TO 06,74 years 04 months,Model A,1.35751189682984,103.848303415822
HDB,214 BISHAN ST 23,5 ROOM,BISHAN,214 BISHAN ST 23,BISHAN,2018-11-01,758000.0,133.0,1431.6,529.48,04 TO 06,72 years 05 months,Model A,1.35751189682984,103.848303415822
HDB,214 BISHAN ST 23,5 ROOM,BISHAN,214 BISHAN ST 23,BISHAN,2020-01-01,698000.0,133.0,1431.6,487.57,04 TO 06,71 years 03 months,Model A,1.35751189682984,103.848303415822
HDB,214 BISHAN ST 23,5 ROOM,BISHAN,214 BISHAN ST 23,BISHAN,2021-04-01,850000.0,139.0,1496.18,568.11,10 TO 12,70 years 01 month,Model A,1.35751189682984,103.848303415822
HDB,214 BISHAN ST 23,5 ROOM,BISHAN,214 BISHAN ST 23,BISHAN,2025-06-01,980000.0,139.0,1496.18,655.0,01 TO 03,65 years 11 months,Model A,1.35751189682984,103.848303415822
HDB,215 BISHAN ST 23,5 ROOM,BISHAN,215 BISHAN ST 23,BISHAN,2017-02-01,770000.0,133.0,1431.6,537.86,04 TO 06,74 years 03 months,Model A,1.35708728798563,103.848808695541
HDB,215 BISHAN ST 23,5 ROOM,BISHAN,215 BISHAN ST 23,BISHAN,2017-07-01,775000.0,133.0,1431.6,541.35,07 TO 09,73 years 10 months,Model A,1.35708728798563,103.848808695541
HDB,215 BISHAN ST 23,5 ROOM,BISHAN,215 BISHAN ST 23,BISHAN,2017-10-01,755000.0,133.0,1431.6,527.38,04 TO 06,73 years 06 months,Model A,1.35708728798563,103.848808695541
HDB,215 BISHAN ST 23,5 ROOM,BISHAN,215 BISHAN ST 23,BISHAN,2022-03-01,855000.0,133.0,1431.6,597.23,10 TO 12,69 years 02 months,Model A,1.35708728798563,103.848808695541
HDB,216 BISHAN ST 23,5 ROOM,BISHAN,216 BISHAN ST 23,BISHAN,2017-05-01,778000.0,137.0,1474.65,527.58,13 TO 15,73 years 11 months,Model A,1.35637063078371,103.849221049026
HDB,216 BISHAN ST 23,5 ROOM,BISHAN,216 BISHAN ST 23,BISHAN,2021-09-01,930000.0,137.0,1474.65,630.66,10 TO 12,69 years 08 months,Model A,1.35637063078371,103.849221049026
HDB,216 BISHAN ST 23,5 ROOM,BISHAN,216 BISHAN ST 23,BISHAN,2022-05-01,852000.0,135.0,1453.13,586.32,10 TO 12,69 years,Model A,1.35637063078371,103.849221049026
HDB,216 BISHAN ST 23,5 ROOM,BISHAN,216 BISHAN ST 23,BISHAN,2023-03-01,932500.0,137.0,1474.65,632.35,04 TO 06,68 years 02 months,Model A,1.35637063078371,103.849221049026
HDB,216 BISHAN ST 23,5 ROOM,BISHAN,216 BISHAN ST 23,BISHAN,2023-05-01,940000.0,137.0,1474.65,637.44,04 TO 06,68 years,Model A,1.35637063078371,103.849221049026
HDB,216 BISHAN ST 23,5 ROOM,BISHAN,216 BISHAN ST 23,BISHAN,2024-10-01,1043000.0,137.0,1474.65,707.28,10 TO 12,66 years 07 months,Model A,1.35637063078371,103.849221049026
HDB,216 BISHAN ST 23,5 ROOM,BISHAN,216 BISHAN ST 23,BISHAN,2026-05-01,1150000.0,137.0,1474.65,779.84,13 TO 15,64 years 11 months,Model A,1.35637063078371,103.849221049026
HDB,217 BISHAN ST 23,5 ROOM,BISHAN,217 BISHAN ST 23,BISHAN,2021-12-01,938000.0,137.0,1474.65,636.08,16 TO 18,69 years 06 months,Model A,1.35674001530713,103.849329508235
HDB,217 BISHAN ST 23,5 ROOM,BISHAN,217 BISHAN ST 23,BISHAN,2022-02-01,965000.0,135.0,1453.13,664.09,16 TO 18,69 years 03 months,Model A,1.35674001530713,103.849329508235
HDB,217 BISHAN ST 23,5 ROOM,BISHAN,217 BISHAN ST 23,BISHAN,2022-12-01,911880.0,137.0,1474.65,618.37,10 TO 12,68 years 05 months,Model A,1.35674001530713,103.849329508235
HDB,218 BISHAN ST 23,EXECUTIVE,BISHAN,218 BISHAN ST 23,BISHAN,2019-09-01,800000.0,148.0,1593.06,502.18,01 TO 03,71 years 07 months,Maisonette,1.35686236850321,103.84972330006
HDB,218 BISHAN ST 23,EXECUTIVE,BISHAN,218 BISHAN ST 23,BISHAN,2020-03-01,805000.0,149.0,1603.82,501.93,01 TO 03,71 years 01 month,Maisonette,1.35686236850321,103.84972330006
HDB,218 BISHAN ST 23,EXECUTIVE,BISHAN,218 BISHAN ST 23,BISHAN,2023-04-01,970000.0,149.0,1603.82,604.81,01 TO 03,67 years 11 months,Maisonette,1.35686236850321,103.84972330006
HDB,219 BISHAN ST 23,EXECUTIVE,BISHAN,219 BISHAN ST 23,BISHAN,2017-07-01,880000.0,146.0,1571.53,559.96,10 TO 12,73 years 10 months,Maisonette,1.35739727896901,103.849430241136
HDB,219 BISHAN ST 23,EXECUTIVE,BISHAN,219 BISHAN ST 23,BISHAN,2017-11-01,930000.0,146.0,1571.53,591.78,04 TO 06,73 years 06 months,Maisonette,1.35739727896901,103.849430241136
HDB,219 BISHAN ST 23,EXECUTIVE,BISHAN,219 BISHAN ST 23,BISHAN,2018-04-01,830000.0,146.0,1571.53,528.15,07 TO 09,72 years 11 months,Maisonette,1.35739727896901,103.849430241136
HDB,219 BISHAN ST 23,EXECUTIVE,BISHAN,219 BISHAN ST 23,BISHAN,2018-10-01,850000.0,149.0,1603.82,529.98,01 TO 03,72 years 07 months,Maisonette,1.35739727896901,103.849430241136
HDB,219 BISHAN ST 23,EXECUTIVE,BISHAN,219 BISHAN ST 23,BISHAN,2021-08-01,896000.0,146.0,1571.53,570.15,04 TO 06,69 years 10 months,Maisonette,1.35739727896901,103.849430241136
HDB,219 BISHAN ST 23,EXECUTIVE,BISHAN,219 BISHAN ST 23,BISHAN,2021-09-01,970000.0,146.0,1571.53,617.23,04 TO 06,69 years 08 months,Maisonette,1.35739727896901,103.849430241136
HDB,219 BISHAN ST 23,EXECUTIVE,BISHAN,219 BISHAN ST 23,BISHAN,2022-01-01,820000.0,149.0,1603.82,511.28,01 TO 03,69 years 05 months,Maisonette,1.35739727896901,103.849430241136
HDB,219 BISHAN ST 23,EXECUTIVE,BISHAN,219 BISHAN ST 23,BISHAN,2022-05-01,965000.0,152.0,1636.11,589.81,04 TO 06,69 years,Maisonette,1.35739727896901,103.849430241136
HDB,219 BISHAN ST 23,EXECUTIVE,BISHAN,219 BISHAN ST 23,BISHAN,2022-06-01,1100000.0,146.0,1571.53,699.96,04 TO 06,68 years 11 months,Maisonette,1.35739727896901,103.849430241136
HDB,219 BISHAN ST 23,EXECUTIVE,BISHAN,219 BISHAN ST 23,BISHAN,2022-07-01,1088000.0,149.0,1603.82,678.38,07 TO 09,68 years 11 months,Maisonette,1.35739727896901,103.849430241136
HDB,219 BISHAN ST 23,EXECUTIVE,BISHAN,219 BISHAN ST 23,BISHAN,2022-12-01,1220000.0,146.0,1571.53,776.31,10 TO 12,68 years 06 months,Maisonette,1.35739727896901,103.849430241136
HDB,219 BISHAN ST 23,EXECUTIVE,BISHAN,219 BISHAN ST 23,BISHAN,2023-04-01,970000.0,149.0,1603.82,604.81,04 TO 06,67 years 11 months,Maisonette,1.35739727896901,103.849430241136
HDB,219 BISHAN ST 23,EXECUTIVE,BISHAN,219 BISHAN ST 23,BISHAN,2023-07-01,908000.0,152.0,1636.11,554.97,01 TO 03,67 years 11 months,Maisonette,1.35739727896901,103.849430241136
HDB,219 BISHAN ST 23,EXECUTIVE,BISHAN,219 BISHAN ST 23,BISHAN,2024-05-01,1242000.0,146.0,1571.53,790.31,07 TO 09,67 years,Maisonette,1.35739727896901,103.849430241136
HDB,219 BISHAN ST 23,EXECUTIVE,BISHAN,219 BISHAN ST 23,BISHAN,2024-06-01,1228000.0,149.0,1603.82,765.67,04 TO 06,66 years 11 months,Maisonette,1.35739727896901,103.849430241136
HDB,22 SIN MING RD,5 ROOM,BISHAN,22 SIN MING RD,BISHAN,2018-09-01,515000.0,136.0,1463.89,351.8,04 TO 06,54 years 01 month,Adjoined flat,1.3572844410824,103.839396679952
HDB,22 SIN MING RD,5 ROOM,BISHAN,22 SIN MING RD,BISHAN,2019-09-01,473000.0,136.0,1463.89,323.11,10 TO 12,53 years 01 month,Adjoined flat,1.3572844410824,103.839396679952
HDB,220 BISHAN ST 23,5 ROOM,BISHAN,220 BISHAN ST 23,BISHAN,2017-02-01,680000.0,136.0,1463.89,464.52,07 TO 09,74 years 06 months,Model A,1.35747696103365,103.84883618436
HDB,220 BISHAN ST 23,5 ROOM,BISHAN,220 BISHAN ST 23,BISHAN,2021-08-01,810000.0,136.0,1463.89,553.32,07 TO 09,70 years 01 month,Model A,1.35747696103365,103.84883618436
HDB,220 BISHAN ST 23,5 ROOM,BISHAN,220 BISHAN ST 23,BISHAN,2025-06-01,1020000.0,139.0,1496.18,681.74,01 TO 03,66 years 02 months,Model A,1.35747696103365,103.84883618436
HDB,221 BISHAN ST 23,5 ROOM,BISHAN,221 BISHAN ST 23,BISHAN,2017-12-01,868000.0,138.0,1485.42,584.35,13 TO 15,73 years 07 months,Model A,1.35784120462222,103.848940368039
HDB,221 BISHAN ST 23,5 ROOM,BISHAN,221 BISHAN ST 23,BISHAN,2018-07-01,895000.0,138.0,1485.42,602.52,16 TO 18,73 years,Model A,1.35784120462222,103.848940368039
HDB,221 BISHAN ST 23,5 ROOM,BISHAN,221 BISHAN ST 23,BISHAN,2019-11-01,820000.0,121.0,1302.43,629.59,04 TO 06,71 years 09 months,Improved,1.35784120462222,103.848940368039
HDB,221 BISHAN ST 23,5 ROOM,BISHAN,221 BISHAN ST 23,BISHAN,2020-03-01,860000.0,128.0,1377.78,624.19,07 TO 09,71 years 04 months,Improved,1.35784120462222,103.848940368039
HDB,221 BISHAN ST 23,5 ROOM,BISHAN,221 BISHAN ST 23,BISHAN,2022-12-01,988888.88,138.0,1485.42,665.73,04 TO 06,68 years 09 months,Model A,1.35784120462222,103.848940368039
HDB,221 BISHAN ST 23,5 ROOM,BISHAN,221 BISHAN ST 23,BISHAN,2026-07-01,970000.0,121.0,1302.43,744.76,01 TO 03,64 years 11 months,Improved,1.35784120462222,103.848940368039
HDB,222 BISHAN ST 23,EXECUTIVE,BISHAN,222 BISHAN ST 23,BISHAN,2017-09-01,888000.0,146.0,1571.53,565.05,10 TO 12,73 years 11 months,Maisonette,1.3580352499992,103.848208486822
HDB,222 BISHAN ST 23,EXECUTIVE,BISHAN,222 BISHAN ST 23,BISHAN,2019-04-01,863000.0,146.0,1571.53,549.15,10 TO 12,72 years 04 months,Maisonette,1.3580352499992,103.848208486822
HDB,222 BISHAN ST 23,EXECUTIVE,BISHAN,222 BISHAN ST 23,BISHAN,2019-06-01,885000.0,146.0,1571.53,563.15,10 TO 12,72 years 02 months,Maisonette,1.3580352499992,103.848208486822
HDB,222 BISHAN ST 23,EXECUTIVE,BISHAN,222 BISHAN ST 23,BISHAN,2019-07-01,838000.0,146.0,1571.53,533.24,04 TO 06,71 years 11 months,Maisonette,1.3580352499992,103.848208486822
HDB,222 BISHAN ST 23,EXECUTIVE,BISHAN,222 BISHAN ST 23,BISHAN,2020-08-01,888000.0,146.0,1571.53,565.05,07 TO 09,71 years,Maisonette,1.3580352499992,103.848208486822
HDB,222 BISHAN ST 23,EXECUTIVE,BISHAN,222 BISHAN ST 23,BISHAN,2020-10-01,888888.0,146.0,1571.53,565.62,01 TO 03,70 years 10 months,Maisonette,1.3580352499992,103.848208486822
HDB,222 BISHAN ST 23,EXECUTIVE,BISHAN,222 BISHAN ST 23,BISHAN,2020-10-01,868000.0,146.0,1571.53,552.33,04 TO 06,70 years 10 months,Maisonette,1.3580352499992,103.848208486822
HDB,222 BISHAN ST 23,EXECUTIVE,BISHAN,222 BISHAN ST 23,BISHAN,2021-01-01,968000.0,146.0,1571.53,615.96,16 TO 18,70 years 07 months,Maisonette,1.3580352499992,103.848208486822
HDB,222 BISHAN ST 23,EXECUTIVE,BISHAN,222 BISHAN ST 23,BISHAN,2021-09-01,1015000.0,146.0,1571.53,645.87,07 TO 09,69 years 11 months,Maisonette,1.3580352499992,103.848208486822
HDB,222 BISHAN ST 23,EXECUTIVE,BISHAN,222 BISHAN ST 23,BISHAN,2021-11-01,950000.0,146.0,1571.53,604.51,04 TO 06,69 years 10 months,Maisonette,1.3580352499992,103.848208486822
HDB,222 BISHAN ST 23,EXECUTIVE,BISHAN,222 BISHAN ST 23,BISHAN,2022-07-01,966000.0,146.0,1571.53,614.69,04 TO 06,69 years 02 months,Maisonette,1.3580352499992,103.848208486822
HDB,222 BISHAN ST 23,EXECUTIVE,BISHAN,222 BISHAN ST 23,BISHAN,2022-07-01,1238000.0,146.0,1571.53,787.77,10 TO 12,69 years 01 month,Maisonette,1.3580352499992,103.848208486822
HDB,222 BISHAN ST 23,EXECUTIVE,BISHAN,222 BISHAN ST 23,BISHAN,2025-05-01,1310000.0,146.0,1571.53,833.58,10 TO 12,66 years 03 months,Maisonette,1.3580352499992,103.848208486822
HDB,222 BISHAN ST 23,EXECUTIVE,BISHAN,222 BISHAN ST 23,BISHAN,2025-05-01,1180000.0,146.0,1571.53,750.86,04 TO 06,66 years 03 months,Maisonette,1.3580352499992,103.848208486822
HDB,222 BISHAN ST 23,EXECUTIVE,BISHAN,222 BISHAN ST 23,BISHAN,2025-06-01,1270000.0,154.0,1657.64,766.15,07 TO 09,66 years 03 months,Maisonette,1.3580352499992,103.848208486822
HDB,222 BISHAN ST 23,EXECUTIVE,BISHAN,222 BISHAN ST 23,BISHAN,2025-09-01,1200000.0,146.0,1571.53,763.59,04 TO 06,65 years 11 months,Maisonette,1.3580352499992,103.848208486822
HDB,222 BISHAN ST 23,EXECUTIVE,BISHAN,222 BISHAN ST 23,BISHAN,2026-06-01,1320000.0,154.0,1657.64,796.31,10 TO 12,65 years 03 months,Maisonette,1.3580352499992,103.848208486822
HDB,223 BISHAN ST 23,EXECUTIVE,BISHAN,223 BISHAN ST 23,BISHAN,2017-11-01,918000.0,141.0,1517.71,604.86,07 TO 09,73 years 09 months,Apartment,1.35844205362798,103.848263884941
HDB,223 BISHAN ST 23,5 ROOM,BISHAN,223 BISHAN ST 23,BISHAN,2018-09-01,818000.0,121.0,1302.43,628.06,01 TO 03,72 years 11 months,Improved,1.35844205362798,103.848263884941
HDB,223 BISHAN ST 23,5 ROOM,BISHAN,223 BISHAN ST 23,BISHAN,2019-06-01,858000.0,121.0,1302.43,658.77,07 TO 09,72 years 01 month,Improved,1.35844205362798,103.848263884941
HDB,223 BISHAN ST 23,5 ROOM,BISHAN,223 BISHAN ST 23,BISHAN,2019-09-01,850000.0,121.0,1302.43,652.63,07 TO 09,71 years 11 months,Improved,1.35844205362798,103.848263884941
HDB,223 BISHAN ST 23,5 ROOM,BISHAN,223 BISHAN ST 23,BISHAN,2020-02-01,845000.0,121.0,1302.43,648.79,04 TO 06,71 years 05 months,Improved,1.35844205362798,103.848263884941
HDB,223 BISHAN ST 23,EXECUTIVE,BISHAN,223 BISHAN ST 23,BISHAN,2021-08-01,1090000.0,141.0,1517.71,718.19,13 TO 15,70 years,Apartment,1.35844205362798,103.848263884941
HDB,223 BISHAN ST 23,EXECUTIVE,BISHAN,223 BISHAN ST 23,BISHAN,2022-05-01,1180000.0,141.0,1517.71,777.49,16 TO 18,69 years 03 months,Apartment,1.35844205362798,103.848263884941
HDB,223 BISHAN ST 23,EXECUTIVE,BISHAN,223 BISHAN ST 23,BISHAN,2023-10-01,1350000.0,141.0,1517.71,889.5,13 TO 15,67 years 10 months,Apartment,1.35844205362798,103.848263884941
HDB,223 BISHAN ST 23,5 ROOM,BISHAN,223 BISHAN ST 23,BISHAN,2024-11-01,1138000.0,121.0,1302.43,873.75,07 TO 09,66 years 10 months,Improved,1.35844205362798,103.848263884941
HDB,223 BISHAN ST 23,5 ROOM,BISHAN,223 BISHAN ST 23,BISHAN,2025-06-01,1168888.0,121.0,1302.43,897.47,04 TO 06,66 years 02 months,Improved,1.35844205362798,103.848263884941
HDB,223 BISHAN ST 23,5 ROOM,BISHAN,223 BISHAN ST 23,BISHAN,2025-06-01,975000.0,121.0,1302.43,748.6,01 TO 03,66 years 03 months,Improved,1.35844205362798,103.848263884941
HDB,224 BISHAN ST 23,5 ROOM,BISHAN,224 BISHAN ST 23,BISHAN,2022-05-01,988888.88,136.0,1463.89,675.52,19 TO 21,69 years 03 months,Model A,1.3589454923031,103.847698656761
HDB,224 BISHAN ST 23,EXECUTIVE,BISHAN,224 BISHAN ST 23,BISHAN,2025-10-01,1388000.0,141.0,1517.71,914.54,10 TO 12,65 years 10 months,Apartment,1.3589454923031,103.847698656761
HDB,225 BISHAN ST 23,5 ROOM,BISHAN,225 BISHAN ST 23,BISHAN,2018-06-01,788000.0,134.0,1442.36,546.33,10 TO 12,73 years 02 months,Model A,1.35856894793066,103.847594239245
HDB,225 BISHAN ST 23,5 ROOM,BISHAN,225 BISHAN ST 23,BISHAN,2019-09-01,665000.0,134.0,1442.36,461.05,04 TO 06,71 years 11 months,Model A,1.35856894793066,103.847594239245
HDB,226 BISHAN ST 23,5 ROOM,BISHAN,226 BISHAN ST 23,BISHAN,2018-08-01,780000.0,135.0,1453.13,536.77,04 TO 06,72 years 09 months,Model A,1.35854600472842,103.847127301001
HDB,226 BISHAN ST 23,5 ROOM,BISHAN,226 BISHAN ST 23,BISHAN,2020-01-01,800000.0,139.0,1496.18,534.69,10 TO 12,71 years 04 months,Model A,1.35854600472842,103.847127301001
HDB,226 BISHAN ST 23,5 ROOM,BISHAN,226 BISHAN ST 23,BISHAN,2020-11-01,715000.0,139.0,1496.18,477.88,04 TO 06,70 years 06 months,Model A,1.35854600472842,103.847127301001
HDB,226 BISHAN ST 23,5 ROOM,BISHAN,226 BISHAN ST 23,BISHAN,2021-10-01,888000.0,135.0,1453.13,611.1,16 TO 18,69 years 07 months,Model A,1.35854600472842,103.847127301001
HDB,226 BISHAN ST 23,5 ROOM,BISHAN,226 BISHAN ST 23,BISHAN,2023-07-01,972000.0,139.0,1496.18,649.65,10 TO 12,67 years 10 months,Model A,1.35854600472842,103.847127301001
HDB,226 BISHAN ST 23,5 ROOM,BISHAN,226 BISHAN ST 23,BISHAN,2024-08-01,1038000.0,135.0,1453.13,714.32,13 TO 15,66 years 09 months,Model A,1.35854600472842,103.847127301001
HDB,227 BISHAN ST 23,5 ROOM,BISHAN,227 BISHAN ST 23,BISHAN,2017-10-01,820000.0,139.0,1496.18,548.06,10 TO 12,73 years 07 months,Model A,1.35807054684995,103.847138116766
HDB,228 BISHAN ST 23,5 ROOM,BISHAN,228 BISHAN ST 23,BISHAN,2017-03-01,785000.0,134.0,1442.36,544.25,10 TO 12,74 years 01 month,Model A,1.35794929131792,103.846767675257
HDB,228 BISHAN ST 23,5 ROOM,BISHAN,228 BISHAN ST 23,BISHAN,2017-09-01,720000.0,134.0,1442.36,499.18,07 TO 09,73 years 08 months,Model A,1.35794929131792,103.846767675257
HDB,228 BISHAN ST 23,5 ROOM,BISHAN,228 BISHAN ST 23,BISHAN,2022-05-01,830000.0,132.0,1420.83,584.16,01 TO 03,68 years 11 months,Model A,1.35794929131792,103.846767675257
HDB,228 BISHAN ST 23,5 ROOM,BISHAN,228 BISHAN ST 23,BISHAN,2023-05-01,933000.0,134.0,1442.36,646.86,07 TO 09,68 years,Model A,1.35794929131792,103.846767675257
HDB,229 BISHAN ST 23,5 ROOM,BISHAN,229 BISHAN ST 23,BISHAN,2017-06-01,808000.0,134.0,1442.36,560.19,07 TO 09,73 years 10 months,Model A,1.35760846214532,103.84596290671
HDB,231 BISHAN ST 23,EXECUTIVE,BISHAN,231 BISHAN ST 23,BISHAN,2017-01-01,888000.0,146.0,1571.53,565.05,04 TO 06,74 years 04 months,Maisonette,1.35729122854977,103.845845690555
HDB,231 BISHAN ST 23,EXECUTIVE,BISHAN,231 BISHAN ST 23,BISHAN,2017-05-01,918000.0,146.0,1571.53,584.14,07 TO 09,73 years 11 months,Maisonette,1.35729122854977,103.845845690555
HDB,231 BISHAN ST 23,EXECUTIVE,BISHAN,231 BISHAN ST 23,BISHAN,2017-06-01,948000.0,146.0,1571.53,603.23,04 TO 06,73 years 11 months,Maisonette,1.35729122854977,103.845845690555
HDB,231 BISHAN ST 23,EXECUTIVE,BISHAN,231 BISHAN ST 23,BISHAN,2018-05-01,850000.0,146.0,1571.53,540.87,01 TO 03,73 years,Maisonette,1.35729122854977,103.845845690555
HDB,231 BISHAN ST 23,EXECUTIVE,BISHAN,231 BISHAN ST 23,BISHAN,2018-09-01,875000.0,146.0,1571.53,556.78,01 TO 03,72 years 08 months,Maisonette,1.35729122854977,103.845845690555
HDB,231 BISHAN ST 23,EXECUTIVE,BISHAN,231 BISHAN ST 23,BISHAN,2018-09-01,890000.0,146.0,1571.53,566.33,04 TO 06,72 years 07 months,Maisonette,1.35729122854977,103.845845690555
HDB,231 BISHAN ST 23,EXECUTIVE,BISHAN,231 BISHAN ST 23,BISHAN,2019-01-01,930000.0,148.0,1593.06,583.78,10 TO 12,72 years 04 months,Maisonette,1.35729122854977,103.845845690555
HDB,231 BISHAN ST 23,EXECUTIVE,BISHAN,231 BISHAN ST 23,BISHAN,2019-04-01,925000.0,146.0,1571.53,588.6,10 TO 12,71 years 11 months,Maisonette,1.35729122854977,103.845845690555
HDB,231 BISHAN ST 23,EXECUTIVE,BISHAN,231 BISHAN ST 23,BISHAN,2019-06-01,840000.0,148.0,1593.06,527.29,01 TO 03,71 years 11 months,Maisonette,1.35729122854977,103.845845690555
HDB,231 BISHAN ST 23,EXECUTIVE,BISHAN,231 BISHAN ST 23,BISHAN,2020-06-01,975000.0,146.0,1571.53,620.41,04 TO 06,71 years,Maisonette,1.35729122854977,103.845845690555
HDB,231 BISHAN ST 23,EXECUTIVE,BISHAN,231 BISHAN ST 23,BISHAN,2020-12-01,910000.0,146.0,1571.53,579.05,04 TO 06,70 years 05 months,Maisonette,1.35729122854977,103.845845690555
HDB,231 BISHAN ST 23,EXECUTIVE,BISHAN,231 BISHAN ST 23,BISHAN,2021-03-01,960000.0,146.0,1571.53,610.87,10 TO 12,70 years 01 month,Maisonette,1.35729122854977,103.845845690555
HDB,231 BISHAN ST 23,EXECUTIVE,BISHAN,231 BISHAN ST 23,BISHAN,2021-06-01,965000.0,146.0,1571.53,614.05,10 TO 12,70 years,Maisonette,1.35729122854977,103.845845690555
HDB,231 BISHAN ST 23,EXECUTIVE,BISHAN,231 BISHAN ST 23,BISHAN,2021-10-01,980000.0,154.0,1657.64,591.2,07 TO 09,69 years 07 months,Maisonette,1.35729122854977,103.845845690555
HDB,231 BISHAN ST 23,EXECUTIVE,BISHAN,231 BISHAN ST 23,BISHAN,2021-12-01,1060000.0,146.0,1571.53,674.5,04 TO 06,69 years 05 months,Maisonette,1.35729122854977,103.845845690555
HDB,231 BISHAN ST 23,EXECUTIVE,BISHAN,231 BISHAN ST 23,BISHAN,2022-06-01,954000.0,148.0,1593.06,598.85,01 TO 03,68 years 11 months,Maisonette,1.35729122854977,103.845845690555
HDB,231 BISHAN ST 23,EXECUTIVE,BISHAN,231 BISHAN ST 23,BISHAN,2022-08-01,950000.0,146.0,1571.53,604.51,04 TO 06,68 years 10 months,Maisonette,1.35729122854977,103.845845690555
HDB,231 BISHAN ST 23,EXECUTIVE,BISHAN,231 BISHAN ST 23,BISHAN,2022-08-01,1060000.0,146.0,1571.53,674.5,04 TO 06,68 years 09 months,Maisonette,1.35729122854977,103.845845690555
HDB,231 BISHAN ST 23,EXECUTIVE,BISHAN,231 BISHAN ST 23,BISHAN,2023-05-01,1123000.0,146.0,1571.53,714.59,04 TO 06,68 years,Maisonette,1.35729122854977,103.845845690555
HDB,231 BISHAN ST 23,EXECUTIVE,BISHAN,231 BISHAN ST 23,BISHAN,2024-01-01,1200000.0,146.0,1571.53,763.59,07 TO 09,67 years 05 months,Maisonette,1.35729122854977,103.845845690555
HDB,231 BISHAN ST 23,EXECUTIVE,BISHAN,231 BISHAN ST 23,BISHAN,2024-07-01,1236000.0,146.0,1571.53,786.49,13 TO 15,66 years 11 months,Maisonette,1.35729122854977,103.845845690555
HDB,231 BISHAN ST 23,EXECUTIVE,BISHAN,231 BISHAN ST 23,BISHAN,2025-08-01,1320000.0,146.0,1571.53,839.95,13 TO 15,65 years 09 months,Maisonette,1.35729122854977,103.845845690555
HDB,231 BISHAN ST 23,EXECUTIVE,BISHAN,231 BISHAN ST 23,BISHAN,2025-09-01,1105000.0,146.0,1571.53,703.14,01 TO 03,65 years 07 months,Maisonette,1.35729122854977,103.845845690555
HDB,231 BISHAN ST 23,EXECUTIVE,BISHAN,231 BISHAN ST 23,BISHAN,2026-03-01,935000.0,146.0,1571.53,594.96,01 TO 03,65 years 02 months,Maisonette,1.35729122854977,103.845845690555
HDB,231 BISHAN ST 23,EXECUTIVE,BISHAN,231 BISHAN ST 23,BISHAN,2026-05-01,1240000.0,146.0,1571.53,789.04,07 TO 09,64 years 11 months,Maisonette,1.35729122854977,103.845845690555
HDB,231 BISHAN ST 23,EXECUTIVE,BISHAN,231 BISHAN ST 23,BISHAN,2026-07-01,1088888.0,146.0,1571.53,692.88,01 TO 03,64 years 11 months,Maisonette,1.35729122854977,103.845845690555
HDB,234 BISHAN ST 22,5 ROOM,BISHAN,234 BISHAN ST 22,BISHAN,2017-12-01,815000.0,138.0,1485.42,548.67,13 TO 15,73 years 04 months,Model A,1.35837057780719,103.846091355463
HDB,234 BISHAN ST 22,5 ROOM,BISHAN,234 BISHAN ST 22,BISHAN,2021-06-01,858888.0,138.0,1485.42,578.21,07 TO 09,70 years,Model A,1.35837057780719,103.846091355463
HDB,234 BISHAN ST 22,5 ROOM,BISHAN,234 BISHAN ST 22,BISHAN,2021-07-01,830000.0,138.0,1485.42,558.77,04 TO 06,69 years 11 months,Model A,1.35837057780719,103.846091355463
HDB,235 BISHAN ST 22,5 ROOM,BISHAN,235 BISHAN ST 22,BISHAN,2018-11-01,850000.0,139.0,1496.18,568.11,04 TO 06,72 years 05 months,Model A,1.35847822127518,103.846408011135
HDB,235 BISHAN ST 22,5 ROOM,BISHAN,235 BISHAN ST 22,BISHAN,2019-09-01,788000.0,132.0,1420.83,554.6,07 TO 09,71 years 08 months,Model A,1.35847822127518,103.846408011135
HDB,236 BISHAN ST 22,5 ROOM,BISHAN,236 BISHAN ST 22,BISHAN,2021-08-01,835000.0,132.0,1420.83,587.68,07 TO 09,69 years 09 months,Model A,1.35900490923943,103.847006575058
HDB,236 LOR 1 TOA PAYOH,EXECUTIVE,TOA PAYOH,236 LOR 1 TOA PAYOH,TOA PAYOH,2017-04-01,782000.0,145.0,1560.77,501.04,04 TO 06,68 years 04 months,Maisonette,1.34027351637589,103.852085014347
HDB,236 LOR 1 TOA PAYOH,EXECUTIVE,TOA PAYOH,236 LOR 1 TOA PAYOH,TOA PAYOH,2017-05-01,850000.0,146.0,1571.53,540.87,07 TO 09,68 years 03 months,Maisonette,1.34027351637589,103.852085014347
HDB,236 LOR 1 TOA PAYOH,EXECUTIVE,TOA PAYOH,236 LOR 1 TOA PAYOH,TOA PAYOH,2018-05-01,758000.0,146.0,1571.53,482.33,01 TO 03,67 years 03 months,Maisonette,1.34027351637589,103.852085014347
HDB,236 LOR 1 TOA PAYOH,EXECUTIVE,TOA PAYOH,236 LOR 1 TOA PAYOH,TOA PAYOH,2018-11-01,740000.0,146.0,1571.53,470.88,01 TO 03,66 years 09 months,Maisonette,1.34027351637589,103.852085014347
HDB,236 LOR 1 TOA PAYOH,EXECUTIVE,TOA PAYOH,236 LOR 1 TOA PAYOH,TOA PAYOH,2019-03-01,700000.0,146.0,1571.53,445.43,01 TO 03,66 years 05 months,Maisonette,1.34027351637589,103.852085014347
HDB,236 LOR 1 TOA PAYOH,EXECUTIVE,TOA PAYOH,236 LOR 1 TOA PAYOH,TOA PAYOH,2019-08-01,755000.0,146.0,1571.53,480.42,07 TO 09,66 years,Maisonette,1.34027351637589,103.852085014347
HDB,236 LOR 1 TOA PAYOH,EXECUTIVE,TOA PAYOH,236 LOR 1 TOA PAYOH,TOA PAYOH,2019-09-01,728000.0,146.0,1571.53,463.24,04 TO 06,65 years 11 months,Maisonette,1.34027351637589,103.852085014347
HDB,236 LOR 1 TOA PAYOH,EXECUTIVE,TOA PAYOH,236 LOR 1 TOA PAYOH,TOA PAYOH,2019-10-01,640000.0,146.0,1571.53,407.25,01 TO 03,65 years 11 months,Maisonette,1.34027351637589,103.852085014347
HDB,236 LOR 1 TOA PAYOH,EXECUTIVE,TOA PAYOH,236 LOR 1 TOA PAYOH,TOA PAYOH,2020-10-01,755000.0,146.0,1571.53,480.42,01 TO 03,64 years 11 months,Maisonette,1.34027351637589,103.852085014347
HDB,236 LOR 1 TOA PAYOH,EXECUTIVE,TOA PAYOH,236 LOR 1 TOA PAYOH,TOA PAYOH,2020-10-01,742000.0,149.0,1603.82,462.65,01 TO 03,64 years 10 months,Apartment,1.34027351637589,103.852085014347
HDB,236 LOR 1 TOA PAYOH,EXECUTIVE,TOA PAYOH,236 LOR 1 TOA PAYOH,TOA PAYOH,2020-12-01,838000.0,146.0,1571.53,533.24,04 TO 06,64 years 09 months,Maisonette,1.34027351637589,103.852085014347
HDB,236 LOR 1 TOA PAYOH,EXECUTIVE,TOA PAYOH,236 LOR 1 TOA PAYOH,TOA PAYOH,2021-03-01,818000.0,146.0,1571.53,520.51,04 TO 06,64 years 06 months,Maisonette,1.34027351637589,103.852085014347
HDB,236 LOR 1 TOA PAYOH,EXECUTIVE,TOA PAYOH,236 LOR 1 TOA PAYOH,TOA PAYOH,2021-08-01,866000.0,146.0,1571.53,551.06,07 TO 09,64 years 01 month,Maisonette,1.34027351637589,103.852085014347
HDB,236 LOR 1 TOA PAYOH,EXECUTIVE,TOA PAYOH,236 LOR 1 TOA PAYOH,TOA PAYOH,2021-09-01,852000.0,153.0,1646.88,517.34,01 TO 03,64 years,Maisonette,1.34027351637589,103.852085014347
HDB,236 LOR 1 TOA PAYOH,EXECUTIVE,TOA PAYOH,236 LOR 1 TOA PAYOH,TOA PAYOH,2021-12-01,865000.0,146.0,1571.53,550.42,04 TO 06,63 years 08 months,Maisonette,1.34027351637589,103.852085014347
HDB,236 LOR 1 TOA PAYOH,EXECUTIVE,TOA PAYOH,236 LOR 1 TOA PAYOH,TOA PAYOH,2022-03-01,1078666.0,146.0,1571.53,686.38,07 TO 09,63 years 05 months,Maisonette,1.34027351637589,103.852085014347
HDB,236 LOR 1 TOA PAYOH,EXECUTIVE,TOA PAYOH,236 LOR 1 TOA PAYOH,TOA PAYOH,2022-11-01,1038000.0,143.0,1539.24,674.36,04 TO 06,62 years 10 months,Apartment,1.34027351637589,103.852085014347
HDB,236 LOR 1 TOA PAYOH,EXECUTIVE,TOA PAYOH,236 LOR 1 TOA PAYOH,TOA PAYOH,2023-01-01,1018000.0,146.0,1571.53,647.78,07 TO 09,62 years 07 months,Maisonette,1.34027351637589,103.852085014347
HDB,236 LOR 1 TOA PAYOH,EXECUTIVE,TOA PAYOH,236 LOR 1 TOA PAYOH,TOA PAYOH,2023-11-01,1040000.0,151.0,1625.35,639.86,04 TO 06,61 years 10 months,Maisonette,1.34027351637589,103.852085014347
HDB,236 LOR 1 TOA PAYOH,EXECUTIVE,TOA PAYOH,236 LOR 1 TOA PAYOH,TOA PAYOH,2024-10-01,1069000.0,146.0,1571.53,680.23,04 TO 06,61 years,Maisonette,1.34027351637589,103.852085014347
HDB,236 LOR 1 TOA PAYOH,EXECUTIVE,TOA PAYOH,236 LOR 1 TOA PAYOH,TOA PAYOH,2024-12-01,1100000.0,146.0,1571.53,699.96,01 TO 03,60 years 10 months,Maisonette,1.34027351637589,103.852085014347
HDB,236 LOR 1 TOA PAYOH,EXECUTIVE,TOA PAYOH,236 LOR 1 TOA PAYOH,TOA PAYOH,2025-03-01,1135000.0,146.0,1571.53,722.23,07 TO 09,60 years 06 months,Maisonette,1.34027351637589,103.852085014347
HDB,236 LOR 1 TOA PAYOH,EXECUTIVE,TOA PAYOH,236 LOR 1 TOA PAYOH,TOA PAYOH,2026-06-01,980000.0,146.0,1571.53,623.6,04 TO 06,59 years 02 months,Maisonette,1.34027351637589,103.852085014347
HDB,237 BISHAN ST 22,5 ROOM,BISHAN,237 BISHAN ST 22,BISHAN,2017-06-01,885000.0,121.0,1302.43,679.5,07 TO 09,73 years 10 months,Improved,1.35941996844392,103.847150338684
HDB,237 BISHAN ST 22,5 ROOM,BISHAN,237 BISHAN ST 22,BISHAN,2017-12-01,860000.0,139.0,1496.18,574.8,10 TO 12,73 years 05 months,Model A,1.35941996844392,103.847150338684
HDB,237 BISHAN ST 22,5 ROOM,BISHAN,237 BISHAN ST 22,BISHAN,2018-03-01,840000.0,121.0,1302.43,644.95,10 TO 12,73 years 01 month,Improved,1.35941996844392,103.847150338684
HDB,237 BISHAN ST 22,EXECUTIVE,BISHAN,237 BISHAN ST 22,BISHAN,2020-06-01,870000.0,141.0,1517.71,573.23,04 TO 06,71 years,Apartment,1.35941996844392,103.847150338684
HDB,237 BISHAN ST 22,EXECUTIVE,BISHAN,237 BISHAN ST 22,BISHAN,2020-09-01,880000.0,141.0,1517.71,579.82,01 TO 03,70 years 07 months,Apartment,1.35941996844392,103.847150338684
HDB,237 BISHAN ST 22,5 ROOM,BISHAN,237 BISHAN ST 22,BISHAN,2020-12-01,840000.0,121.0,1302.43,644.95,04 TO 06,70 years 05 months,Improved,1.35941996844392,103.847150338684
HDB,237 BISHAN ST 22,5 ROOM,BISHAN,237 BISHAN ST 22,BISHAN,2020-12-01,810000.0,127.0,1367.02,592.53,04 TO 06,70 years 05 months,Improved,1.35941996844392,103.847150338684
HDB,237 BISHAN ST 22,5 ROOM,BISHAN,237 BISHAN ST 22,BISHAN,2021-10-01,988000.0,121.0,1302.43,758.58,07 TO 09,69 years 07 months,Improved,1.35941996844392,103.847150338684
HDB,237 BISHAN ST 22,5 ROOM,BISHAN,237 BISHAN ST 22,BISHAN,2022-07-01,1035000.0,121.0,1302.43,794.67,07 TO 09,68 years 11 months,Improved,1.35941996844392,103.847150338684
HDB,237 LOR 1 TOA PAYOH,EXECUTIVE,TOA PAYOH,237 LOR 1 TOA PAYOH,TOA PAYOH,2017-02-01,750000.0,146.0,1571.53,477.24,07 TO 09,68 years 06 months,Maisonette,1.33977315087539,103.852242265569
HDB,237 LOR 1 TOA PAYOH,EXECUTIVE,TOA PAYOH,237 LOR 1 TOA PAYOH,TOA PAYOH,2017-03-01,768000.0,146.0,1571.53,488.7,04 TO 06,68 years 05 months,Maisonette,1.33977315087539,103.852242265569
HDB,237 LOR 1 TOA PAYOH,EXECUTIVE,TOA PAYOH,237 LOR 1 TOA PAYOH,TOA PAYOH,2017-06-01,735000.0,146.0,1571.53,467.7,04 TO 06,68 years 02 months,Maisonette,1.33977315087539,103.852242265569
HDB,237 LOR 1 TOA PAYOH,EXECUTIVE,TOA PAYOH,237 LOR 1 TOA PAYOH,TOA PAYOH,2018-02-01,750000.0,146.0,1571.53,477.24,07 TO 09,67 years 07 months,Maisonette,1.33977315087539,103.852242265569
HDB,237 LOR 1 TOA PAYOH,EXECUTIVE,TOA PAYOH,237 LOR 1 TOA PAYOH,TOA PAYOH,2018-04-01,750000.0,145.0,1560.77,480.53,07 TO 09,67 years 04 months,Maisonette,1.33977315087539,103.852242265569
HDB,237 LOR 1 TOA PAYOH,EXECUTIVE,TOA PAYOH,237 LOR 1 TOA PAYOH,TOA PAYOH,2018-07-01,750000.0,146.0,1571.53,477.24,07 TO 09,67 years 01 month,Maisonette,1.33977315087539,103.852242265569
HDB,237 LOR 1 TOA PAYOH,EXECUTIVE,TOA PAYOH,237 LOR 1 TOA PAYOH,TOA PAYOH,2018-10-01,650000.0,146.0,1571.53,413.61,01 TO 03,66 years 10 months,Maisonette,1.33977315087539,103.852242265569
HDB,237 LOR 1 TOA PAYOH,EXECUTIVE,TOA PAYOH,237 LOR 1 TOA PAYOH,TOA PAYOH,2019-05-01,620000.0,146.0,1571.53,394.52,01 TO 03,66 years 04 months,Maisonette,1.33977315087539,103.852242265569
HDB,237 LOR 1 TOA PAYOH,EXECUTIVE,TOA PAYOH,237 LOR 1 TOA PAYOH,TOA PAYOH,2019-05-01,718000.0,146.0,1571.53,456.88,04 TO 06,66 years 03 months,Maisonette,1.33977315087539,103.852242265569
HDB,237 LOR 1 TOA PAYOH,EXECUTIVE,TOA PAYOH,237 LOR 1 TOA PAYOH,TOA PAYOH,2019-12-01,680000.0,146.0,1571.53,432.7,01 TO 03,65 years 08 months,Maisonette,1.33977315087539,103.852242265569
HDB,237 LOR 1 TOA PAYOH,EXECUTIVE,TOA PAYOH,237 LOR 1 TOA PAYOH,TOA PAYOH,2021-06-01,848000.0,146.0,1571.53,539.6,04 TO 06,64 years 03 months,Maisonette,1.33977315087539,103.852242265569
HDB,237 LOR 1 TOA PAYOH,EXECUTIVE,TOA PAYOH,237 LOR 1 TOA PAYOH,TOA PAYOH,2022-02-01,808000.0,146.0,1571.53,514.15,01 TO 03,63 years 06 months,Maisonette,1.33977315087539,103.852242265569
HDB,237 LOR 1 TOA PAYOH,EXECUTIVE,TOA PAYOH,237 LOR 1 TOA PAYOH,TOA PAYOH,2023-05-01,900888.0,146.0,1571.53,573.26,01 TO 03,62 years 03 months,Maisonette,1.33977315087539,103.852242265569
HDB,237 LOR 1 TOA PAYOH,EXECUTIVE,TOA PAYOH,237 LOR 1 TOA PAYOH,TOA PAYOH,2024-10-01,1050000.0,146.0,1571.53,668.14,01 TO 03,60 years 11 months,Maisonette,1.33977315087539,103.852242265569
HDB,237 LOR 1 TOA PAYOH,EXECUTIVE,TOA PAYOH,237 LOR 1 TOA PAYOH,TOA PAYOH,2025-05-01,1095000.0,146.0,1571.53,696.77,07 TO 09,60 years 03 months,Maisonette,1.33977315087539,103.852242265569
HDB,237 LOR 1 TOA PAYOH,EXECUTIVE,TOA PAYOH,237 LOR 1 TOA PAYOH,TOA PAYOH,2025-07-01,950000.0,146.0,1571.53,604.51,01 TO 03,60 years 02 months,Maisonette,1.33977315087539,103.852242265569
HDB,238 BISHAN ST 22,EXECUTIVE,BISHAN,238 BISHAN ST 22,BISHAN,2017-03-01,850000.0,143.0,1539.24,552.22,01 TO 03,74 years 05 months,Apartment,1.35976080279004,103.844642640153
HDB,238 BISHAN ST 22,EXECUTIVE,BISHAN,238 BISHAN ST 22,BISHAN,2017-08-01,868000.0,146.0,1571.53,552.33,04 TO 06,74 years,Maisonette,1.35976080279004,103.844642640153
HDB,238 BISHAN ST 22,EXECUTIVE,BISHAN,238 BISHAN ST 22,BISHAN,2018-04-01,900000.0,146.0,1571.53,572.69,10 TO 12,73 years 03 months,Maisonette,1.35976080279004,103.844642640153
HDB,238 BISHAN ST 22,EXECUTIVE,BISHAN,238 BISHAN ST 22,BISHAN,2018-08-01,888000.0,146.0,1571.53,565.05,01 TO 03,73 years,Maisonette,1.35976080279004,103.844642640153
HDB,238 BISHAN ST 22,EXECUTIVE,BISHAN,238 BISHAN ST 22,BISHAN,2019-01-01,780000.0,151.0,1625.35,479.9,07 TO 09,72 years 07 months,Maisonette,1.35976080279004,103.844642640153
HDB,238 BISHAN ST 22,EXECUTIVE,BISHAN,238 BISHAN ST 22,BISHAN,2020-01-01,815000.0,149.0,1603.82,508.16,04 TO 06,71 years 06 months,Maisonette,1.35976080279004,103.844642640153
HDB,238 BISHAN ST 22,EXECUTIVE,BISHAN,238 BISHAN ST 22,BISHAN,2020-06-01,820000.0,146.0,1571.53,521.78,04 TO 06,71 years 02 months,Maisonette,1.35976080279004,103.844642640153
HDB,238 BISHAN ST 22,EXECUTIVE,BISHAN,238 BISHAN ST 22,BISHAN,2020-08-01,922500.0,143.0,1539.24,599.32,07 TO 09,71 years,Apartment,1.35976080279004,103.844642640153
HDB,238 BISHAN ST 22,EXECUTIVE,BISHAN,238 BISHAN ST 22,BISHAN,2020-11-01,820000.0,151.0,1625.35,504.51,01 TO 03,70 years 09 months,Maisonette,1.35976080279004,103.844642640153
HDB,238 BISHAN ST 22,EXECUTIVE,BISHAN,238 BISHAN ST 22,BISHAN,2021-06-01,918000.0,149.0,1603.82,572.38,01 TO 03,70 years 02 months,Maisonette,1.35976080279004,103.844642640153
HDB,238 BISHAN ST 22,EXECUTIVE,BISHAN,238 BISHAN ST 22,BISHAN,2022-04-01,1100000.0,146.0,1571.53,699.96,10 TO 12,69 years 05 months,Maisonette,1.35976080279004,103.844642640153
HDB,238 BISHAN ST 22,EXECUTIVE,BISHAN,238 BISHAN ST 22,BISHAN,2022-07-01,1080000.0,151.0,1625.35,664.47,04 TO 06,69 years 01 month,Maisonette,1.35976080279004,103.844642640153
HDB,238 BISHAN ST 22,EXECUTIVE,BISHAN,238 BISHAN ST 22,BISHAN,2022-09-01,1100000.0,146.0,1571.53,699.96,04 TO 06,68 years 11 months,Maisonette,1.35976080279004,103.844642640153
HDB,238 BISHAN ST 22,EXECUTIVE,BISHAN,238 BISHAN ST 22,BISHAN,2024-09-01,1200000.0,146.0,1571.53,763.59,01 TO 03,66 years 11 months,Maisonette,1.35976080279004,103.844642640153
HDB,238 BISHAN ST 22,EXECUTIVE,BISHAN,238 BISHAN ST 22,BISHAN,2024-10-01,1270000.0,143.0,1539.24,825.08,07 TO 09,66 years 11 months,Apartment,1.35976080279004,103.844642640153
HDB,238 BISHAN ST 22,EXECUTIVE,BISHAN,238 BISHAN ST 22,BISHAN,2025-03-01,1230000.0,148.0,1593.06,772.1,04 TO 06,66 years 06 months,Maisonette,1.35976080279004,103.844642640153
HDB,238 BISHAN ST 22,EXECUTIVE,BISHAN,238 BISHAN ST 22,BISHAN,2025-11-01,1070000.0,149.0,1603.82,667.16,01 TO 03,65 years 10 months,Maisonette,1.35976080279004,103.844642640153
HDB,239 BISHAN ST 22,5 ROOM,BISHAN,239 BISHAN ST 22,BISHAN,2017-05-01,830000.0,131.0,1410.07,588.62,13 TO 15,74 years 02 months,Model A,1.36042894626787,103.8447773181
HDB,239 BISHAN ST 22,5 ROOM,BISHAN,239 BISHAN ST 22,BISHAN,2021-09-01,866000.0,131.0,1410.07,614.15,10 TO 12,69 years 11 months,Model A,1.36042894626787,103.8447773181
HDB,239 BISHAN ST 22,5 ROOM,BISHAN,239 BISHAN ST 22,BISHAN,2023-07-01,950000.0,133.0,1431.6,663.59,07 TO 09,68 years 02 months,Model A,1.36042894626787,103.8447773181
HDB,239 BISHAN ST 22,5 ROOM,BISHAN,239 BISHAN ST 22,BISHAN,2026-03-01,1090000.0,133.0,1431.6,761.39,04 TO 06,65 years 05 months,Model A,1.36042894626787,103.8447773181
HDB,240 BISHAN ST 22,EXECUTIVE,BISHAN,240 BISHAN ST 22,BISHAN,2018-08-01,854888.0,146.0,1571.53,543.98,01 TO 03,72 years 11 months,Maisonette,1.36084443929401,103.845181154251
HDB,240 BISHAN ST 22,EXECUTIVE,BISHAN,240 BISHAN ST 22,BISHAN,2018-08-01,972000.0,156.0,1679.17,578.86,01 TO 03,73 years,Maisonette,1.36084443929401,103.845181154251
HDB,240 BISHAN ST 22,EXECUTIVE,BISHAN,240 BISHAN ST 22,BISHAN,2024-08-01,1188888.0,146.0,1571.53,756.52,01 TO 03,67 years 01 month,Maisonette,1.36084443929401,103.845181154251
HDB,240 BISHAN ST 22,EXECUTIVE,BISHAN,240 BISHAN ST 22,BISHAN,2025-08-01,1200000.0,147.0,1582.29,758.39,01 TO 03,66 years,Maisonette,1.36084443929401,103.845181154251
HDB,240 LOR 1 TOA PAYOH,EXECUTIVE,TOA PAYOH,240 LOR 1 TOA PAYOH,TOA PAYOH,2020-08-01,760000.0,146.0,1571.53,483.61,01 TO 03,65 years 03 months,Maisonette,1.34087644567662,103.850829960636
HDB,240 LOR 1 TOA PAYOH,EXECUTIVE,TOA PAYOH,240 LOR 1 TOA PAYOH,TOA PAYOH,2021-07-01,938000.0,146.0,1571.53,596.87,04 TO 06,64 years 04 months,Maisonette,1.34087644567662,103.850829960636
HDB,240 LOR 1 TOA PAYOH,EXECUTIVE,TOA PAYOH,240 LOR 1 TOA PAYOH,TOA PAYOH,2022-02-01,988888.0,146.0,1571.53,629.25,07 TO 09,63 years 09 months,Maisonette,1.34087644567662,103.850829960636
HDB,240 LOR 1 TOA PAYOH,EXECUTIVE,TOA PAYOH,240 LOR 1 TOA PAYOH,TOA PAYOH,2022-04-01,968000.0,146.0,1571.53,615.96,04 TO 06,63 years 06 months,Maisonette,1.34087644567662,103.850829960636
HDB,240 LOR 1 TOA PAYOH,EXECUTIVE,TOA PAYOH,240 LOR 1 TOA PAYOH,TOA PAYOH,2022-07-01,955000.0,146.0,1571.53,607.69,04 TO 06,63 years 03 months,Maisonette,1.34087644567662,103.850829960636
HDB,240 LOR 1 TOA PAYOH,EXECUTIVE,TOA PAYOH,240 LOR 1 TOA PAYOH,TOA PAYOH,2023-04-01,900000.0,146.0,1571.53,572.69,01 TO 03,62 years 06 months,Maisonette,1.34087644567662,103.850829960636
HDB,240 LOR 1 TOA PAYOH,EXECUTIVE,TOA PAYOH,240 LOR 1 TOA PAYOH,TOA PAYOH,2023-05-01,913000.0,146.0,1571.53,580.96,01 TO 03,62 years 06 months,Maisonette,1.34087644567662,103.850829960636
HDB,240 LOR 1 TOA PAYOH,EXECUTIVE,TOA PAYOH,240 LOR 1 TOA PAYOH,TOA PAYOH,2023-06-01,1050000.0,146.0,1571.53,668.14,07 TO 09,62 years 05 months,Maisonette,1.34087644567662,103.850829960636
HDB,240 LOR 1 TOA PAYOH,EXECUTIVE,TOA PAYOH,240 LOR 1 TOA PAYOH,TOA PAYOH,2024-02-01,1068888.0,146.0,1571.53,680.16,07 TO 09,61 years 09 months,Maisonette,1.34087644567662,103.850829960636
HDB,241 BISHAN ST 22,5 ROOM,BISHAN,241 BISHAN ST 22,BISHAN,2017-12-01,880000.0,126.0,1356.25,648.85,10 TO 12,73 years 08 months,Improved,1.36082968527378,103.84547335577
HDB,241 BISHAN ST 22,5 ROOM,BISHAN,241 BISHAN ST 22,BISHAN,2021-02-01,798000.0,121.0,1302.43,612.7,07 TO 09,70 years 07 months,Improved,1.36082968527378,103.84547335577
HDB,241 BISHAN ST 22,EXECUTIVE,BISHAN,241 BISHAN ST 22,BISHAN,2022-05-01,870000.0,141.0,1517.71,573.23,01 TO 03,69 years 03 months,Apartment,1.36082968527378,103.84547335577
HDB,241 BISHAN ST 22,5 ROOM,BISHAN,241 BISHAN ST 22,BISHAN,2023-04-01,900000.0,121.0,1302.43,691.02,04 TO 06,68 years 04 months,Improved,1.36082968527378,103.84547335577
HDB,241 BISHAN ST 22,EXECUTIVE,BISHAN,241 BISHAN ST 22,BISHAN,2024-05-01,1448000.0,141.0,1517.71,954.07,07 TO 09,67 years 03 months,Apartment,1.36082968527378,103.84547335577
HDB,242 BISHAN ST 22,5 ROOM,BISHAN,242 BISHAN ST 22,BISHAN,2017-06-01,710000.0,121.0,1302.43,545.13,01 TO 03,74 years 02 months,Improved,1.36134172851942,103.844874736551
HDB,242 BISHAN ST 22,5 ROOM,BISHAN,242 BISHAN ST 22,BISHAN,2017-12-01,900000.0,136.0,1463.89,614.8,07 TO 09,73 years 08 months,Model A,1.36134172851942,103.844874736551
HDB,242 BISHAN ST 22,5 ROOM,BISHAN,242 BISHAN ST 22,BISHAN,2018-06-01,845000.0,132.0,1420.83,594.72,07 TO 09,73 years 03 months,Improved,1.36134172851942,103.844874736551
HDB,242 BISHAN ST 22,5 ROOM,BISHAN,242 BISHAN ST 22,BISHAN,2018-06-01,855000.0,132.0,1420.83,601.76,07 TO 09,73 years 02 months,Improved,1.36134172851942,103.844874736551
HDB,242 BISHAN ST 22,5 ROOM,BISHAN,242 BISHAN ST 22,BISHAN,2018-07-01,835000.0,121.0,1302.43,641.11,04 TO 06,72 years 11 months,Improved,1.36134172851942,103.844874736551
HDB,242 BISHAN ST 22,5 ROOM,BISHAN,242 BISHAN ST 22,BISHAN,2019-07-01,850000.0,132.0,1420.83,598.24,10 TO 12,71 years 11 months,Improved,1.36134172851942,103.844874736551
HDB,242 BISHAN ST 22,5 ROOM,BISHAN,242 BISHAN ST 22,BISHAN,2019-10-01,865000.0,136.0,1463.89,590.89,04 TO 06,71 years 10 months,Model A,1.36134172851942,103.844874736551
HDB,242 BISHAN ST 22,5 ROOM,BISHAN,242 BISHAN ST 22,BISHAN,2020-07-01,875000.0,132.0,1420.83,615.84,01 TO 03,71 years,Improved,1.36134172851942,103.844874736551
HDB,242 BISHAN ST 22,5 ROOM,BISHAN,242 BISHAN ST 22,BISHAN,2020-08-01,750000.0,132.0,1420.83,527.86,01 TO 03,71 years,Improved,1.36134172851942,103.844874736551
HDB,242 BISHAN ST 22,5 ROOM,BISHAN,242 BISHAN ST 22,BISHAN,2020-11-01,733888.0,121.0,1302.43,563.48,01 TO 03,70 years 10 months,Improved,1.36134172851942,103.844874736551
HDB,242 BISHAN ST 22,5 ROOM,BISHAN,242 BISHAN ST 22,BISHAN,2020-12-01,880800.0,121.0,1302.43,676.27,07 TO 09,70 years 08 months,Improved,1.36134172851942,103.844874736551
HDB,242 BISHAN ST 22,5 ROOM,BISHAN,242 BISHAN ST 22,BISHAN,2021-03-01,808000.0,132.0,1420.83,568.68,04 TO 06,70 years 06 months,Improved,1.36134172851942,103.844874736551
HDB,242 BISHAN ST 22,5 ROOM,BISHAN,242 BISHAN ST 22,BISHAN,2024-11-01,1110000.0,136.0,1463.89,758.25,07 TO 09,66 years 10 months,Model A,1.36134172851942,103.844874736551
HDB,242 BISHAN ST 22,5 ROOM,BISHAN,242 BISHAN ST 22,BISHAN,2025-12-01,1050000.0,121.0,1302.43,806.18,01 TO 03,65 years 09 months,Improved,1.36134172851942,103.844874736551
HDB,244 BISHAN ST 22,EXECUTIVE,BISHAN,244 BISHAN ST 22,BISHAN,2018-04-01,853000.0,149.0,1603.82,531.85,01 TO 03,73 years 04 months,Maisonette,1.36040959224239,103.844372434323
HDB,244 BISHAN ST 22,EXECUTIVE,BISHAN,244 BISHAN ST 22,BISHAN,2020-06-01,825000.0,146.0,1571.53,524.97,01 TO 03,71 years 02 months,Maisonette,1.36040959224239,103.844372434323
HDB,245 BISHAN ST 22,EXECUTIVE,BISHAN,245 BISHAN ST 22,BISHAN,2017-03-01,893000.0,147.0,1582.29,564.37,10 TO 12,74 years 05 months,Maisonette,1.36033727387085,103.843963448891
HDB,245 BISHAN ST 22,EXECUTIVE,BISHAN,245 BISHAN ST 22,BISHAN,2018-04-01,835000.0,149.0,1603.82,520.63,04 TO 06,73 years 04 months,Maisonette,1.36033727387085,103.843963448891
HDB,245 BISHAN ST 22,EXECUTIVE,BISHAN,245 BISHAN ST 22,BISHAN,2018-06-01,860000.0,147.0,1582.29,543.51,01 TO 03,73 years 02 months,Maisonette,1.36033727387085,103.843963448891
HDB,245 BISHAN ST 22,EXECUTIVE,BISHAN,245 BISHAN ST 22,BISHAN,2018-06-01,865000.0,149.0,1603.82,539.34,04 TO 06,73 years 02 months,Maisonette,1.36033727387085,103.843963448891
HDB,245 BISHAN ST 22,EXECUTIVE,BISHAN,245 BISHAN ST 22,BISHAN,2020-09-01,1044888.0,154.0,1657.64,630.35,13 TO 15,70 years 11 months,Maisonette,1.36033727387085,103.843963448891
HDB,245 BISHAN ST 22,EXECUTIVE,BISHAN,245 BISHAN ST 22,BISHAN,2020-10-01,900000.0,147.0,1582.29,568.79,07 TO 09,70 years 10 months,Maisonette,1.36033727387085,103.843963448891
HDB,245 BISHAN ST 22,EXECUTIVE,BISHAN,245 BISHAN ST 22,BISHAN,2020-12-01,860000.0,147.0,1582.29,543.51,04 TO 06,70 years 09 months,Maisonette,1.36033727387085,103.843963448891
HDB,245 BISHAN ST 22,EXECUTIVE,BISHAN,245 BISHAN ST 22,BISHAN,2021-03-01,878000.0,146.0,1571.53,558.69,01 TO 03,70 years 05 months,Maisonette,1.36033727387085,103.843963448891
HDB,245 BISHAN ST 22,EXECUTIVE,BISHAN,245 BISHAN ST 22,BISHAN,2021-04-01,885000.0,149.0,1603.82,551.81,01 TO 03,70 years 04 months,Maisonette,1.36033727387085,103.843963448891
HDB,245 BISHAN ST 22,EXECUTIVE,BISHAN,245 BISHAN ST 22,BISHAN,2021-07-01,1030000.0,149.0,1603.82,642.22,04 TO 06,70 years 01 month,Maisonette,1.36033727387085,103.843963448891
HDB,245 BISHAN ST 22,EXECUTIVE,BISHAN,245 BISHAN ST 22,BISHAN,2021-10-01,868000.0,149.0,1603.82,541.21,01 TO 03,69 years 11 months,Maisonette,1.36033727387085,103.843963448891
HDB,245 BISHAN ST 22,EXECUTIVE,BISHAN,245 BISHAN ST 22,BISHAN,2021-11-01,940000.0,149.0,1603.82,586.1,04 TO 06,69 years 09 months,Maisonette,1.36033727387085,103.843963448891
HDB,245 BISHAN ST 22,EXECUTIVE,BISHAN,245 BISHAN ST 22,BISHAN,2021-12-01,1028000.0,147.0,1582.29,649.69,07 TO 09,69 years 08 months,Maisonette,1.36033727387085,103.843963448891
HDB,245 BISHAN ST 22,EXECUTIVE,BISHAN,245 BISHAN ST 22,BISHAN,2022-02-01,875000.0,147.0,1582.29,552.99,01 TO 03,69 years 06 months,Maisonette,1.36033727387085,103.843963448891
HDB,245 BISHAN ST 22,EXECUTIVE,BISHAN,245 BISHAN ST 22,BISHAN,2022-03-01,940000.0,154.0,1657.64,567.07,01 TO 03,69 years 05 months,Maisonette,1.36033727387085,103.843963448891
HDB,245 BISHAN ST 22,EXECUTIVE,BISHAN,245 BISHAN ST 22,BISHAN,2022-05-01,1080000.0,154.0,1657.64,651.53,04 TO 06,69 years 03 months,Maisonette,1.36033727387085,103.843963448891
HDB,245 BISHAN ST 22,EXECUTIVE,BISHAN,245 BISHAN ST 22,BISHAN,2022-05-01,1108000.0,147.0,1582.29,700.25,13 TO 15,69 years 04 months,Maisonette,1.36033727387085,103.843963448891
HDB,245 BISHAN ST 22,EXECUTIVE,BISHAN,245 BISHAN ST 22,BISHAN,2022-09-01,1150000.0,147.0,1582.29,726.79,10 TO 12,68 years 11 months,Maisonette,1.36033727387085,103.843963448891
HDB,245 BISHAN ST 22,EXECUTIVE,BISHAN,245 BISHAN ST 22,BISHAN,2022-12-01,1090000.0,147.0,1582.29,688.87,04 TO 06,68 years 09 months,Maisonette,1.36033727387085,103.843963448891
HDB,245 BISHAN ST 22,EXECUTIVE,BISHAN,245 BISHAN ST 22,BISHAN,2023-04-01,1100000.0,147.0,1582.29,695.19,10 TO 12,68 years 04 months,Maisonette,1.36033727387085,103.843963448891
HDB,245 BISHAN ST 22,EXECUTIVE,BISHAN,245 BISHAN ST 22,BISHAN,2024-01-01,1143000.0,149.0,1603.82,712.67,04 TO 06,67 years 07 months,Maisonette,1.36033727387085,103.843963448891
HDB,245 BISHAN ST 22,EXECUTIVE,BISHAN,245 BISHAN ST 22,BISHAN,2024-02-01,1110000.0,154.0,1657.64,669.63,07 TO 09,67 years 06 months,Maisonette,1.36033727387085,103.843963448891
HDB,245 BISHAN ST 22,EXECUTIVE,BISHAN,245 BISHAN ST 22,BISHAN,2024-08-01,1280000.0,154.0,1657.64,772.18,10 TO 12,67 years,Maisonette,1.36033727387085,103.843963448891
HDB,245 BISHAN ST 22,EXECUTIVE,BISHAN,245 BISHAN ST 22,BISHAN,2024-08-01,1280000.0,148.0,1593.06,803.49,04 TO 06,67 years,Maisonette,1.36033727387085,103.843963448891
HDB,245 BISHAN ST 22,EXECUTIVE,BISHAN,245 BISHAN ST 22,BISHAN,2024-10-01,1238000.0,147.0,1582.29,782.41,10 TO 12,66 years 10 months,Maisonette,1.36033727387085,103.843963448891
HDB,245 BISHAN ST 22,EXECUTIVE,BISHAN,245 BISHAN ST 22,BISHAN,2025-11-01,1090000.0,147.0,1582.29,688.87,01 TO 03,65 years 09 months,Maisonette,1.36033727387085,103.843963448891
HDB,245 BISHAN ST 22,EXECUTIVE,BISHAN,245 BISHAN ST 22,BISHAN,2026-06-01,1350000.0,154.0,1657.64,814.41,13 TO 15,65 years 03 months,Maisonette,1.36033727387085,103.843963448891
HDB,246 BISHAN ST 22,5 ROOM,BISHAN,246 BISHAN ST 22,BISHAN,2018-04-01,650000.0,132.0,1420.83,457.48,04 TO 06,73 years 04 months,Model A,1.36067416170778,103.843353629778
HDB,246 BISHAN ST 22,5 ROOM,BISHAN,246 BISHAN ST 22,BISHAN,2020-03-01,775000.0,132.0,1420.83,545.45,04 TO 06,71 years 05 months,Model A,1.36067416170778,103.843353629778
HDB,247 BISHAN ST 22,EXECUTIVE,BISHAN,247 BISHAN ST 22,BISHAN,2019-01-01,770000.0,146.0,1571.53,489.97,01 TO 03,72 years 07 months,Maisonette,1.36108263852717,103.843138950412
HDB,247 BISHAN ST 22,EXECUTIVE,BISHAN,247 BISHAN ST 22,BISHAN,2021-01-01,840000.0,146.0,1571.53,534.51,01 TO 03,70 years 07 months,Maisonette,1.36108263852717,103.843138950412
HDB,249 BISHAN ST 22,5 ROOM,BISHAN,249 BISHAN ST 22,BISHAN,2019-05-01,780000.0,132.0,1420.83,548.97,07 TO 09,72 years 03 months,Model A,1.36124091092245,103.843772589725
HDB,249 BISHAN ST 22,5 ROOM,BISHAN,249 BISHAN ST 22,BISHAN,2026-06-01,1100000.0,132.0,1420.83,774.19,10 TO 12,65 years 03 months,Model A,1.36124091092245,103.843772589725
HDB,249 BISHAN ST 22,5 ROOM,BISHAN,249 BISHAN ST 22,BISHAN,2026-07-01,1080000.0,132.0,1420.83,760.12,07 TO 09,65 years 01 month,Model A,1.36124091092245,103.843772589725
HDB,250 BISHAN ST 22,5 ROOM,BISHAN,250 BISHAN ST 22,BISHAN,2018-10-01,745000.0,131.0,1410.07,528.34,04 TO 06,72 years 10 months,Model A,1.36161482106062,103.843937147665
HDB,250 BISHAN ST 22,5 ROOM,BISHAN,250 BISHAN ST 22,BISHAN,2021-02-01,850000.0,131.0,1410.07,602.81,10 TO 12,70 years 06 months,Model A,1.36161482106062,103.843937147665
HDB,250 BISHAN ST 22,5 ROOM,BISHAN,250 BISHAN ST 22,BISHAN,2026-02-01,1080000.0,131.0,1410.07,765.92,04 TO 06,65 years 06 months,Model A,1.36161482106062,103.843937147665
HDB,251 BISHAN ST 22,5 ROOM,BISHAN,251 BISHAN ST 22,BISHAN,2017-06-01,873000.0,126.0,1356.25,643.69,07 TO 09,74 years 02 months,Improved,1.36191020704912,103.844170608274
HDB,251 BISHAN ST 22,5 ROOM,BISHAN,251 BISHAN ST 22,BISHAN,2018-05-01,849000.0,121.0,1302.43,651.86,04 TO 06,73 years 04 months,Improved,1.36191020704912,103.844170608274
HDB,251 BISHAN ST 22,5 ROOM,BISHAN,251 BISHAN ST 22,BISHAN,2019-08-01,768000.0,121.0,1302.43,589.67,01 TO 03,71 years 11 months,Improved,1.36191020704912,103.844170608274
HDB,251 BISHAN ST 22,5 ROOM,BISHAN,251 BISHAN ST 22,BISHAN,2021-03-01,880000.0,121.0,1302.43,675.66,07 TO 09,70 years 05 months,Improved,1.36191020704912,103.844170608274
HDB,251 BISHAN ST 22,5 ROOM,BISHAN,251 BISHAN ST 22,BISHAN,2021-07-01,945000.0,121.0,1302.43,725.57,10 TO 12,70 years 02 months,Improved,1.36191020704912,103.844170608274
HDB,251 BISHAN ST 22,5 ROOM,BISHAN,251 BISHAN ST 22,BISHAN,2021-11-01,770000.0,121.0,1302.43,591.2,01 TO 03,69 years 10 months,Improved,1.36191020704912,103.844170608274
HDB,251 BISHAN ST 22,5 ROOM,BISHAN,251 BISHAN ST 22,BISHAN,2021-12-01,920000.0,121.0,1302.43,706.37,07 TO 09,69 years 08 months,Improved,1.36191020704912,103.844170608274
HDB,251 BISHAN ST 22,5 ROOM,BISHAN,251 BISHAN ST 22,BISHAN,2021-12-01,935000.0,126.0,1356.25,689.4,04 TO 06,69 years 09 months,Improved,1.36191020704912,103.844170608274
HDB,251 BISHAN ST 22,5 ROOM,BISHAN,251 BISHAN ST 22,BISHAN,2023-10-01,925000.0,126.0,1356.25,682.03,01 TO 03,67 years 10 months,Improved,1.36191020704912,103.844170608274
HDB,251 BISHAN ST 22,5 ROOM,BISHAN,251 BISHAN ST 22,BISHAN,2024-04-01,945000.0,121.0,1302.43,725.57,01 TO 03,67 years 05 months,Improved,1.36191020704912,103.844170608274
HDB,251 BISHAN ST 22,5 ROOM,BISHAN,251 BISHAN ST 22,BISHAN,2025-04-01,1000000.0,121.0,1302.43,767.79,04 TO 06,66 years 05 months,Improved,1.36191020704912,103.844170608274
HDB,251 BISHAN ST 22,5 ROOM,BISHAN,251 BISHAN ST 22,BISHAN,2025-05-01,1225000.0,121.0,1302.43,940.55,07 TO 09,66 years 03 months,Improved,1.36191020704912,103.844170608274
HDB,253 BISHAN ST 22,5 ROOM,BISHAN,253 BISHAN ST 22,BISHAN,2017-12-01,848000.0,133.0,1431.6,592.34,04 TO 06,73 years 08 months,Improved,1.36224314715991,103.843102386534
HDB,253 BISHAN ST 22,5 ROOM,BISHAN,253 BISHAN ST 22,BISHAN,2020-09-01,785000.0,121.0,1302.43,602.72,07 TO 09,70 years 11 months,Improved,1.36224314715991,103.843102386534
HDB,253 BISHAN ST 22,5 ROOM,BISHAN,253 BISHAN ST 22,BISHAN,2020-11-01,765000.0,133.0,1431.6,534.37,04 TO 06,70 years 10 months,Improved,1.36224314715991,103.843102386534
HDB,253 BISHAN ST 22,5 ROOM,BISHAN,253 BISHAN ST 22,BISHAN,2023-06-01,898000.0,122.0,1313.2,683.83,10 TO 12,68 years 02 months,Improved,1.36224314715991,103.843102386534
HDB,253 BISHAN ST 22,5 ROOM,BISHAN,253 BISHAN ST 22,BISHAN,2023-06-01,900000.0,133.0,1431.6,628.67,01 TO 03,68 years 02 months,Improved,1.36224314715991,103.843102386534
HDB,254 KIM KEAT AVE,EXECUTIVE,TOA PAYOH,254 KIM KEAT AVE,TOA PAYOH,2017-06-01,765000.0,146.0,1571.53,486.79,01 TO 03,70 years 08 months,Maisonette,1.33173315408576,103.858329268353
HDB,254 KIM KEAT AVE,EXECUTIVE,TOA PAYOH,254 KIM KEAT AVE,TOA PAYOH,2019-05-01,720000.0,146.0,1571.53,458.15,07 TO 09,68 years 09 months,Maisonette,1.33173315408576,103.858329268353
HDB,254 KIM KEAT AVE,EXECUTIVE,TOA PAYOH,254 KIM KEAT AVE,TOA PAYOH,2019-08-01,718000.0,146.0,1571.53,456.88,04 TO 06,68 years 05 months,Maisonette,1.33173315408576,103.858329268353
HDB,254 KIM KEAT AVE,EXECUTIVE,TOA PAYOH,254 KIM KEAT AVE,TOA PAYOH,2019-11-01,740000.0,146.0,1571.53,470.88,10 TO 12,68 years 03 months,Maisonette,1.33173315408576,103.858329268353
HDB,254 KIM KEAT AVE,EXECUTIVE,TOA PAYOH,254 KIM KEAT AVE,TOA PAYOH,2019-12-01,730000.0,146.0,1571.53,464.52,04 TO 06,68 years 01 month,Maisonette,1.33173315408576,103.858329268353
HDB,254 KIM KEAT AVE,EXECUTIVE,TOA PAYOH,254 KIM KEAT AVE,TOA PAYOH,2021-03-01,755000.0,146.0,1571.53,480.42,07 TO 09,66 years 10 months,Maisonette,1.33173315408576,103.858329268353
HDB,254 KIM KEAT AVE,EXECUTIVE,TOA PAYOH,254 KIM KEAT AVE,TOA PAYOH,2021-09-01,775000.0,146.0,1571.53,493.15,04 TO 06,66 years 04 months,Maisonette,1.33173315408576,103.858329268353
HDB,254 KIM KEAT AVE,EXECUTIVE,TOA PAYOH,254 KIM KEAT AVE,TOA PAYOH,2021-11-01,868000.0,146.0,1571.53,552.33,10 TO 12,66 years 03 months,Maisonette,1.33173315408576,103.858329268353
HDB,254 KIM KEAT AVE,EXECUTIVE,TOA PAYOH,254 KIM KEAT AVE,TOA PAYOH,2021-12-01,788000.0,146.0,1571.53,501.42,04 TO 06,66 years 02 months,Maisonette,1.33173315408576,103.858329268353
HDB,254 KIM KEAT AVE,EXECUTIVE,TOA PAYOH,254 KIM KEAT AVE,TOA PAYOH,2022-02-01,868000.0,146.0,1571.53,552.33,01 TO 03,66 years,Maisonette,1.33173315408576,103.858329268353
HDB,254 KIM KEAT AVE,EXECUTIVE,TOA PAYOH,254 KIM KEAT AVE,TOA PAYOH,2023-04-01,850000.0,146.0,1571.53,540.87,01 TO 03,64 years 09 months,Maisonette,1.33173315408576,103.858329268353
HDB,254 KIM KEAT AVE,EXECUTIVE,TOA PAYOH,254 KIM KEAT AVE,TOA PAYOH,2023-06-01,960000.0,146.0,1571.53,610.87,10 TO 12,64 years 08 months,Maisonette,1.33173315408576,103.858329268353
HDB,254 KIM KEAT AVE,EXECUTIVE,TOA PAYOH,254 KIM KEAT AVE,TOA PAYOH,2023-08-01,990000.0,153.0,1646.88,601.14,04 TO 06,64 years 06 months,Maisonette,1.33173315408576,103.858329268353
HDB,254 KIM KEAT AVE,EXECUTIVE,TOA PAYOH,254 KIM KEAT AVE,TOA PAYOH,2023-09-01,930000.0,146.0,1571.53,591.78,10 TO 12,64 years 05 months,Maisonette,1.33173315408576,103.858329268353
HDB,254 KIM KEAT AVE,EXECUTIVE,TOA PAYOH,254 KIM KEAT AVE,TOA PAYOH,2024-01-01,968888.0,146.0,1571.53,616.53,04 TO 06,64 years 01 month,Apartment,1.33173315408576,103.858329268353
HDB,254 KIM KEAT AVE,EXECUTIVE,TOA PAYOH,254 KIM KEAT AVE,TOA PAYOH,2024-12-01,1038888.0,146.0,1571.53,661.07,04 TO 06,63 years 02 months,Maisonette,1.33173315408576,103.858329268353
HDB,254 KIM KEAT AVE,EXECUTIVE,TOA PAYOH,254 KIM KEAT AVE,TOA PAYOH,2025-02-01,1002000.0,146.0,1571.53,637.6,04 TO 06,63 years,Maisonette,1.33173315408576,103.858329268353
HDB,254 KIM KEAT AVE,EXECUTIVE,TOA PAYOH,254 KIM KEAT AVE,TOA PAYOH,2025-04-01,1100000.0,146.0,1571.53,699.96,07 TO 09,62 years 09 months,Maisonette,1.33173315408576,103.858329268353
HDB,254 KIM KEAT AVE,EXECUTIVE,TOA PAYOH,254 KIM KEAT AVE,TOA PAYOH,2025-07-01,1000000.0,146.0,1571.53,636.32,04 TO 06,62 years 07 months,Maisonette,1.33173315408576,103.858329268353
HDB,254 KIM KEAT AVE,EXECUTIVE,TOA PAYOH,254 KIM KEAT AVE,TOA PAYOH,2025-09-01,905000.0,146.0,1571.53,575.87,01 TO 03,62 years 04 months,Maisonette,1.33173315408576,103.858329268353
HDB,254 KIM KEAT AVE,EXECUTIVE,TOA PAYOH,254 KIM KEAT AVE,TOA PAYOH,2025-12-01,950000.0,146.0,1571.53,604.51,01 TO 03,62 years 02 months,Maisonette,1.33173315408576,103.858329268353
HDB,254 KIM KEAT AVE,EXECUTIVE,TOA PAYOH,254 KIM KEAT AVE,TOA PAYOH,2026-05-01,960000.0,146.0,1571.53,610.87,10 TO 12,61 years 09 months,Apartment,1.33173315408576,103.858329268353
HDB,254 KIM KEAT AVE,EXECUTIVE,TOA PAYOH,254 KIM KEAT AVE,TOA PAYOH,2026-06-01,988000.0,146.0,1571.53,628.69,04 TO 06,61 years 08 months,Maisonette,1.33173315408576,103.858329268353
HDB,255 BISHAN ST 22,5 ROOM,BISHAN,255 BISHAN ST 22,BISHAN,2017-09-01,800000.0,133.0,1431.6,558.82,04 TO 06,73 years 11 months,Model A,1.36166764006371,103.842743222032
HDB,255 BISHAN ST 22,5 ROOM,BISHAN,255 BISHAN ST 22,BISHAN,2018-10-01,780000.0,133.0,1431.6,544.85,10 TO 12,72 years 10 months,Model A,1.36166764006371,103.842743222032
HDB,255 BISHAN ST 22,5 ROOM,BISHAN,255 BISHAN ST 22,BISHAN,2019-08-01,818000.0,133.0,1431.6,571.39,10 TO 12,71 years 11 months,Model A,1.36166764006371,103.842743222032
HDB,255 BISHAN ST 22,5 ROOM,BISHAN,255 BISHAN ST 22,BISHAN,2019-10-01,750000.0,133.0,1431.6,523.89,10 TO 12,71 years 10 months,Model A,1.36166764006371,103.842743222032
HDB,255 BISHAN ST 22,5 ROOM,BISHAN,255 BISHAN ST 22,BISHAN,2021-01-01,800000.0,133.0,1431.6,558.82,13 TO 15,70 years 08 months,Model A,1.36166764006371,103.842743222032
HDB,255 BISHAN ST 22,5 ROOM,BISHAN,255 BISHAN ST 22,BISHAN,2021-08-01,790000.0,133.0,1431.6,551.83,04 TO 06,69 years 11 months,Model A,1.36166764006371,103.842743222032
HDB,255 BISHAN ST 22,5 ROOM,BISHAN,255 BISHAN ST 22,BISHAN,2022-09-01,860888.0,133.0,1431.6,601.35,10 TO 12,68 years 11 months,Model A,1.36166764006371,103.842743222032
HDB,255 BISHAN ST 22,5 ROOM,BISHAN,255 BISHAN ST 22,BISHAN,2024-04-01,960000.0,133.0,1431.6,670.58,10 TO 12,67 years 05 months,Model A,1.36166764006371,103.842743222032
HDB,256 BISHAN ST 22,5 ROOM,BISHAN,256 BISHAN ST 22,BISHAN,2017-12-01,828000.0,133.0,1431.6,578.37,13 TO 15,73 years 08 months,Model A,1.36131844778476,103.842683755643
HDB,256 BISHAN ST 22,5 ROOM,BISHAN,256 BISHAN ST 22,BISHAN,2019-07-01,790000.0,133.0,1431.6,551.83,10 TO 12,72 years,Model A,1.36131844778476,103.842683755643
HDB,257 BISHAN ST 22,EXECUTIVE,BISHAN,257 BISHAN ST 22,BISHAN,2017-10-01,790000.0,148.0,1593.06,495.9,01 TO 03,73 years 10 months,Maisonette,1.35971687351446,103.84310310527
HDB,257 BISHAN ST 22,EXECUTIVE,BISHAN,257 BISHAN ST 22,BISHAN,2019-04-01,710000.0,147.0,1582.29,448.72,04 TO 06,72 years 03 months,Maisonette,1.35971687351446,103.84310310527
HDB,257 BISHAN ST 22,EXECUTIVE,BISHAN,257 BISHAN ST 22,BISHAN,2020-06-01,740000.0,148.0,1593.06,464.52,07 TO 09,71 years 02 months,Apartment,1.35971687351446,103.84310310527
HDB,257 BISHAN ST 22,EXECUTIVE,BISHAN,257 BISHAN ST 22,BISHAN,2020-10-01,868000.0,148.0,1593.06,544.86,10 TO 12,70 years 10 months,Maisonette,1.35971687351446,103.84310310527
HDB,257 BISHAN ST 22,EXECUTIVE,BISHAN,257 BISHAN ST 22,BISHAN,2020-12-01,860000.0,147.0,1582.29,543.51,07 TO 09,70 years 09 months,Maisonette,1.35971687351446,103.84310310527
HDB,257 BISHAN ST 22,EXECUTIVE,BISHAN,257 BISHAN ST 22,BISHAN,2021-05-01,890000.0,144.0,1550.0,574.19,01 TO 03,70 years 04 months,Apartment,1.35971687351446,103.84310310527
HDB,257 BISHAN ST 22,EXECUTIVE,BISHAN,257 BISHAN ST 22,BISHAN,2021-07-01,1000000.0,150.0,1614.59,619.35,10 TO 12,69 years 11 months,Maisonette,1.35971687351446,103.84310310527
HDB,257 BISHAN ST 22,EXECUTIVE,BISHAN,257 BISHAN ST 22,BISHAN,2022-04-01,968000.0,146.0,1571.53,615.96,04 TO 06,69 years 04 months,Maisonette,1.35971687351446,103.84310310527
HDB,257 BISHAN ST 22,EXECUTIVE,BISHAN,257 BISHAN ST 22,BISHAN,2022-07-01,890000.0,146.0,1571.53,566.33,01 TO 03,68 years 11 months,Maisonette,1.35971687351446,103.84310310527
HDB,257 BISHAN ST 22,EXECUTIVE,BISHAN,257 BISHAN ST 22,BISHAN,2022-10-01,1120000.0,149.0,1603.82,698.33,07 TO 09,68 years 11 months,Maisonette,1.35971687351446,103.84310310527
HDB,257 BISHAN ST 22,EXECUTIVE,BISHAN,257 BISHAN ST 22,BISHAN,2022-12-01,950000.0,149.0,1603.82,592.34,04 TO 06,68 years 08 months,Maisonette,1.35971687351446,103.84310310527
HDB,257 BISHAN ST 22,EXECUTIVE,BISHAN,257 BISHAN ST 22,BISHAN,2022-12-01,988888.0,147.0,1582.29,624.97,10 TO 12,68 years 08 months,Maisonette,1.35971687351446,103.84310310527
HDB,257 BISHAN ST 22,EXECUTIVE,BISHAN,257 BISHAN ST 22,BISHAN,2023-01-01,1068000.0,146.0,1571.53,679.59,01 TO 03,68 years 08 months,Maisonette,1.35971687351446,103.84310310527
HDB,257 BISHAN ST 22,EXECUTIVE,BISHAN,257 BISHAN ST 22,BISHAN,2023-02-01,980000.0,146.0,1571.53,623.6,04 TO 06,68 years 06 months,Apartment,1.35971687351446,103.84310310527
HDB,257 BISHAN ST 22,EXECUTIVE,BISHAN,257 BISHAN ST 22,BISHAN,2023-03-01,1050000.0,150.0,1614.59,650.32,01 TO 03,68 years 05 months,Apartment,1.35971687351446,103.84310310527
HDB,257 BISHAN ST 22,EXECUTIVE,BISHAN,257 BISHAN ST 22,BISHAN,2023-04-01,968000.0,144.0,1550.0,624.52,04 TO 06,68 years 04 months,Apartment,1.35971687351446,103.84310310527
HDB,257 BISHAN ST 22,EXECUTIVE,BISHAN,257 BISHAN ST 22,BISHAN,2023-04-01,1088000.0,144.0,1550.0,701.93,10 TO 12,68 years 05 months,Apartment,1.35971687351446,103.84310310527
HDB,257 BISHAN ST 22,EXECUTIVE,BISHAN,257 BISHAN ST 22,BISHAN,2023-10-01,1060000.0,151.0,1625.35,652.17,07 TO 09,67 years 10 months,Maisonette,1.35971687351446,103.84310310527
HDB,257 BISHAN ST 22,EXECUTIVE,BISHAN,257 BISHAN ST 22,BISHAN,2023-11-01,1060000.0,147.0,1582.29,669.91,01 TO 03,67 years 10 months,Maisonette,1.35971687351446,103.84310310527
HDB,257 BISHAN ST 22,EXECUTIVE,BISHAN,257 BISHAN ST 22,BISHAN,2023-12-01,989100.0,147.0,1582.29,625.11,01 TO 03,67 years 08 months,Maisonette,1.35971687351446,103.84310310527
HDB,257 BISHAN ST 22,EXECUTIVE,BISHAN,257 BISHAN ST 22,BISHAN,2024-05-01,939991.0,146.0,1571.53,598.14,01 TO 03,67 years 03 months,Apartment,1.35971687351446,103.84310310527
HDB,257 BISHAN ST 22,EXECUTIVE,BISHAN,257 BISHAN ST 22,BISHAN,2024-08-01,1015000.0,148.0,1593.06,637.14,04 TO 06,67 years,Maisonette,1.35971687351446,103.84310310527
HDB,257 BISHAN ST 22,EXECUTIVE,BISHAN,257 BISHAN ST 22,BISHAN,2025-01-01,1358000.0,150.0,1614.59,841.08,10 TO 12,66 years 08 months,Maisonette,1.35971687351446,103.84310310527
HDB,257 BISHAN ST 22,EXECUTIVE,BISHAN,257 BISHAN ST 22,BISHAN,2025-04-01,1350000.0,146.0,1571.53,859.04,10 TO 12,66 years 05 months,Maisonette,1.35971687351446,103.84310310527
HDB,257 BISHAN ST 22,EXECUTIVE,BISHAN,257 BISHAN ST 22,BISHAN,2025-07-01,1100000.0,150.0,1614.59,681.29,01 TO 03,66 years 01 month,Maisonette,1.35971687351446,103.84310310527
HDB,257 BISHAN ST 22,EXECUTIVE,BISHAN,257 BISHAN ST 22,BISHAN,2026-02-01,1168000.0,146.0,1571.53,743.23,01 TO 03,65 years 07 months,Maisonette,1.35971687351446,103.84310310527
HDB,257 BISHAN ST 22,EXECUTIVE,BISHAN,257 BISHAN ST 22,BISHAN,2026-03-01,1080000.0,148.0,1593.06,677.94,04 TO 06,65 years 05 months,Maisonette,1.35971687351446,103.84310310527
HDB,257 BISHAN ST 22,EXECUTIVE,BISHAN,257 BISHAN ST 22,BISHAN,2026-04-01,1350000.0,151.0,1625.35,830.59,07 TO 09,65 years 05 months,Maisonette,1.35971687351446,103.84310310527
HDB,257 BISHAN ST 22,EXECUTIVE,BISHAN,257 BISHAN ST 22,BISHAN,2026-06-01,1290000.0,146.0,1571.53,820.86,07 TO 09,65 years 03 months,Maisonette,1.35971687351446,103.84310310527
HDB,257 KIM KEAT AVE,EXECUTIVE,TOA PAYOH,257 KIM KEAT AVE,TOA PAYOH,2017-06-01,710000.0,146.0,1571.53,451.79,04 TO 06,70 years 06 months,Maisonette,1.33260688502861,103.857270508532
HDB,257 KIM KEAT AVE,EXECUTIVE,TOA PAYOH,257 KIM KEAT AVE,TOA PAYOH,2019-10-01,759000.0,153.0,1646.88,460.87,04 TO 06,68 years 02 months,Maisonette,1.33260688502861,103.857270508532
HDB,257 KIM KEAT AVE,EXECUTIVE,TOA PAYOH,257 KIM KEAT AVE,TOA PAYOH,2020-07-01,726888.0,146.0,1571.53,462.54,01 TO 03,67 years 05 months,Maisonette,1.33260688502861,103.857270508532
HDB,257 KIM KEAT AVE,EXECUTIVE,TOA PAYOH,257 KIM KEAT AVE,TOA PAYOH,2021-06-01,810000.0,146.0,1571.53,515.42,07 TO 09,66 years 07 months,Maisonette,1.33260688502861,103.857270508532
HDB,257 KIM KEAT AVE,EXECUTIVE,TOA PAYOH,257 KIM KEAT AVE,TOA PAYOH,2023-04-01,1050000.0,153.0,1646.88,637.57,10 TO 12,64 years 09 months,Maisonette,1.33260688502861,103.857270508532
HDB,257 KIM KEAT AVE,EXECUTIVE,TOA PAYOH,257 KIM KEAT AVE,TOA PAYOH,2024-05-01,1000888.0,146.0,1571.53,636.89,07 TO 09,63 years 07 months,Maisonette,1.33260688502861,103.857270508532
HDB,257 KIM KEAT AVE,EXECUTIVE,TOA PAYOH,257 KIM KEAT AVE,TOA PAYOH,2024-07-01,1080000.0,146.0,1571.53,687.23,04 TO 06,63 years 06 months,Maisonette,1.33260688502861,103.857270508532
HDB,257 KIM KEAT AVE,EXECUTIVE,TOA PAYOH,257 KIM KEAT AVE,TOA PAYOH,2024-10-01,1010000.0,146.0,1571.53,642.69,07 TO 09,63 years 03 months,Maisonette,1.33260688502861,103.857270508532
HDB,257 KIM KEAT AVE,EXECUTIVE,TOA PAYOH,257 KIM KEAT AVE,TOA PAYOH,2025-05-01,1075000.0,153.0,1646.88,652.75,01 TO 03,62 years 08 months,Maisonette,1.33260688502861,103.857270508532
HDB,257 KIM KEAT AVE,EXECUTIVE,TOA PAYOH,257 KIM KEAT AVE,TOA PAYOH,2025-06-01,1088000.0,146.0,1571.53,692.32,04 TO 06,62 years 08 months,Maisonette,1.33260688502861,103.857270508532
HDB,257 KIM KEAT AVE,EXECUTIVE,TOA PAYOH,257 KIM KEAT AVE,TOA PAYOH,2025-11-01,1200000.0,146.0,1571.53,763.59,10 TO 12,62 years 02 months,Maisonette,1.33260688502861,103.857270508532
HDB,257 KIM KEAT AVE,EXECUTIVE,TOA PAYOH,257 KIM KEAT AVE,TOA PAYOH,2026-01-01,950888.0,146.0,1571.53,605.07,01 TO 03,62 years,Maisonette,1.33260688502861,103.857270508532
HDB,257 KIM KEAT AVE,EXECUTIVE,TOA PAYOH,257 KIM KEAT AVE,TOA PAYOH,2026-06-01,1138000.0,146.0,1571.53,724.14,10 TO 12,61 years 07 months,Maisonette,1.33260688502861,103.857270508532
HDB,258 BISHAN ST 22,EXECUTIVE,BISHAN,258 BISHAN ST 22,BISHAN,2018-06-01,710000.0,147.0,1582.29,448.72,01 TO 03,73 years 02 months,Maisonette,1.35981398873195,103.842690688554
HDB,258 BISHAN ST 22,EXECUTIVE,BISHAN,258 BISHAN ST 22,BISHAN,2020-09-01,728000.0,148.0,1593.06,456.98,01 TO 03,70 years 11 months,Maisonette,1.35981398873195,103.842690688554
HDB,258 BISHAN ST 22,EXECUTIVE,BISHAN,258 BISHAN ST 22,BISHAN,2021-03-01,940000.0,155.0,1668.4,563.41,01 TO 03,70 years 05 months,Maisonette,1.35981398873195,103.842690688554
HDB,258 BISHAN ST 22,EXECUTIVE,BISHAN,258 BISHAN ST 22,BISHAN,2022-08-01,950000.0,147.0,1582.29,600.39,01 TO 03,68 years 11 months,Maisonette,1.35981398873195,103.842690688554
HDB,258 BISHAN ST 22,EXECUTIVE,BISHAN,258 BISHAN ST 22,BISHAN,2025-01-01,1050000.0,150.0,1614.59,650.32,01 TO 03,66 years 08 months,Apartment,1.35981398873195,103.842690688554
HDB,259 BISHAN ST 22,5 ROOM,BISHAN,259 BISHAN ST 22,BISHAN,2025-08-01,1080000.0,133.0,1431.6,754.4,10 TO 12,66 years,Model A,1.35996780310394,103.842246599628
HDB,260 BISHAN ST 22,5 ROOM,BISHAN,260 BISHAN ST 22,BISHAN,2021-05-01,801000.0,133.0,1431.6,559.51,07 TO 09,70 years 04 months,Model A,1.35961376765045,103.842187438495
HDB,261 BISHAN ST 22,EXECUTIVE,BISHAN,261 BISHAN ST 22,BISHAN,2017-05-01,815000.0,146.0,1571.53,518.6,01 TO 03,74 years 03 months,Maisonette,1.35898689332218,103.843324418377
HDB,261 BISHAN ST 22,EXECUTIVE,BISHAN,261 BISHAN ST 22,BISHAN,2018-02-01,900000.0,148.0,1593.06,564.95,04 TO 06,73 years 05 months,Maisonette,1.35898689332218,103.843324418377
HDB,261 BISHAN ST 22,EXECUTIVE,BISHAN,261 BISHAN ST 22,BISHAN,2018-03-01,910000.0,146.0,1571.53,579.05,07 TO 09,73 years 06 months,Maisonette,1.35898689332218,103.843324418377
HDB,261 BISHAN ST 22,EXECUTIVE,BISHAN,261 BISHAN ST 22,BISHAN,2019-09-01,830000.0,151.0,1625.35,510.66,10 TO 12,71 years 10 months,Maisonette,1.35898689332218,103.843324418377
HDB,261 BISHAN ST 22,EXECUTIVE,BISHAN,261 BISHAN ST 22,BISHAN,2020-01-01,880000.0,150.0,1614.59,545.03,04 TO 06,71 years 07 months,Maisonette,1.35898689332218,103.843324418377
HDB,261 BISHAN ST 22,EXECUTIVE,BISHAN,261 BISHAN ST 22,BISHAN,2020-08-01,760000.0,149.0,1603.82,473.87,01 TO 03,71 years,Maisonette,1.35898689332218,103.843324418377
HDB,261 BISHAN ST 22,EXECUTIVE,BISHAN,261 BISHAN ST 22,BISHAN,2021-04-01,895000.0,146.0,1571.53,569.51,01 TO 03,70 years 04 months,Maisonette,1.35898689332218,103.843324418377
HDB,261 BISHAN ST 22,EXECUTIVE,BISHAN,261 BISHAN ST 22,BISHAN,2021-06-01,932888.0,146.0,1571.53,593.62,04 TO 06,70 years 02 months,Maisonette,1.35898689332218,103.843324418377
HDB,261 BISHAN ST 22,EXECUTIVE,BISHAN,261 BISHAN ST 22,BISHAN,2021-09-01,940000.0,146.0,1571.53,598.14,10 TO 12,70 years,Maisonette,1.35898689332218,103.843324418377
HDB,261 BISHAN ST 22,EXECUTIVE,BISHAN,261 BISHAN ST 22,BISHAN,2021-12-01,948000.0,147.0,1582.29,599.13,04 TO 06,69 years 08 months,Maisonette,1.35898689332218,103.843324418377
HDB,261 BISHAN ST 22,EXECUTIVE,BISHAN,261 BISHAN ST 22,BISHAN,2022-01-01,945000.0,147.0,1582.29,597.23,04 TO 06,69 years 07 months,Maisonette,1.35898689332218,103.843324418377
HDB,261 BISHAN ST 22,EXECUTIVE,BISHAN,261 BISHAN ST 22,BISHAN,2023-09-01,1165000.0,146.0,1571.53,741.32,07 TO 09,67 years 11 months,Maisonette,1.35898689332218,103.843324418377
HDB,261 BISHAN ST 22,EXECUTIVE,BISHAN,261 BISHAN ST 22,BISHAN,2024-01-01,1165000.0,151.0,1625.35,716.77,04 TO 06,67 years 07 months,Maisonette,1.35898689332218,103.843324418377
HDB,261 BISHAN ST 22,EXECUTIVE,BISHAN,261 BISHAN ST 22,BISHAN,2024-03-01,1170000.0,147.0,1582.29,739.43,10 TO 12,67 years 06 months,Maisonette,1.35898689332218,103.843324418377
HDB,261 BISHAN ST 22,EXECUTIVE,BISHAN,261 BISHAN ST 22,BISHAN,2024-06-01,1300000.0,149.0,1603.82,810.56,07 TO 09,67 years 03 months,Maisonette,1.35898689332218,103.843324418377
HDB,261 BISHAN ST 22,EXECUTIVE,BISHAN,261 BISHAN ST 22,BISHAN,2024-10-01,1339000.0,149.0,1603.82,834.88,10 TO 12,66 years 11 months,Maisonette,1.35898689332218,103.843324418377
HDB,261 BISHAN ST 22,EXECUTIVE,BISHAN,261 BISHAN ST 22,BISHAN,2025-12-01,1270000.0,149.0,1603.82,791.86,01 TO 03,65 years 09 months,Maisonette,1.35898689332218,103.843324418377
HDB,261 BISHAN ST 22,EXECUTIVE,BISHAN,261 BISHAN ST 22,BISHAN,2025-12-01,1340000.0,151.0,1625.35,824.44,04 TO 06,65 years 08 months,Maisonette,1.35898689332218,103.843324418377
HDB,261 BISHAN ST 22,EXECUTIVE,BISHAN,261 BISHAN ST 22,BISHAN,2026-04-01,1268000.0,146.0,1571.53,806.86,04 TO 06,65 years 04 months,Maisonette,1.35898689332218,103.843324418377
HDB,262 BISHAN ST 22,5 ROOM,BISHAN,262 BISHAN ST 22,BISHAN,2021-04-01,840000.0,133.0,1431.6,586.76,07 TO 09,70 years 04 months,Model A,1.3592501119015,103.842623959859
HDB,262 BISHAN ST 22,5 ROOM,BISHAN,262 BISHAN ST 22,BISHAN,2022-06-01,868000.0,133.0,1431.6,606.32,07 TO 09,69 years 02 months,Model A,1.3592501119015,103.842623959859
HDB,262 BISHAN ST 22,5 ROOM,BISHAN,262 BISHAN ST 22,BISHAN,2023-09-01,970000.0,133.0,1431.6,677.56,10 TO 12,67 years 11 months,Model A,1.3592501119015,103.842623959859
HDB,263 BISHAN ST 22,5 ROOM,BISHAN,263 BISHAN ST 22,BISHAN,2018-04-01,717000.0,133.0,1431.6,500.84,07 TO 09,73 years 04 months,Model A,1.3589002858095,103.842593312869
HDB,263 BISHAN ST 22,5 ROOM,BISHAN,263 BISHAN ST 22,BISHAN,2022-06-01,863000.0,133.0,1431.6,602.82,13 TO 15,69 years 02 months,Model A,1.3589002858095,103.842593312869
HDB,263 BISHAN ST 22,5 ROOM,BISHAN,263 BISHAN ST 22,BISHAN,2022-12-01,1015000.0,133.0,1431.6,709.0,13 TO 15,68 years 08 months,Model A,1.3589002858095,103.842593312869
HDB,264 BISHAN ST 24,5 ROOM,BISHAN,264 BISHAN ST 24,BISHAN,2017-07-01,680000.0,134.0,1442.36,471.45,13 TO 15,74 years 01 month,Model A,1.35865897891792,103.842049817206
HDB,265 BISHAN ST 24,5 ROOM,BISHAN,265 BISHAN ST 24,BISHAN,2021-09-01,780000.0,134.0,1442.36,540.78,04 TO 06,70 years,Model A,1.35831237987584,103.842088235009
HDB,266 BISHAN ST 24,5 ROOM,BISHAN,266 BISHAN ST 24,BISHAN,2018-11-01,650000.0,134.0,1442.36,450.65,10 TO 12,72 years 09 months,Model A,1.35793002051239,103.842088092204
HDB,266 BISHAN ST 24,5 ROOM,BISHAN,266 BISHAN ST 24,BISHAN,2019-06-01,710000.0,134.0,1442.36,492.25,10 TO 12,72 years 02 months,Model A,1.35793002051239,103.842088092204
HDB,266 BISHAN ST 24,5 ROOM,BISHAN,266 BISHAN ST 24,BISHAN,2020-11-01,680000.0,134.0,1442.36,471.45,04 TO 06,70 years 09 months,Model A,1.35793002051239,103.842088092204
HDB,268 BISHAN ST 24,5 ROOM,BISHAN,268 BISHAN ST 24,BISHAN,2024-12-01,1050000.0,134.0,1442.36,727.97,10 TO 12,66 years 09 months,Model A,1.35761490834313,103.842145079114
HDB,270 BISHAN ST 24,5 ROOM,BISHAN,270 BISHAN ST 24,BISHAN,2018-08-01,830000.0,132.0,1420.83,584.16,10 TO 12,73 years,Model A,1.35696105024892,103.842165426934
HDB,270 BISHAN ST 24,5 ROOM,BISHAN,270 BISHAN ST 24,BISHAN,2021-01-01,765000.0,132.0,1420.83,538.42,07 TO 09,70 years 07 months,Model A,1.35696105024892,103.842165426934
HDB,273A BISHAN ST 24,5 ROOM,BISHAN,273A BISHAN ST 24,BISHAN,2017-03-01,810000.0,120.0,1291.67,627.1,01 TO 03,93 years 05 months,DBSS,1.35636621091925,103.843933964667
HDB,273A BISHAN ST 24,5 ROOM,BISHAN,273A BISHAN ST 24,BISHAN,2017-03-01,985000.0,120.0,1291.67,762.58,28 TO 30,93 years 05 months,DBSS,1.35636621091925,103.843933964667
HDB,273A BISHAN ST 24,5 ROOM,BISHAN,273A BISHAN ST 24,BISHAN,2017-05-01,980000.0,120.0,1291.67,758.71,16 TO 18,93 years 04 months,DBSS,1.35636621091925,103.843933964667
HDB,273A BISHAN ST 24,5 ROOM,BISHAN,273A BISHAN ST 24,BISHAN,2017-05-01,1000000.0,120.0,1291.67,774.19,25 TO 27,93 years 03 months,DBSS,1.35636621091925,103.843933964667
HDB,273A BISHAN ST 24,5 ROOM,BISHAN,273A BISHAN ST 24,BISHAN,2017-07-01,1038000.0,120.0,1291.67,803.61,22 TO 24,93 years 02 months,DBSS,1.35636621091925,103.843933964667
HDB,273A BISHAN ST 24,5 ROOM,BISHAN,273A BISHAN ST 24,BISHAN,2017-10-01,985000.0,120.0,1291.67,762.58,22 TO 24,92 years 11 months,DBSS,1.35636621091925,103.843933964667
HDB,273A BISHAN ST 24,5 ROOM,BISHAN,273A BISHAN ST 24,BISHAN,2017-12-01,955000.0,120.0,1291.67,739.35,10 TO 12,92 years 08 months,DBSS,1.35636621091925,103.843933964667
HDB,273A BISHAN ST 24,5 ROOM,BISHAN,273A BISHAN ST 24,BISHAN,2018-06-01,1030000.0,120.0,1291.67,797.42,16 TO 18,92 years 03 months,DBSS,1.35636621091925,103.843933964667
HDB,273A BISHAN ST 24,5 ROOM,BISHAN,273A BISHAN ST 24,BISHAN,2018-12-01,980000.0,120.0,1291.67,758.71,10 TO 12,91 years 09 months,DBSS,1.35636621091925,103.843933964667
HDB,273A BISHAN ST 24,5 ROOM,BISHAN,273A BISHAN ST 24,BISHAN,2019-02-01,968000.0,120.0,1291.67,749.42,07 TO 09,91 years 07 months,DBSS,1.35636621091925,103.843933964667
HDB,273A BISHAN ST 24,5 ROOM,BISHAN,273A BISHAN ST 24,BISHAN,2019-03-01,920000.0,120.0,1291.67,712.26,04 TO 06,91 years 05 months,DBSS,1.35636621091925,103.843933964667
HDB,273A BISHAN ST 24,5 ROOM,BISHAN,273A BISHAN ST 24,BISHAN,2019-06-01,860000.0,120.0,1291.67,665.81,13 TO 15,91 years 03 months,DBSS,1.35636621091925,103.843933964667
HDB,273A BISHAN ST 24,5 ROOM,BISHAN,273A BISHAN ST 24,BISHAN,2020-01-01,860000.0,120.0,1291.67,665.81,13 TO 15,90 years 07 months,DBSS,1.35636621091925,103.843933964667
HDB,273A BISHAN ST 24,5 ROOM,BISHAN,273A BISHAN ST 24,BISHAN,2020-06-01,1070000.0,120.0,1291.67,828.39,19 TO 21,90 years 04 months,DBSS,1.35636621091925,103.843933964667
HDB,273A BISHAN ST 24,5 ROOM,BISHAN,273A BISHAN ST 24,BISHAN,2021-01-01,938000.0,120.0,1291.67,726.19,04 TO 06,89 years 07 months,DBSS,1.35636621091925,103.843933964667
HDB,273A BISHAN ST 24,5 ROOM,BISHAN,273A BISHAN ST 24,BISHAN,2021-01-01,1210000.0,120.0,1291.67,936.77,25 TO 27,89 years 08 months,DBSS,1.35636621091925,103.843933964667
HDB,273A BISHAN ST 24,5 ROOM,BISHAN,273A BISHAN ST 24,BISHAN,2021-06-01,1238800.0,120.0,1291.67,959.07,25 TO 27,89 years 03 months,DBSS,1.35636621091925,103.843933964667
HDB,273A BISHAN ST 24,5 ROOM,BISHAN,273A BISHAN ST 24,BISHAN,2021-07-01,950000.0,120.0,1291.67,735.48,01 TO 03,89 years 03 months,DBSS,1.35636621091925,103.843933964667
HDB,273A BISHAN ST 24,5 ROOM,BISHAN,273A BISHAN ST 24,BISHAN,2021-08-01,1240000.0,120.0,1291.67,960.0,22 TO 24,89 years 01 month,DBSS,1.35636621091925,103.843933964667
HDB,273A BISHAN ST 24,5 ROOM,BISHAN,273A BISHAN ST 24,BISHAN,2021-09-01,1295000.0,120.0,1291.67,1002.58,37 TO 39,89 years,DBSS,1.35636621091925,103.843933964667
HDB,273A BISHAN ST 24,5 ROOM,BISHAN,273A BISHAN ST 24,BISHAN,2022-01-01,1338888.0,120.0,1291.67,1036.56,34 TO 36,88 years 08 months,DBSS,1.35636621091925,103.843933964667
HDB,273A BISHAN ST 24,5 ROOM,BISHAN,273A BISHAN ST 24,BISHAN,2022-06-01,1295000.0,120.0,1291.67,1002.58,16 TO 18,88 years 03 months,DBSS,1.35636621091925,103.843933964667
HDB,273A BISHAN ST 24,5 ROOM,BISHAN,273A BISHAN ST 24,BISHAN,2022-09-01,1330000.0,120.0,1291.67,1029.68,16 TO 18,88 years,DBSS,1.35636621091925,103.843933964667
HDB,273A BISHAN ST 24,5 ROOM,BISHAN,273A BISHAN ST 24,BISHAN,2022-10-01,999000.0,120.0,1291.67,773.42,01 TO 03,88 years,DBSS,1.35636621091925,103.843933964667
HDB,273A BISHAN ST 24,5 ROOM,BISHAN,273A BISHAN ST 24,BISHAN,2023-03-01,1315000.0,120.0,1291.67,1018.06,31 TO 33,87 years 06 months,DBSS,1.35636621091925,103.843933964667
HDB,273A BISHAN ST 24,5 ROOM,BISHAN,273A BISHAN ST 24,BISHAN,2023-03-01,1390000.0,120.0,1291.67,1076.13,34 TO 36,87 years 05 months,DBSS,1.35636621091925,103.843933964667
HDB,273A BISHAN ST 24,5 ROOM,BISHAN,273A BISHAN ST 24,BISHAN,2023-06-01,1400000.0,120.0,1291.67,1083.87,28 TO 30,87 years 03 months,DBSS,1.35636621091925,103.843933964667
HDB,273A BISHAN ST 24,5 ROOM,BISHAN,273A BISHAN ST 24,BISHAN,2023-09-01,1300000.0,120.0,1291.67,1006.45,07 TO 09,87 years,DBSS,1.35636621091925,103.843933964667
HDB,273A BISHAN ST 24,5 ROOM,BISHAN,273A BISHAN ST 24,BISHAN,2026-03-01,1580000.0,120.0,1291.67,1223.22,22 TO 24,84 years 06 months,DBSS,1.35636621091925,103.843933964667
HDB,273B BISHAN ST 24,5 ROOM,BISHAN,273B BISHAN ST 24,BISHAN,2017-02-01,890000.0,120.0,1291.67,689.03,01 TO 03,93 years 07 months,DBSS,1.35607299328811,103.843470177697
HDB,273B BISHAN ST 24,5 ROOM,BISHAN,273B BISHAN ST 24,BISHAN,2017-02-01,1180000.0,120.0,1291.67,913.55,40 TO 42,93 years 07 months,DBSS,1.35607299328811,103.843470177697
HDB,273B BISHAN ST 24,5 ROOM,BISHAN,273B BISHAN ST 24,BISHAN,2017-03-01,935000.0,120.0,1291.67,723.87,16 TO 18,93 years 06 months,DBSS,1.35607299328811,103.843470177697
HDB,273B BISHAN ST 24,5 ROOM,BISHAN,273B BISHAN ST 24,BISHAN,2017-04-01,950000.0,120.0,1291.67,735.48,22 TO 24,93 years 04 months,DBSS,1.35607299328811,103.843470177697
HDB,273B BISHAN ST 24,5 ROOM,BISHAN,273B BISHAN ST 24,BISHAN,2017-04-01,995000.0,120.0,1291.67,770.32,25 TO 27,93 years 04 months,DBSS,1.35607299328811,103.843470177697
HDB,273B BISHAN ST 24,5 ROOM,BISHAN,273B BISHAN ST 24,BISHAN,2017-05-01,875000.0,120.0,1291.67,677.42,01 TO 03,93 years 04 months,DBSS,1.35607299328811,103.843470177697
HDB,273B BISHAN ST 24,5 ROOM,BISHAN,273B BISHAN ST 24,BISHAN,2017-05-01,1006000.0,120.0,1291.67,778.84,31 TO 33,93 years 03 months,DBSS,1.35607299328811,103.843470177697
HDB,273B BISHAN ST 24,5 ROOM,BISHAN,273B BISHAN ST 24,BISHAN,2017-08-01,938000.0,120.0,1291.67,726.19,07 TO 09,92 years 11 months,DBSS,1.35607299328811,103.843470177697
HDB,273B BISHAN ST 24,5 ROOM,BISHAN,273B BISHAN ST 24,BISHAN,2017-08-01,1005000.0,120.0,1291.67,778.06,13 TO 15,93 years,DBSS,1.35607299328811,103.843470177697
HDB,273B BISHAN ST 24,5 ROOM,BISHAN,273B BISHAN ST 24,BISHAN,2017-09-01,1055000.0,120.0,1291.67,816.77,13 TO 15,92 years 11 months,DBSS,1.35607299328811,103.843470177697
HDB,273B BISHAN ST 24,5 ROOM,BISHAN,273B BISHAN ST 24,BISHAN,2017-11-01,1020000.0,120.0,1291.67,789.68,25 TO 27,92 years 10 months,DBSS,1.35607299328811,103.843470177697
HDB,273B BISHAN ST 24,5 ROOM,BISHAN,273B BISHAN ST 24,BISHAN,2017-12-01,990000.0,120.0,1291.67,766.45,28 TO 30,92 years 09 months,DBSS,1.35607299328811,103.843470177697
HDB,273B BISHAN ST 24,5 ROOM,BISHAN,273B BISHAN ST 24,BISHAN,2018-01-01,985000.0,120.0,1291.67,762.58,10 TO 12,92 years 08 months,DBSS,1.35607299328811,103.843470177697
HDB,273B BISHAN ST 24,5 ROOM,BISHAN,273B BISHAN ST 24,BISHAN,2018-03-01,940000.0,120.0,1291.67,727.74,13 TO 15,92 years 06 months,DBSS,1.35607299328811,103.843470177697
HDB,273B BISHAN ST 24,5 ROOM,BISHAN,273B BISHAN ST 24,BISHAN,2018-03-01,950000.0,120.0,1291.67,735.48,34 TO 36,92 years 06 months,DBSS,1.35607299328811,103.843470177697
HDB,273B BISHAN ST 24,5 ROOM,BISHAN,273B BISHAN ST 24,BISHAN,2018-03-01,985000.0,120.0,1291.67,762.58,07 TO 09,92 years 05 months,DBSS,1.35607299328811,103.843470177697
HDB,273B BISHAN ST 24,5 ROOM,BISHAN,273B BISHAN ST 24,BISHAN,2018-04-01,970000.0,120.0,1291.67,750.97,19 TO 21,92 years 05 months,DBSS,1.35607299328811,103.843470177697
HDB,273B BISHAN ST 24,5 ROOM,BISHAN,273B BISHAN ST 24,BISHAN,2018-04-01,1068000.0,120.0,1291.67,826.84,31 TO 33,92 years 04 months,DBSS,1.35607299328811,103.843470177697
HDB,273B BISHAN ST 24,5 ROOM,BISHAN,273B BISHAN ST 24,BISHAN,2018-08-01,1020000.0,120.0,1291.67,789.68,25 TO 27,92 years,DBSS,1.35607299328811,103.843470177697
HDB,273B BISHAN ST 24,5 ROOM,BISHAN,273B BISHAN ST 24,BISHAN,2018-09-01,990000.0,120.0,1291.67,766.45,16 TO 18,91 years 11 months,DBSS,1.35607299328811,103.843470177697
HDB,273B BISHAN ST 24,5 ROOM,BISHAN,273B BISHAN ST 24,BISHAN,2018-09-01,1080000.0,120.0,1291.67,836.13,28 TO 30,92 years,DBSS,1.35607299328811,103.843470177697
HDB,273B BISHAN ST 24,5 ROOM,BISHAN,273B BISHAN ST 24,BISHAN,2018-10-01,857500.0,120.0,1291.67,663.87,01 TO 03,91 years 10 months,DBSS,1.35607299328811,103.843470177697
HDB,273B BISHAN ST 24,5 ROOM,BISHAN,273B BISHAN ST 24,BISHAN,2019-02-01,840000.0,120.0,1291.67,650.32,01 TO 03,91 years 07 months,DBSS,1.35607299328811,103.843470177697
HDB,273B BISHAN ST 24,5 ROOM,BISHAN,273B BISHAN ST 24,BISHAN,2019-04-01,1056000.0,120.0,1291.67,817.55,34 TO 36,91 years 05 months,DBSS,1.35607299328811,103.843470177697
HDB,273B BISHAN ST 24,5 ROOM,BISHAN,273B BISHAN ST 24,BISHAN,2019-07-01,1050000.0,120.0,1291.67,812.9,10 TO 12,91 years 01 month,DBSS,1.35607299328811,103.843470177697
HDB,273B BISHAN ST 24,5 ROOM,BISHAN,273B BISHAN ST 24,BISHAN,2019-08-01,1065000.0,120.0,1291.67,824.52,22 TO 24,90 years 11 months,DBSS,1.35607299328811,103.843470177697
HDB,273B BISHAN ST 24,5 ROOM,BISHAN,273B BISHAN ST 24,BISHAN,2020-03-01,1082000.0,120.0,1291.67,837.68,19 TO 21,90 years 06 months,DBSS,1.35607299328811,103.843470177697
HDB,273B BISHAN ST 24,5 ROOM,BISHAN,273B BISHAN ST 24,BISHAN,2020-03-01,825000.0,120.0,1291.67,638.71,04 TO 06,90 years 05 months,DBSS,1.35607299328811,103.843470177697
HDB,273B BISHAN ST 24,5 ROOM,BISHAN,273B BISHAN ST 24,BISHAN,2020-07-01,1050000.0,120.0,1291.67,812.9,13 TO 15,90 years 03 months,DBSS,1.35607299328811,103.843470177697
HDB,273B BISHAN ST 24,5 ROOM,BISHAN,273B BISHAN ST 24,BISHAN,2020-08-01,830000.0,120.0,1291.67,642.58,01 TO 03,89 years 11 months,DBSS,1.35607299328811,103.843470177697
HDB,273B BISHAN ST 24,5 ROOM,BISHAN,273B BISHAN ST 24,BISHAN,2020-11-01,950000.0,120.0,1291.67,735.48,31 TO 33,89 years 10 months,DBSS,1.35607299328811,103.843470177697
HDB,273B BISHAN ST 24,5 ROOM,BISHAN,273B BISHAN ST 24,BISHAN,2020-12-01,1218888.0,120.0,1291.67,943.65,25 TO 27,89 years 09 months,DBSS,1.35607299328811,103.843470177697
HDB,273B BISHAN ST 24,5 ROOM,BISHAN,273B BISHAN ST 24,BISHAN,2021-01-01,990000.0,120.0,1291.67,766.45,07 TO 09,89 years 08 months,DBSS,1.35607299328811,103.843470177697
HDB,273B BISHAN ST 24,5 ROOM,BISHAN,273B BISHAN ST 24,BISHAN,2021-03-01,1030000.0,120.0,1291.67,797.42,10 TO 12,89 years 06 months,DBSS,1.35607299328811,103.843470177697
HDB,273B BISHAN ST 24,5 ROOM,BISHAN,273B BISHAN ST 24,BISHAN,2021-03-01,1220000.0,120.0,1291.67,944.52,28 TO 30,89 years 06 months,DBSS,1.35607299328811,103.843470177697
HDB,273B BISHAN ST 24,5 ROOM,BISHAN,273B BISHAN ST 24,BISHAN,2021-04-01,1250000.0,120.0,1291.67,967.74,31 TO 33,89 years 05 months,DBSS,1.35607299328811,103.843470177697
HDB,273B BISHAN ST 24,5 ROOM,BISHAN,273B BISHAN ST 24,BISHAN,2021-05-01,1140000.0,120.0,1291.67,882.58,16 TO 18,89 years 04 months,DBSS,1.35607299328811,103.843470177697
HDB,273B BISHAN ST 24,5 ROOM,BISHAN,273B BISHAN ST 24,BISHAN,2021-10-01,1260000.0,120.0,1291.67,975.48,22 TO 24,88 years 11 months,DBSS,1.35607299328811,103.843470177697
HDB,273B BISHAN ST 24,5 ROOM,BISHAN,273B BISHAN ST 24,BISHAN,2021-12-01,1208000.0,120.0,1291.67,935.22,10 TO 12,88 years 09 months,DBSS,1.35607299328811,103.843470177697
HDB,273B BISHAN ST 24,5 ROOM,BISHAN,273B BISHAN ST 24,BISHAN,2021-12-01,1360000.0,120.0,1291.67,1052.9,37 TO 39,88 years 10 months,DBSS,1.35607299328811,103.843470177697
HDB,273B BISHAN ST 24,5 ROOM,BISHAN,273B BISHAN ST 24,BISHAN,2022-03-01,1270000.0,120.0,1291.67,983.22,31 TO 33,88 years 06 months,DBSS,1.35607299328811,103.843470177697
HDB,273B BISHAN ST 24,5 ROOM,BISHAN,273B BISHAN ST 24,BISHAN,2022-06-01,1270000.0,120.0,1291.67,983.22,25 TO 27,88 years 03 months,DBSS,1.35607299328811,103.843470177697
HDB,273B BISHAN ST 24,5 ROOM,BISHAN,273B BISHAN ST 24,BISHAN,2022-07-01,1238000.0,120.0,1291.67,958.45,07 TO 09,88 years 02 months,DBSS,1.35607299328811,103.843470177697
HDB,273B BISHAN ST 24,5 ROOM,BISHAN,273B BISHAN ST 24,BISHAN,2022-08-01,1250000.0,120.0,1291.67,967.74,16 TO 18,88 years 01 month,DBSS,1.35607299328811,103.843470177697
HDB,273B BISHAN ST 24,5 ROOM,BISHAN,273B BISHAN ST 24,BISHAN,2022-11-01,1228000.0,120.0,1291.67,950.71,04 TO 06,87 years 10 months,DBSS,1.35607299328811,103.843470177697
HDB,273B BISHAN ST 24,5 ROOM,BISHAN,273B BISHAN ST 24,BISHAN,2022-12-01,1085000.0,120.0,1291.67,840.0,01 TO 03,87 years 10 months,DBSS,1.35607299328811,103.843470177697
HDB,273B BISHAN ST 24,5 ROOM,BISHAN,273B BISHAN ST 24,BISHAN,2022-12-01,1290000.0,120.0,1291.67,998.71,22 TO 24,87 years 10 months,DBSS,1.35607299328811,103.843470177697
HDB,273B BISHAN ST 24,5 ROOM,BISHAN,273B BISHAN ST 24,BISHAN,2023-09-01,1430000.0,120.0,1291.67,1107.1,34 TO 36,87 years,DBSS,1.35607299328811,103.843470177697
HDB,273B BISHAN ST 24,5 ROOM,BISHAN,273B BISHAN ST 24,BISHAN,2024-01-01,1458000.0,120.0,1291.67,1128.77,40 TO 42,86 years 08 months,DBSS,1.35607299328811,103.843470177697
HDB,273B BISHAN ST 24,5 ROOM,BISHAN,273B BISHAN ST 24,BISHAN,2024-03-01,1320000.0,120.0,1291.67,1021.93,04 TO 06,86 years 06 months,DBSS,1.35607299328811,103.843470177697
HDB,273B BISHAN ST 24,5 ROOM,BISHAN,273B BISHAN ST 24,BISHAN,2024-06-01,1336000.0,120.0,1291.67,1034.32,04 TO 06,86 years 03 months,DBSS,1.35607299328811,103.843470177697
HDB,273B BISHAN ST 24,5 ROOM,BISHAN,273B BISHAN ST 24,BISHAN,2025-02-01,1440000.0,120.0,1291.67,1114.84,16 TO 18,85 years 08 months,DBSS,1.35607299328811,103.843470177697
HDB,273B BISHAN ST 24,5 ROOM,BISHAN,273B BISHAN ST 24,BISHAN,2025-03-01,1400000.0,120.0,1291.67,1083.87,07 TO 09,85 years 07 months,DBSS,1.35607299328811,103.843470177697
HDB,273B BISHAN ST 24,5 ROOM,BISHAN,273B BISHAN ST 24,BISHAN,2025-06-01,1510000.0,120.0,1291.67,1169.03,28 TO 30,85 years 03 months,DBSS,1.35607299328811,103.843470177697
HDB,273B BISHAN ST 24,5 ROOM,BISHAN,273B BISHAN ST 24,BISHAN,2025-11-01,1330000.0,120.0,1291.67,1029.68,04 TO 06,84 years 11 months,DBSS,1.35607299328811,103.843470177697
HDB,273B BISHAN ST 24,5 ROOM,BISHAN,273B BISHAN ST 24,BISHAN,2026-07-01,1580000.0,120.0,1291.67,1223.22,28 TO 30,84 years 02 months,DBSS,1.35607299328811,103.843470177697
HDB,275A BISHAN ST 24,5 ROOM,BISHAN,275A BISHAN ST 24,BISHAN,2017-01-01,830000.0,120.0,1291.67,642.58,04 TO 06,93 years 08 months,DBSS,1.35673539047075,103.843519752733
HDB,275A BISHAN ST 24,5 ROOM,BISHAN,275A BISHAN ST 24,BISHAN,2017-02-01,840000.0,120.0,1291.67,650.32,01 TO 03,93 years 07 months,DBSS,1.35673539047075,103.843519752733
HDB,275A BISHAN ST 24,5 ROOM,BISHAN,275A BISHAN ST 24,BISHAN,2017-03-01,1000000.0,120.0,1291.67,774.19,31 TO 33,93 years 05 months,DBSS,1.35673539047075,103.843519752733
HDB,275A BISHAN ST 24,5 ROOM,BISHAN,275A BISHAN ST 24,BISHAN,2017-04-01,960000.0,120.0,1291.67,743.23,22 TO 24,93 years 04 months,DBSS,1.35673539047075,103.843519752733
HDB,275A BISHAN ST 24,5 ROOM,BISHAN,275A BISHAN ST 24,BISHAN,2017-05-01,950000.0,120.0,1291.67,735.48,19 TO 21,93 years 03 months,DBSS,1.35673539047075,103.843519752733
HDB,275A BISHAN ST 24,5 ROOM,BISHAN,275A BISHAN ST 24,BISHAN,2017-06-01,1000000.0,120.0,1291.67,774.19,19 TO 21,93 years 03 months,DBSS,1.35673539047075,103.843519752733
HDB,275A BISHAN ST 24,5 ROOM,BISHAN,275A BISHAN ST 24,BISHAN,2017-06-01,1028888.0,120.0,1291.67,796.56,34 TO 36,93 years 03 months,DBSS,1.35673539047075,103.843519752733
HDB,275A BISHAN ST 24,5 ROOM,BISHAN,275A BISHAN ST 24,BISHAN,2017-07-01,1028888.0,120.0,1291.67,796.56,37 TO 39,93 years 01 month,DBSS,1.35673539047075,103.843519752733
HDB,275A BISHAN ST 24,5 ROOM,BISHAN,275A BISHAN ST 24,BISHAN,2017-07-01,1050000.0,120.0,1291.67,812.9,34 TO 36,93 years 02 months,DBSS,1.35673539047075,103.843519752733
HDB,275A BISHAN ST 24,5 ROOM,BISHAN,275A BISHAN ST 24,BISHAN,2017-10-01,855000.0,120.0,1291.67,661.93,04 TO 06,92 years 10 months,DBSS,1.35673539047075,103.843519752733
HDB,275A BISHAN ST 24,5 ROOM,BISHAN,275A BISHAN ST 24,BISHAN,2017-12-01,1030000.0,120.0,1291.67,797.42,37 TO 39,92 years 09 months,DBSS,1.35673539047075,103.843519752733
HDB,275A BISHAN ST 24,5 ROOM,BISHAN,275A BISHAN ST 24,BISHAN,2017-12-01,900000.0,120.0,1291.67,696.77,04 TO 06,92 years 08 months,DBSS,1.35673539047075,103.843519752733
HDB,275A BISHAN ST 24,5 ROOM,BISHAN,275A BISHAN ST 24,BISHAN,2017-12-01,760000.0,120.0,1291.67,588.39,01 TO 03,92 years 08 months,DBSS,1.35673539047075,103.843519752733
HDB,275A BISHAN ST 24,5 ROOM,BISHAN,275A BISHAN ST 24,BISHAN,2017-12-01,978000.0,120.0,1291.67,757.16,13 TO 15,92 years 09 months,DBSS,1.35673539047075,103.843519752733
HDB,275A BISHAN ST 24,5 ROOM,BISHAN,275A BISHAN ST 24,BISHAN,2018-02-01,988888.0,120.0,1291.67,765.59,16 TO 18,92 years 07 months,DBSS,1.35673539047075,103.843519752733
HDB,275A BISHAN ST 24,5 ROOM,BISHAN,275A BISHAN ST 24,BISHAN,2018-04-01,970000.0,120.0,1291.67,750.97,13 TO 15,92 years 05 months,DBSS,1.35673539047075,103.843519752733
HDB,275A BISHAN ST 24,5 ROOM,BISHAN,275A BISHAN ST 24,BISHAN,2018-06-01,990000.0,120.0,1291.67,766.45,16 TO 18,92 years 04 months,DBSS,1.35673539047075,103.843519752733
HDB,275A BISHAN ST 24,5 ROOM,BISHAN,275A BISHAN ST 24,BISHAN,2018-09-01,1000000.0,120.0,1291.67,774.19,22 TO 24,91 years 11 months,DBSS,1.35673539047075,103.843519752733
HDB,275A BISHAN ST 24,5 ROOM,BISHAN,275A BISHAN ST 24,BISHAN,2018-10-01,1076000.0,120.0,1291.67,833.03,34 TO 36,91 years 11 months,DBSS,1.35673539047075,103.843519752733
HDB,275A BISHAN ST 24,5 ROOM,BISHAN,275A BISHAN ST 24,BISHAN,2019-03-01,996000.0,120.0,1291.67,771.1,13 TO 15,91 years 06 months,DBSS,1.35673539047075,103.843519752733
HDB,275A BISHAN ST 24,5 ROOM,BISHAN,275A BISHAN ST 24,BISHAN,2019-05-01,1080000.0,120.0,1291.67,836.13,28 TO 30,91 years 04 months,DBSS,1.35673539047075,103.843519752733
HDB,275A BISHAN ST 24,5 ROOM,BISHAN,275A BISHAN ST 24,BISHAN,2019-06-01,1000000.0,120.0,1291.67,774.19,31 TO 33,91 years 02 months,DBSS,1.35673539047075,103.843519752733
HDB,275A BISHAN ST 24,5 ROOM,BISHAN,275A BISHAN ST 24,BISHAN,2019-08-01,1000000.0,120.0,1291.67,774.19,19 TO 21,90 years 11 months,DBSS,1.35673539047075,103.843519752733
HDB,275A BISHAN ST 24,5 ROOM,BISHAN,275A BISHAN ST 24,BISHAN,2019-11-01,988000.0,120.0,1291.67,764.9,07 TO 09,90 years 09 months,DBSS,1.35673539047075,103.843519752733
HDB,275A BISHAN ST 24,5 ROOM,BISHAN,275A BISHAN ST 24,BISHAN,2020-06-01,970000.0,120.0,1291.67,750.97,07 TO 09,90 years 04 months,DBSS,1.35673539047075,103.843519752733
HDB,275A BISHAN ST 24,5 ROOM,BISHAN,275A BISHAN ST 24,BISHAN,2020-07-01,1060000.0,120.0,1291.67,820.64,28 TO 30,90 years 03 months,DBSS,1.35673539047075,103.843519752733
HDB,275A BISHAN ST 24,5 ROOM,BISHAN,275A BISHAN ST 24,BISHAN,2020-08-01,840000.0,120.0,1291.67,650.32,04 TO 06,90 years 01 month,DBSS,1.35673539047075,103.843519752733
HDB,275A BISHAN ST 24,5 ROOM,BISHAN,275A BISHAN ST 24,BISHAN,2020-08-01,1080000.0,120.0,1291.67,836.13,22 TO 24,90 years,DBSS,1.35673539047075,103.843519752733
HDB,275A BISHAN ST 24,5 ROOM,BISHAN,275A BISHAN ST 24,BISHAN,2020-09-01,965000.0,120.0,1291.67,747.1,13 TO 15,90 years,DBSS,1.35673539047075,103.843519752733
HDB,275A BISHAN ST 24,5 ROOM,BISHAN,275A BISHAN ST 24,BISHAN,2020-10-01,1208000.0,120.0,1291.67,935.22,28 TO 30,89 years 11 months,DBSS,1.35673539047075,103.843519752733
HDB,275A BISHAN ST 24,5 ROOM,BISHAN,275A BISHAN ST 24,BISHAN,2020-12-01,1180000.0,120.0,1291.67,913.55,34 TO 36,89 years 09 months,DBSS,1.35673539047075,103.843519752733
HDB,275A BISHAN ST 24,5 ROOM,BISHAN,275A BISHAN ST 24,BISHAN,2020-12-01,1075000.0,120.0,1291.67,832.26,37 TO 39,89 years 09 months,DBSS,1.35673539047075,103.843519752733
HDB,275A BISHAN ST 24,5 ROOM,BISHAN,275A BISHAN ST 24,BISHAN,2021-02-01,1045000.0,120.0,1291.67,809.03,13 TO 15,89 years 07 months,DBSS,1.35673539047075,103.843519752733
HDB,275A BISHAN ST 24,5 ROOM,BISHAN,275A BISHAN ST 24,BISHAN,2021-02-01,1160000.0,120.0,1291.67,898.06,34 TO 36,89 years 06 months,DBSS,1.35673539047075,103.843519752733
HDB,275A BISHAN ST 24,5 ROOM,BISHAN,275A BISHAN ST 24,BISHAN,2021-05-01,1020000.0,120.0,1291.67,789.68,07 TO 09,89 years 04 months,DBSS,1.35673539047075,103.843519752733
HDB,275A BISHAN ST 24,5 ROOM,BISHAN,275A BISHAN ST 24,BISHAN,2021-05-01,1128888.0,120.0,1291.67,873.98,25 TO 27,89 years 04 months,DBSS,1.35673539047075,103.843519752733
HDB,275A BISHAN ST 24,5 ROOM,BISHAN,275A BISHAN ST 24,BISHAN,2021-08-01,1280000.0,120.0,1291.67,990.97,25 TO 27,88 years 11 months,DBSS,1.35673539047075,103.843519752733
HDB,275A BISHAN ST 24,5 ROOM,BISHAN,275A BISHAN ST 24,BISHAN,2021-10-01,908000.0,120.0,1291.67,702.97,01 TO 03,88 years 11 months,DBSS,1.35673539047075,103.843519752733
HDB,275A BISHAN ST 24,5 ROOM,BISHAN,275A BISHAN ST 24,BISHAN,2022-01-01,1265000.0,120.0,1291.67,979.35,25 TO 27,88 years 08 months,DBSS,1.35673539047075,103.843519752733
HDB,275A BISHAN ST 24,5 ROOM,BISHAN,275A BISHAN ST 24,BISHAN,2022-03-01,1200000.0,120.0,1291.67,929.03,04 TO 06,88 years 06 months,DBSS,1.35673539047075,103.843519752733
HDB,275A BISHAN ST 24,5 ROOM,BISHAN,275A BISHAN ST 24,BISHAN,2022-06-01,1218000.0,120.0,1291.67,942.97,10 TO 12,88 years 03 months,DBSS,1.35673539047075,103.843519752733
HDB,275A BISHAN ST 24,5 ROOM,BISHAN,275A BISHAN ST 24,BISHAN,2022-06-01,1310000.0,120.0,1291.67,1014.19,28 TO 30,88 years 04 months,DBSS,1.35673539047075,103.843519752733
HDB,275A BISHAN ST 24,5 ROOM,BISHAN,275A BISHAN ST 24,BISHAN,2023-01-01,1200000.0,120.0,1291.67,929.03,04 TO 06,87 years 08 months,DBSS,1.35673539047075,103.843519752733
HDB,275A BISHAN ST 24,5 ROOM,BISHAN,275A BISHAN ST 24,BISHAN,2024-01-01,1311000.0,120.0,1291.67,1014.97,10 TO 12,86 years 08 months,DBSS,1.35673539047075,103.843519752733
HDB,275A BISHAN ST 24,5 ROOM,BISHAN,275A BISHAN ST 24,BISHAN,2024-05-01,1500000.0,120.0,1291.67,1161.29,22 TO 24,86 years 04 months,DBSS,1.35673539047075,103.843519752733
HDB,275A BISHAN ST 24,5 ROOM,BISHAN,275A BISHAN ST 24,BISHAN,2024-06-01,1538000.0,120.0,1291.67,1190.71,28 TO 30,86 years 03 months,DBSS,1.35673539047075,103.843519752733
HDB,275A BISHAN ST 24,5 ROOM,BISHAN,275A BISHAN ST 24,BISHAN,2024-07-01,1568000.0,120.0,1291.67,1213.93,37 TO 39,86 years 03 months,DBSS,1.35673539047075,103.843519752733
HDB,275A BISHAN ST 24,5 ROOM,BISHAN,275A BISHAN ST 24,BISHAN,2024-12-01,1360000.0,120.0,1291.67,1052.9,01 TO 03,85 years 09 months,DBSS,1.35673539047075,103.843519752733
HDB,275A BISHAN ST 24,5 ROOM,BISHAN,275A BISHAN ST 24,BISHAN,2024-12-01,1455000.0,120.0,1291.67,1126.45,16 TO 18,85 years 10 months,DBSS,1.35673539047075,103.843519752733
HDB,275A BISHAN ST 24,5 ROOM,BISHAN,275A BISHAN ST 24,BISHAN,2024-12-01,1539000.0,120.0,1291.67,1191.48,31 TO 33,85 years 10 months,DBSS,1.35673539047075,103.843519752733
HDB,275A BISHAN ST 24,5 ROOM,BISHAN,275A BISHAN ST 24,BISHAN,2025-03-01,1480000.0,120.0,1291.67,1145.81,19 TO 21,85 years 07 months,DBSS,1.35673539047075,103.843519752733
HDB,275A BISHAN ST 24,5 ROOM,BISHAN,275A BISHAN ST 24,BISHAN,2025-04-01,1458000.0,120.0,1291.67,1128.77,16 TO 18,85 years 06 months,DBSS,1.35673539047075,103.843519752733
HDB,275A BISHAN ST 24,5 ROOM,BISHAN,275A BISHAN ST 24,BISHAN,2025-06-01,1500000.0,120.0,1291.67,1161.29,22 TO 24,85 years 03 months,DBSS,1.35673539047075,103.843519752733
HDB,275A BISHAN ST 24,5 ROOM,BISHAN,275A BISHAN ST 24,BISHAN,2025-08-01,1250000.0,120.0,1291.67,967.74,01 TO 03,85 years 02 months,DBSS,1.35673539047075,103.843519752733
HDB,275A BISHAN ST 24,5 ROOM,BISHAN,275A BISHAN ST 24,BISHAN,2025-09-01,1550000.0,120.0,1291.67,1200.0,31 TO 33,85 years 01 month,DBSS,1.35673539047075,103.843519752733
HDB,275A BISHAN ST 24,5 ROOM,BISHAN,275A BISHAN ST 24,BISHAN,2025-11-01,1238888.0,120.0,1291.67,959.14,13 TO 15,84 years 11 months,DBSS,1.35673539047075,103.843519752733
HDB,275A BISHAN ST 24,5 ROOM,BISHAN,275A BISHAN ST 24,BISHAN,2025-11-01,1632000.0,120.0,1291.67,1263.48,34 TO 36,84 years 10 months,DBSS,1.35673539047075,103.843519752733
HDB,275A BISHAN ST 24,5 ROOM,BISHAN,275A BISHAN ST 24,BISHAN,2026-01-01,1420000.0,120.0,1291.67,1099.35,13 TO 15,84 years 09 months,DBSS,1.35673539047075,103.843519752733
HDB,275A BISHAN ST 24,5 ROOM,BISHAN,275A BISHAN ST 24,BISHAN,2026-01-01,1557000.0,120.0,1291.67,1205.42,22 TO 24,84 years 08 months,DBSS,1.35673539047075,103.843519752733
HDB,275A BISHAN ST 24,5 ROOM,BISHAN,275A BISHAN ST 24,BISHAN,2026-02-01,1375800.0,120.0,1291.67,1065.13,01 TO 03,84 years 07 months,DBSS,1.35673539047075,103.843519752733
HDB,278 BISHAN ST 24,EXECUTIVE,BISHAN,278 BISHAN ST 24,BISHAN,2020-06-01,880000.0,149.0,1603.82,548.69,19 TO 21,71 years 04 months,Maisonette,1.3574258202027,103.843541231528
HDB,278 BISHAN ST 24,EXECUTIVE,BISHAN,278 BISHAN ST 24,BISHAN,2023-09-01,1450000.0,172.0,1851.39,783.19,19 TO 21,67 years 11 months,Maisonette,1.3574258202027,103.843541231528
HDB,285 BISHAN ST 22,EXECUTIVE,BISHAN,285 BISHAN ST 22,BISHAN,2022-01-01,1100000.0,149.0,1603.82,685.86,19 TO 21,69 years 07 months,Maisonette,1.35884086169807,103.843854009321
HDB,286 BISHAN ST 24,EXECUTIVE,BISHAN,286 BISHAN ST 24,BISHAN,2018-08-01,960000.0,149.0,1603.82,598.57,22 TO 24,73 years,Maisonette,1.3584375788776,103.843886325616
HDB,286 BISHAN ST 24,EXECUTIVE,BISHAN,286 BISHAN ST 24,BISHAN,2024-02-01,1480000.0,172.0,1851.39,799.4,22 TO 24,67 years 06 months,Maisonette,1.3584375788776,103.843886325616
HDB,286 BISHAN ST 24,EXECUTIVE,BISHAN,286 BISHAN ST 24,BISHAN,2024-05-01,1500000.0,172.0,1851.39,810.2,22 TO 24,67 years 04 months,Maisonette,1.3584375788776,103.843886325616
HDB,286 BISHAN ST 24,EXECUTIVE,BISHAN,286 BISHAN ST 24,BISHAN,2026-05-01,1580000.0,149.0,1603.82,985.15,22 TO 24,65 years 03 months,Maisonette,1.3584375788776,103.843886325616
HDB,288 BISHAN ST 24,5 ROOM,BISHAN,288 BISHAN ST 24,BISHAN,2017-02-01,768000.0,123.0,1323.96,580.08,19 TO 21,80 years 04 months,Premium Apartment,1.35692385325352,103.845156525793
HDB,288 BISHAN ST 24,5 ROOM,BISHAN,288 BISHAN ST 24,BISHAN,2017-04-01,750000.0,121.0,1302.43,575.85,10 TO 12,80 years 02 months,Premium Apartment,1.35692385325352,103.845156525793
HDB,288 BISHAN ST 24,5 ROOM,BISHAN,288 BISHAN ST 24,BISHAN,2018-02-01,758000.0,121.0,1302.43,581.99,19 TO 21,79 years 04 months,Premium Apartment,1.35692385325352,103.845156525793
HDB,288 BISHAN ST 24,5 ROOM,BISHAN,288 BISHAN ST 24,BISHAN,2018-06-01,680000.0,121.0,1302.43,522.1,16 TO 18,79 years 01 month,Premium Apartment,1.35692385325352,103.845156525793
HDB,288 BISHAN ST 24,5 ROOM,BISHAN,288 BISHAN ST 24,BISHAN,2019-07-01,755888.0,121.0,1302.43,580.37,19 TO 21,78 years,Premium Apartment,1.35692385325352,103.845156525793
HDB,288 BISHAN ST 24,5 ROOM,BISHAN,288 BISHAN ST 24,BISHAN,2020-02-01,735000.0,121.0,1302.43,564.33,13 TO 15,77 years 04 months,Premium Apartment,1.35692385325352,103.845156525793
HDB,288 BISHAN ST 24,5 ROOM,BISHAN,288 BISHAN ST 24,BISHAN,2022-03-01,908000.0,123.0,1323.96,685.82,19 TO 21,75 years 03 months,Premium Apartment,1.35692385325352,103.845156525793
HDB,288 BISHAN ST 24,5 ROOM,BISHAN,288 BISHAN ST 24,BISHAN,2022-10-01,805000.0,123.0,1323.96,608.02,13 TO 15,74 years 09 months,Premium Apartment,1.35692385325352,103.845156525793
HDB,288 BISHAN ST 24,5 ROOM,BISHAN,288 BISHAN ST 24,BISHAN,2023-01-01,911000.0,121.0,1302.43,699.46,22 TO 24,74 years 06 months,Premium Apartment,1.35692385325352,103.845156525793
HDB,288 BISHAN ST 24,5 ROOM,BISHAN,288 BISHAN ST 24,BISHAN,2023-08-01,950000.0,121.0,1302.43,729.4,13 TO 15,73 years 10 months,Premium Apartment,1.35692385325352,103.845156525793
HDB,288 BISHAN ST 24,5 ROOM,BISHAN,288 BISHAN ST 24,BISHAN,2023-11-01,910000.0,121.0,1302.43,698.69,16 TO 18,73 years 07 months,Premium Apartment,1.35692385325352,103.845156525793
HDB,288 BISHAN ST 24,5 ROOM,BISHAN,288 BISHAN ST 24,BISHAN,2023-12-01,880000.0,123.0,1323.96,664.67,10 TO 12,73 years 07 months,Premium Apartment,1.35692385325352,103.845156525793
HDB,288 BISHAN ST 24,5 ROOM,BISHAN,288 BISHAN ST 24,BISHAN,2024-09-01,980000.0,121.0,1302.43,752.44,13 TO 15,72 years 10 months,Premium Apartment,1.35692385325352,103.845156525793
HDB,288 BISHAN ST 24,5 ROOM,BISHAN,288 BISHAN ST 24,BISHAN,2024-11-01,1040000.0,123.0,1323.96,785.52,10 TO 12,72 years 08 months,Premium Apartment,1.35692385325352,103.845156525793
HDB,288 BISHAN ST 24,5 ROOM,BISHAN,288 BISHAN ST 24,BISHAN,2025-04-01,1118000.0,121.0,1302.43,858.39,10 TO 12,72 years 03 months,Premium Apartment,1.35692385325352,103.845156525793
HDB,288 BISHAN ST 24,5 ROOM,BISHAN,288 BISHAN ST 24,BISHAN,2025-12-01,1138000.0,123.0,1323.96,859.54,16 TO 18,71 years 07 months,Premium Apartment,1.35692385325352,103.845156525793
HDB,288 BISHAN ST 24,5 ROOM,BISHAN,288 BISHAN ST 24,BISHAN,2026-04-01,1138888.0,123.0,1323.96,860.21,13 TO 15,71 years 03 months,Premium Apartment,1.35692385325352,103.845156525793
HDB,288 BISHAN ST 24,5 ROOM,BISHAN,288 BISHAN ST 24,BISHAN,2026-04-01,1142000.0,121.0,1302.43,876.82,19 TO 21,71 years 02 months,Premium Apartment,1.35692385325352,103.845156525793
HDB,289 BISHAN ST 24,5 ROOM,BISHAN,289 BISHAN ST 24,BISHAN,2018-06-01,670000.0,123.0,1323.96,506.06,07 TO 09,79 years 01 month,Premium Apartment,1.35666114854932,103.844930577727
HDB,289 BISHAN ST 24,5 ROOM,BISHAN,289 BISHAN ST 24,BISHAN,2020-10-01,725000.0,121.0,1302.43,556.65,07 TO 09,76 years 09 months,Premium Apartment,1.35666114854932,103.844930577727
HDB,289 BISHAN ST 24,5 ROOM,BISHAN,289 BISHAN ST 24,BISHAN,2020-11-01,805000.0,123.0,1323.96,608.02,10 TO 12,76 years 08 months,Premium Apartment,1.35666114854932,103.844930577727
HDB,289 BISHAN ST 24,5 ROOM,BISHAN,289 BISHAN ST 24,BISHAN,2022-06-01,880000.0,121.0,1302.43,675.66,07 TO 09,75 years 01 month,Premium Apartment,1.35666114854932,103.844930577727
HDB,289 BISHAN ST 24,5 ROOM,BISHAN,289 BISHAN ST 24,BISHAN,2023-06-01,930000.0,123.0,1323.96,702.44,13 TO 15,74 years 01 month,Premium Apartment,1.35666114854932,103.844930577727
HDB,289 BISHAN ST 24,5 ROOM,BISHAN,289 BISHAN ST 24,BISHAN,2023-07-01,938888.0,123.0,1323.96,709.15,16 TO 18,74 years,Premium Apartment,1.35666114854932,103.844930577727
HDB,289 BISHAN ST 24,5 ROOM,BISHAN,289 BISHAN ST 24,BISHAN,2025-02-01,1070000.0,123.0,1323.96,808.18,19 TO 21,72 years 06 months,Premium Apartment,1.35666114854932,103.844930577727
HDB,289 BISHAN ST 24,5 ROOM,BISHAN,289 BISHAN ST 24,BISHAN,2025-11-01,1050000.0,121.0,1302.43,806.18,19 TO 21,71 years 08 months,Premium Apartment,1.35666114854932,103.844930577727
HDB,290 BISHAN ST 24,5 ROOM,BISHAN,290 BISHAN ST 24,BISHAN,2017-03-01,802000.0,123.0,1323.96,605.76,25 TO 27,80 years 03 months,Premium Apartment,1.35613778516576,103.844897654796
HDB,290 BISHAN ST 24,5 ROOM,BISHAN,290 BISHAN ST 24,BISHAN,2017-11-01,670000.0,123.0,1323.96,506.06,13 TO 15,79 years 09 months,Premium Apartment,1.35613778516576,103.844897654796
HDB,290 BISHAN ST 24,5 ROOM,BISHAN,290 BISHAN ST 24,BISHAN,2018-08-01,745000.0,123.0,1323.96,562.71,07 TO 09,78 years 10 months,Premium Apartment,1.35613778516576,103.844897654796
HDB,290 BISHAN ST 24,5 ROOM,BISHAN,290 BISHAN ST 24,BISHAN,2018-11-01,813888.0,121.0,1302.43,624.9,16 TO 18,78 years 08 months,Premium Apartment,1.35613778516576,103.844897654796
HDB,290 BISHAN ST 24,5 ROOM,BISHAN,290 BISHAN ST 24,BISHAN,2019-04-01,665000.0,123.0,1323.96,502.28,10 TO 12,78 years 02 months,Premium Apartment,1.35613778516576,103.844897654796
HDB,290 BISHAN ST 24,5 ROOM,BISHAN,290 BISHAN ST 24,BISHAN,2020-03-01,740000.0,123.0,1323.96,558.93,19 TO 21,77 years 03 months,Premium Apartment,1.35613778516576,103.844897654796
HDB,290 BISHAN ST 24,5 ROOM,BISHAN,290 BISHAN ST 24,BISHAN,2020-09-01,838000.0,123.0,1323.96,632.95,25 TO 27,76 years 10 months,Premium Apartment,1.35613778516576,103.844897654796
HDB,290 BISHAN ST 24,5 ROOM,BISHAN,290 BISHAN ST 24,BISHAN,2021-11-01,780000.0,123.0,1323.96,589.14,16 TO 18,75 years 08 months,Premium Apartment,1.35613778516576,103.844897654796
HDB,290 BISHAN ST 24,5 ROOM,BISHAN,290 BISHAN ST 24,BISHAN,2021-12-01,870000.0,123.0,1323.96,657.12,16 TO 18,75 years 07 months,Premium Apartment,1.35613778516576,103.844897654796
HDB,290 BISHAN ST 24,5 ROOM,BISHAN,290 BISHAN ST 24,BISHAN,2022-09-01,975000.0,121.0,1302.43,748.6,19 TO 21,74 years 10 months,Premium Apartment,1.35613778516576,103.844897654796
HDB,290 BISHAN ST 24,5 ROOM,BISHAN,290 BISHAN ST 24,BISHAN,2023-10-01,925000.0,121.0,1302.43,710.21,13 TO 15,73 years 09 months,Premium Apartment,1.35613778516576,103.844897654796
HDB,290 BISHAN ST 24,5 ROOM,BISHAN,290 BISHAN ST 24,BISHAN,2023-11-01,840000.0,121.0,1302.43,644.95,07 TO 09,73 years 08 months,Premium Apartment,1.35613778516576,103.844897654796
HDB,290 BISHAN ST 24,5 ROOM,BISHAN,290 BISHAN ST 24,BISHAN,2023-12-01,900000.0,121.0,1302.43,691.02,28 TO 30,73 years 07 months,Premium Apartment,1.35613778516576,103.844897654796
HDB,290 BISHAN ST 24,5 ROOM,BISHAN,290 BISHAN ST 24,BISHAN,2024-03-01,1030888.0,123.0,1323.96,778.64,19 TO 21,73 years 04 months,Premium Apartment,1.35613778516576,103.844897654796
HDB,290 BISHAN ST 24,5 ROOM,BISHAN,290 BISHAN ST 24,BISHAN,2024-04-01,1018000.0,121.0,1302.43,781.61,10 TO 12,73 years 04 months,Premium Apartment,1.35613778516576,103.844897654796
HDB,290 BISHAN ST 24,5 ROOM,BISHAN,290 BISHAN ST 24,BISHAN,2024-07-01,935100.0,121.0,1302.43,717.96,04 TO 06,73 years 01 month,Premium Apartment,1.35613778516576,103.844897654796
HDB,290 BISHAN ST 24,5 ROOM,BISHAN,290 BISHAN ST 24,BISHAN,2024-08-01,1100000.0,123.0,1323.96,830.84,13 TO 15,72 years 11 months,Premium Apartment,1.35613778516576,103.844897654796
HDB,290 BISHAN ST 24,5 ROOM,BISHAN,290 BISHAN ST 24,BISHAN,2025-01-01,1068888.0,121.0,1302.43,820.69,22 TO 24,72 years 07 months,Premium Apartment,1.35613778516576,103.844897654796
HDB,290 BISHAN ST 24,5 ROOM,BISHAN,290 BISHAN ST 24,BISHAN,2025-05-01,1075000.0,123.0,1323.96,811.96,10 TO 12,72 years 02 months,Premium Apartment,1.35613778516576,103.844897654796
HDB,290 BISHAN ST 24,5 ROOM,BISHAN,290 BISHAN ST 24,BISHAN,2025-09-01,1035000.0,123.0,1323.96,781.75,28 TO 30,71 years 10 months,Premium Apartment,1.35613778516576,103.844897654796
HDB,290 BISHAN ST 24,5 ROOM,BISHAN,290 BISHAN ST 24,BISHAN,2026-07-01,1100000.0,123.0,1323.96,830.84,07 TO 09,70 years 11 months,Premium Apartment,1.35613778516576,103.844897654796
HDB,291 BISHAN ST 24,5 ROOM,BISHAN,291 BISHAN ST 24,BISHAN,2017-02-01,738000.0,123.0,1323.96,557.42,13 TO 15,80 years 04 months,Premium Apartment,1.35591015038813,103.845158434779
HDB,291 BISHAN ST 24,5 ROOM,BISHAN,291 BISHAN ST 24,BISHAN,2017-07-01,790000.0,123.0,1323.96,596.69,04 TO 06,79 years 11 months,Premium Apartment,1.35591015038813,103.845158434779
HDB,291 BISHAN ST 24,5 ROOM,BISHAN,291 BISHAN ST 24,BISHAN,2017-10-01,825000.0,123.0,1323.96,623.13,28 TO 30,79 years 08 months,Premium Apartment,1.35591015038813,103.845158434779
HDB,291 BISHAN ST 24,5 ROOM,BISHAN,291 BISHAN ST 24,BISHAN,2017-12-01,826000.0,123.0,1323.96,623.89,25 TO 27,79 years 06 months,Premium Apartment,1.35591015038813,103.845158434779
HDB,291 BISHAN ST 24,5 ROOM,BISHAN,291 BISHAN ST 24,BISHAN,2018-01-01,720000.0,121.0,1302.43,552.81,07 TO 09,79 years 06 months,Premium Apartment,1.35591015038813,103.845158434779
HDB,291 BISHAN ST 24,5 ROOM,BISHAN,291 BISHAN ST 24,BISHAN,2018-02-01,720000.0,123.0,1323.96,543.82,07 TO 09,79 years 04 months,Premium Apartment,1.35591015038813,103.845158434779
HDB,291 BISHAN ST 24,5 ROOM,BISHAN,291 BISHAN ST 24,BISHAN,2018-06-01,757000.0,123.0,1323.96,571.77,04 TO 06,79 years 01 month,Premium Apartment,1.35591015038813,103.845158434779
HDB,291 BISHAN ST 24,5 ROOM,BISHAN,291 BISHAN ST 24,BISHAN,2018-06-01,830000.0,121.0,1302.43,637.27,25 TO 27,79 years 01 month,Premium Apartment,1.35591015038813,103.845158434779
HDB,291 BISHAN ST 24,5 ROOM,BISHAN,291 BISHAN ST 24,BISHAN,2019-04-01,888000.0,123.0,1323.96,670.72,28 TO 30,78 years 02 months,Premium Apartment,1.35591015038813,103.845158434779
HDB,291 BISHAN ST 24,5 ROOM,BISHAN,291 BISHAN ST 24,BISHAN,2019-07-01,868000.0,123.0,1323.96,655.61,25 TO 27,77 years 11 months,Premium Apartment,1.35591015038813,103.845158434779
HDB,291 BISHAN ST 24,5 ROOM,BISHAN,291 BISHAN ST 24,BISHAN,2019-12-01,760000.0,121.0,1302.43,583.52,19 TO 21,77 years 06 months,Premium Apartment,1.35591015038813,103.845158434779
HDB,291 BISHAN ST 24,5 ROOM,BISHAN,291 BISHAN ST 24,BISHAN,2020-01-01,690000.0,121.0,1302.43,529.78,07 TO 09,77 years 05 months,Premium Apartment,1.35591015038813,103.845158434779
HDB,291 BISHAN ST 24,5 ROOM,BISHAN,291 BISHAN ST 24,BISHAN,2020-09-01,750000.0,121.0,1302.43,575.85,10 TO 12,76 years 09 months,Premium Apartment,1.35591015038813,103.845158434779
HDB,291 BISHAN ST 24,5 ROOM,BISHAN,291 BISHAN ST 24,BISHAN,2020-11-01,800000.0,123.0,1323.96,604.25,13 TO 15,76 years 07 months,Premium Apartment,1.35591015038813,103.845158434779
HDB,291 BISHAN ST 24,5 ROOM,BISHAN,291 BISHAN ST 24,BISHAN,2021-03-01,842000.0,121.0,1302.43,646.48,22 TO 24,76 years 04 months,Premium Apartment,1.35591015038813,103.845158434779
HDB,291 BISHAN ST 24,5 ROOM,BISHAN,291 BISHAN ST 24,BISHAN,2021-04-01,850000.0,123.0,1323.96,642.01,07 TO 09,76 years 02 months,Premium Apartment,1.35591015038813,103.845158434779
HDB,291 BISHAN ST 24,5 ROOM,BISHAN,291 BISHAN ST 24,BISHAN,2021-05-01,728000.0,123.0,1323.96,549.87,07 TO 09,76 years 02 months,Premium Apartment,1.35591015038813,103.845158434779
HDB,291 BISHAN ST 24,5 ROOM,BISHAN,291 BISHAN ST 24,BISHAN,2021-11-01,960000.0,121.0,1302.43,737.08,25 TO 27,75 years 08 months,Premium Apartment,1.35591015038813,103.845158434779
HDB,291 BISHAN ST 24,5 ROOM,BISHAN,291 BISHAN ST 24,BISHAN,2023-01-01,938000.0,121.0,1302.43,720.19,25 TO 27,74 years 06 months,Premium Apartment,1.35591015038813,103.845158434779
HDB,291 BISHAN ST 24,5 ROOM,BISHAN,291 BISHAN ST 24,BISHAN,2023-12-01,835000.0,121.0,1302.43,641.11,04 TO 06,73 years 07 months,Premium Apartment,1.35591015038813,103.845158434779
HDB,291 BISHAN ST 24,5 ROOM,BISHAN,291 BISHAN ST 24,BISHAN,2023-12-01,960000.0,123.0,1323.96,725.1,10 TO 12,73 years 07 months,Premium Apartment,1.35591015038813,103.845158434779
HDB,291 BISHAN ST 24,5 ROOM,BISHAN,291 BISHAN ST 24,BISHAN,2024-03-01,900000.0,123.0,1323.96,679.78,13 TO 15,73 years 04 months,Premium Apartment,1.35591015038813,103.845158434779
HDB,291 BISHAN ST 24,5 ROOM,BISHAN,291 BISHAN ST 24,BISHAN,2024-06-01,981000.0,121.0,1302.43,753.21,07 TO 09,73 years 01 month,Premium Apartment,1.35591015038813,103.845158434779
HDB,291 BISHAN ST 24,5 ROOM,BISHAN,291 BISHAN ST 24,BISHAN,2024-08-01,1028888.0,121.0,1302.43,789.97,16 TO 18,72 years 11 months,Premium Apartment,1.35591015038813,103.845158434779
HDB,291 BISHAN ST 24,5 ROOM,BISHAN,291 BISHAN ST 24,BISHAN,2024-11-01,1080000.0,121.0,1302.43,829.22,13 TO 15,72 years 08 months,Premium Apartment,1.35591015038813,103.845158434779
HDB,291 BISHAN ST 24,5 ROOM,BISHAN,291 BISHAN ST 24,BISHAN,2025-09-01,1065000.0,123.0,1323.96,804.41,10 TO 12,71 years 09 months,Premium Apartment,1.35591015038813,103.845158434779
HDB,291 BISHAN ST 24,5 ROOM,BISHAN,291 BISHAN ST 24,BISHAN,2025-12-01,980000.0,123.0,1323.96,740.2,07 TO 09,71 years 07 months,Premium Apartment,1.35591015038813,103.845158434779
HDB,292 BISHAN ST 22,5 ROOM,BISHAN,292 BISHAN ST 22,BISHAN,2017-02-01,790000.0,121.0,1302.43,606.56,16 TO 18,80 years 04 months,Premium Apartment,1.35601736515828,103.845668085918
HDB,292 BISHAN ST 22,5 ROOM,BISHAN,292 BISHAN ST 22,BISHAN,2017-05-01,779000.0,123.0,1323.96,588.39,16 TO 18,80 years 01 month,Premium Apartment,1.35601736515828,103.845668085918
HDB,292 BISHAN ST 22,5 ROOM,BISHAN,292 BISHAN ST 22,BISHAN,2018-03-01,835000.0,123.0,1323.96,630.68,19 TO 21,79 years 03 months,Premium Apartment,1.35601736515828,103.845668085918
HDB,292 BISHAN ST 22,5 ROOM,BISHAN,292 BISHAN ST 22,BISHAN,2018-06-01,750000.0,121.0,1302.43,575.85,07 TO 09,79 years,Premium Apartment,1.35601736515828,103.845668085918
HDB,292 BISHAN ST 22,5 ROOM,BISHAN,292 BISHAN ST 22,BISHAN,2019-05-01,815000.0,123.0,1323.96,615.58,13 TO 15,78 years 01 month,Premium Apartment,1.35601736515828,103.845668085918
HDB,292 BISHAN ST 22,5 ROOM,BISHAN,292 BISHAN ST 22,BISHAN,2020-08-01,780000.0,121.0,1302.43,598.88,07 TO 09,76 years 10 months,Premium Apartment,1.35601736515828,103.845668085918
HDB,292 BISHAN ST 22,5 ROOM,BISHAN,292 BISHAN ST 22,BISHAN,2022-08-01,880000.0,123.0,1323.96,664.67,07 TO 09,74 years 10 months,Premium Apartment,1.35601736515828,103.845668085918
HDB,292 BISHAN ST 22,5 ROOM,BISHAN,292 BISHAN ST 22,BISHAN,2024-01-01,1000000.0,123.0,1323.96,755.31,19 TO 21,73 years 06 months,Premium Apartment,1.35601736515828,103.845668085918
HDB,292 BISHAN ST 22,5 ROOM,BISHAN,292 BISHAN ST 22,BISHAN,2025-04-01,1070000.0,123.0,1323.96,808.18,07 TO 09,72 years 03 months,Premium Apartment,1.35601736515828,103.845668085918
HDB,293 BISHAN ST 22,5 ROOM,BISHAN,293 BISHAN ST 22,BISHAN,2017-03-01,780000.0,123.0,1323.96,589.14,16 TO 18,80 years 03 months,Premium Apartment,1.35628009744133,103.845894054401
HDB,293 BISHAN ST 22,5 ROOM,BISHAN,293 BISHAN ST 22,BISHAN,2017-10-01,805000.0,121.0,1302.43,618.07,13 TO 15,79 years 08 months,Premium Apartment,1.35628009744133,103.845894054401
HDB,293 BISHAN ST 22,5 ROOM,BISHAN,293 BISHAN ST 22,BISHAN,2019-01-01,700000.0,123.0,1323.96,528.72,19 TO 21,78 years 05 months,Premium Apartment,1.35628009744133,103.845894054401
HDB,293 BISHAN ST 22,5 ROOM,BISHAN,293 BISHAN ST 22,BISHAN,2019-01-01,820000.0,123.0,1323.96,619.35,19 TO 21,78 years 05 months,Premium Apartment,1.35628009744133,103.845894054401
HDB,293 BISHAN ST 22,5 ROOM,BISHAN,293 BISHAN ST 22,BISHAN,2019-02-01,788000.0,121.0,1302.43,605.02,10 TO 12,78 years 05 months,Premium Apartment,1.35628009744133,103.845894054401
HDB,293 BISHAN ST 22,5 ROOM,BISHAN,293 BISHAN ST 22,BISHAN,2019-03-01,690000.0,121.0,1302.43,529.78,07 TO 09,78 years 03 months,Premium Apartment,1.35628009744133,103.845894054401
HDB,293 BISHAN ST 22,5 ROOM,BISHAN,293 BISHAN ST 22,BISHAN,2019-08-01,825000.0,121.0,1302.43,633.43,19 TO 21,77 years 10 months,Premium Apartment,1.35628009744133,103.845894054401
HDB,293 BISHAN ST 22,5 ROOM,BISHAN,293 BISHAN ST 22,BISHAN,2019-10-01,821888.0,121.0,1302.43,631.04,16 TO 18,77 years 08 months,Premium Apartment,1.35628009744133,103.845894054401
HDB,293 BISHAN ST 22,5 ROOM,BISHAN,293 BISHAN ST 22,BISHAN,2020-08-01,752000.0,123.0,1323.96,567.99,10 TO 12,76 years 11 months,Premium Apartment,1.35628009744133,103.845894054401
HDB,293 BISHAN ST 22,5 ROOM,BISHAN,293 BISHAN ST 22,BISHAN,2020-09-01,790000.0,123.0,1323.96,596.69,13 TO 15,76 years 09 months,Premium Apartment,1.35628009744133,103.845894054401
HDB,293 BISHAN ST 22,5 ROOM,BISHAN,293 BISHAN ST 22,BISHAN,2021-04-01,735000.0,123.0,1323.96,555.15,07 TO 09,76 years 02 months,Premium Apartment,1.35628009744133,103.845894054401
HDB,293 BISHAN ST 22,5 ROOM,BISHAN,293 BISHAN ST 22,BISHAN,2023-07-01,970000.0,121.0,1302.43,744.76,13 TO 15,73 years 11 months,Premium Apartment,1.35628009744133,103.845894054401
HDB,293 BISHAN ST 22,5 ROOM,BISHAN,293 BISHAN ST 22,BISHAN,2023-08-01,980000.0,121.0,1302.43,752.44,19 TO 21,73 years 11 months,Premium Apartment,1.35628009744133,103.845894054401
HDB,293 BISHAN ST 22,5 ROOM,BISHAN,293 BISHAN ST 22,BISHAN,2024-06-01,1038888.0,123.0,1323.96,784.68,19 TO 21,73 years 01 month,Premium Apartment,1.35628009744133,103.845894054401
HDB,293 BISHAN ST 22,5 ROOM,BISHAN,293 BISHAN ST 22,BISHAN,2025-07-01,1068000.0,121.0,1302.43,820.0,10 TO 12,72 years,Premium Apartment,1.35628009744133,103.845894054401
HDB,293 BISHAN ST 22,5 ROOM,BISHAN,293 BISHAN ST 22,BISHAN,2025-09-01,1133000.0,123.0,1323.96,855.77,19 TO 21,71 years 09 months,Premium Apartment,1.35628009744133,103.845894054401
HDB,293 BISHAN ST 22,5 ROOM,BISHAN,293 BISHAN ST 22,BISHAN,2026-05-01,895000.0,123.0,1323.96,676.0,10 TO 12,71 years 02 months,Premium Apartment,1.35628009744133,103.845894054401
HDB,301 SHUNFU RD,EXECUTIVE,BISHAN,301 SHUNFU RD,BISHAN,2017-08-01,890000.0,148.0,1593.06,558.67,01 TO 03,66 years 11 months,Maisonette,1.34935737197469,103.838327333282
HDB,301 SHUNFU RD,EXECUTIVE,BISHAN,301 SHUNFU RD,BISHAN,2018-02-01,985000.0,148.0,1593.06,618.31,07 TO 09,66 years 05 months,Maisonette,1.34935737197469,103.838327333282
HDB,301 SHUNFU RD,EXECUTIVE,BISHAN,301 SHUNFU RD,BISHAN,2018-07-01,960000.0,150.0,1614.59,594.58,10 TO 12,66 years,Maisonette,1.34935737197469,103.838327333282
HDB,301 SHUNFU RD,EXECUTIVE,BISHAN,301 SHUNFU RD,BISHAN,2018-07-01,1038000.0,148.0,1593.06,651.58,10 TO 12,66 years,Maisonette,1.34935737197469,103.838327333282
HDB,301 SHUNFU RD,EXECUTIVE,BISHAN,301 SHUNFU RD,BISHAN,2018-11-01,948000.0,158.0,1700.7,557.42,01 TO 03,65 years 08 months,Maisonette,1.34935737197469,103.838327333282
HDB,301 SHUNFU RD,EXECUTIVE,BISHAN,301 SHUNFU RD,BISHAN,2018-11-01,1050000.0,158.0,1700.7,617.39,07 TO 09,65 years 08 months,Maisonette,1.34935737197469,103.838327333282
HDB,301 SHUNFU RD,EXECUTIVE,BISHAN,301 SHUNFU RD,BISHAN,2019-02-01,1028000.0,147.0,1582.29,649.69,10 TO 12,65 years 05 months,Maisonette,1.34935737197469,103.838327333282
HDB,301 SHUNFU RD,EXECUTIVE,BISHAN,301 SHUNFU RD,BISHAN,2019-04-01,965000.0,150.0,1614.59,597.68,01 TO 03,65 years 04 months,Maisonette,1.34935737197469,103.838327333282
HDB,301 SHUNFU RD,EXECUTIVE,BISHAN,301 SHUNFU RD,BISHAN,2019-07-01,968000.0,148.0,1593.06,607.64,01 TO 03,65 years 02 months,Maisonette,1.34935737197469,103.838327333282
HDB,301 SHUNFU RD,EXECUTIVE,BISHAN,301 SHUNFU RD,BISHAN,2019-09-01,1040000.0,158.0,1700.7,611.51,07 TO 09,64 years 10 months,Maisonette,1.34935737197469,103.838327333282
HDB,301 SHUNFU RD,EXECUTIVE,BISHAN,301 SHUNFU RD,BISHAN,2020-10-01,990000.0,146.0,1571.53,629.96,07 TO 09,63 years 10 months,Maisonette,1.34935737197469,103.838327333282
HDB,301 SHUNFU RD,EXECUTIVE,BISHAN,301 SHUNFU RD,BISHAN,2021-03-01,998000.0,148.0,1593.06,626.47,10 TO 12,63 years 04 months,Maisonette,1.34935737197469,103.838327333282
HDB,301 SHUNFU RD,EXECUTIVE,BISHAN,301 SHUNFU RD,BISHAN,2021-10-01,935000.0,146.0,1571.53,594.96,04 TO 06,62 years 09 months,Maisonette,1.34935737197469,103.838327333282
HDB,301 SHUNFU RD,EXECUTIVE,BISHAN,301 SHUNFU RD,BISHAN,2021-11-01,1028000.0,148.0,1593.06,645.3,07 TO 09,62 years 10 months,Maisonette,1.34935737197469,103.838327333282
HDB,301 SHUNFU RD,EXECUTIVE,BISHAN,301 SHUNFU RD,BISHAN,2022-01-01,950000.0,148.0,1593.06,596.34,04 TO 06,62 years 06 months,Maisonette,1.34935737197469,103.838327333282
HDB,301 SHUNFU RD,EXECUTIVE,BISHAN,301 SHUNFU RD,BISHAN,2022-07-01,960000.0,146.0,1571.53,610.87,04 TO 06,62 years,Maisonette,1.34935737197469,103.838327333282
HDB,301 SHUNFU RD,EXECUTIVE,BISHAN,301 SHUNFU RD,BISHAN,2022-07-01,1018000.0,146.0,1571.53,647.78,04 TO 06,62 years 01 month,Maisonette,1.34935737197469,103.838327333282
HDB,301 SHUNFU RD,EXECUTIVE,BISHAN,301 SHUNFU RD,BISHAN,2024-01-01,1200000.0,158.0,1700.7,705.59,04 TO 06,60 years 07 months,Maisonette,1.34935737197469,103.838327333282
HDB,301 SHUNFU RD,EXECUTIVE,BISHAN,301 SHUNFU RD,BISHAN,2024-08-01,1120000.0,146.0,1571.53,712.68,01 TO 03,60 years,Maisonette,1.34935737197469,103.838327333282
HDB,301 SHUNFU RD,EXECUTIVE,BISHAN,301 SHUNFU RD,BISHAN,2025-04-01,1270000.0,146.0,1571.53,808.13,01 TO 03,59 years 04 months,Maisonette,1.34935737197469,103.838327333282
HDB,301 SHUNFU RD,EXECUTIVE,BISHAN,301 SHUNFU RD,BISHAN,2025-08-01,1353000.0,148.0,1593.06,849.31,10 TO 12,58 years 11 months,Maisonette,1.34935737197469,103.838327333282
HDB,301 SHUNFU RD,EXECUTIVE,BISHAN,301 SHUNFU RD,BISHAN,2025-12-01,1300000.0,158.0,1700.7,764.39,04 TO 06,58 years 07 months,Maisonette,1.34935737197469,103.838327333282
HDB,301 SHUNFU RD,EXECUTIVE,BISHAN,301 SHUNFU RD,BISHAN,2026-03-01,1420000.0,147.0,1582.29,897.43,10 TO 12,58 years 04 months,Maisonette,1.34935737197469,103.838327333282
HDB,303 SHUNFU RD,5 ROOM,BISHAN,303 SHUNFU RD,BISHAN,2017-01-01,760000.0,121.0,1302.43,583.52,07 TO 09,67 years 02 months,Improved,1.34976942860988,103.83847650474
HDB,303 SHUNFU RD,5 ROOM,BISHAN,303 SHUNFU RD,BISHAN,2018-06-01,828000.0,121.0,1302.43,635.73,07 TO 09,65 years 10 months,Improved,1.34976942860988,103.83847650474
HDB,303 SHUNFU RD,5 ROOM,BISHAN,303 SHUNFU RD,BISHAN,2018-10-01,720000.0,121.0,1302.43,552.81,10 TO 12,65 years 05 months,Improved,1.34976942860988,103.83847650474
HDB,303 SHUNFU RD,5 ROOM,BISHAN,303 SHUNFU RD,BISHAN,2019-01-01,800000.0,121.0,1302.43,614.24,04 TO 06,65 years 03 months,Improved,1.34976942860988,103.83847650474
HDB,303 SHUNFU RD,5 ROOM,BISHAN,303 SHUNFU RD,BISHAN,2019-08-01,750000.0,125.0,1345.49,557.42,01 TO 03,64 years 07 months,Improved,1.34976942860988,103.83847650474
HDB,303 SHUNFU RD,5 ROOM,BISHAN,303 SHUNFU RD,BISHAN,2019-09-01,728000.0,121.0,1302.43,558.95,10 TO 12,64 years 06 months,Improved,1.34976942860988,103.83847650474
HDB,303 SHUNFU RD,5 ROOM,BISHAN,303 SHUNFU RD,BISHAN,2021-04-01,806000.0,126.0,1356.25,594.29,10 TO 12,62 years 11 months,Improved,1.34976942860988,103.83847650474
HDB,303 SHUNFU RD,5 ROOM,BISHAN,303 SHUNFU RD,BISHAN,2022-07-01,900000.0,126.0,1356.25,663.59,07 TO 09,61 years 09 months,Improved,1.34976942860988,103.83847650474
HDB,303 SHUNFU RD,5 ROOM,BISHAN,303 SHUNFU RD,BISHAN,2023-07-01,886000.0,121.0,1302.43,680.27,07 TO 09,60 years 09 months,Improved,1.34976942860988,103.83847650474
HDB,303 SHUNFU RD,5 ROOM,BISHAN,303 SHUNFU RD,BISHAN,2024-02-01,900000.0,121.0,1302.43,691.02,10 TO 12,60 years 03 months,Improved,1.34976942860988,103.83847650474
HDB,303 SHUNFU RD,5 ROOM,BISHAN,303 SHUNFU RD,BISHAN,2024-02-01,905000.0,125.0,1345.49,672.62,10 TO 12,60 years 01 month,Improved,1.34976942860988,103.83847650474
HDB,303 SHUNFU RD,5 ROOM,BISHAN,303 SHUNFU RD,BISHAN,2025-04-01,915000.0,121.0,1302.43,702.53,07 TO 09,58 years 11 months,Improved,1.34976942860988,103.83847650474
HDB,303 SHUNFU RD,5 ROOM,BISHAN,303 SHUNFU RD,BISHAN,2025-05-01,945000.0,121.0,1302.43,725.57,10 TO 12,58 years 11 months,Improved,1.34976942860988,103.83847650474
HDB,310 SHUNFU RD,5 ROOM,BISHAN,310 SHUNFU RD,BISHAN,2017-02-01,600000.0,121.0,1302.43,460.68,01 TO 03,66 years 10 months,Improved,1.35085167873462,103.838679123356
HDB,310 SHUNFU RD,5 ROOM,BISHAN,310 SHUNFU RD,BISHAN,2017-02-01,752500.0,121.0,1302.43,577.77,10 TO 12,66 years 10 months,Improved,1.35085167873462,103.838679123356
HDB,310 SHUNFU RD,5 ROOM,BISHAN,310 SHUNFU RD,BISHAN,2017-06-01,770000.0,121.0,1302.43,591.2,04 TO 06,66 years 06 months,Improved,1.35085167873462,103.838679123356
HDB,310 SHUNFU RD,5 ROOM,BISHAN,310 SHUNFU RD,BISHAN,2018-09-01,708000.0,121.0,1302.43,543.6,01 TO 03,65 years 03 months,Improved,1.35085167873462,103.838679123356
HDB,310 SHUNFU RD,5 ROOM,BISHAN,310 SHUNFU RD,BISHAN,2018-09-01,711000.0,121.0,1302.43,545.9,10 TO 12,65 years 03 months,Improved,1.35085167873462,103.838679123356
HDB,310 SHUNFU RD,5 ROOM,BISHAN,310 SHUNFU RD,BISHAN,2019-05-01,718000.0,125.0,1345.49,533.64,10 TO 12,64 years 08 months,Improved,1.35085167873462,103.838679123356
HDB,310 SHUNFU RD,5 ROOM,BISHAN,310 SHUNFU RD,BISHAN,2019-09-01,690000.0,121.0,1302.43,529.78,04 TO 06,64 years 04 months,Improved,1.35085167873462,103.838679123356
HDB,310 SHUNFU RD,5 ROOM,BISHAN,310 SHUNFU RD,BISHAN,2019-12-01,728888.0,121.0,1302.43,559.64,10 TO 12,64 years,Improved,1.35085167873462,103.838679123356
HDB,310 SHUNFU RD,5 ROOM,BISHAN,310 SHUNFU RD,BISHAN,2021-03-01,710000.0,121.0,1302.43,545.13,10 TO 12,62 years 09 months,Improved,1.35085167873462,103.838679123356
HDB,310 SHUNFU RD,5 ROOM,BISHAN,310 SHUNFU RD,BISHAN,2021-04-01,668000.0,121.0,1302.43,512.89,04 TO 06,62 years 09 months,Improved,1.35085167873462,103.838679123356
HDB,310 SHUNFU RD,5 ROOM,BISHAN,310 SHUNFU RD,BISHAN,2021-06-01,790000.0,125.0,1345.49,587.15,10 TO 12,62 years 07 months,Improved,1.35085167873462,103.838679123356
HDB,310 SHUNFU RD,5 ROOM,BISHAN,310 SHUNFU RD,BISHAN,2022-01-01,710000.0,121.0,1302.43,545.13,10 TO 12,61 years 11 months,Improved,1.35085167873462,103.838679123356
HDB,310 SHUNFU RD,5 ROOM,BISHAN,310 SHUNFU RD,BISHAN,2022-03-01,780000.0,121.0,1302.43,598.88,07 TO 09,61 years 10 months,Improved,1.35085167873462,103.838679123356
HDB,310 SHUNFU RD,5 ROOM,BISHAN,310 SHUNFU RD,BISHAN,2024-07-01,908000.0,121.0,1302.43,697.16,07 TO 09,59 years 06 months,Improved,1.35085167873462,103.838679123356
HDB,310 SHUNFU RD,5 ROOM,BISHAN,310 SHUNFU RD,BISHAN,2024-10-01,943000.0,121.0,1302.43,724.03,10 TO 12,59 years 03 months,Improved,1.35085167873462,103.838679123356
HDB,310 SHUNFU RD,5 ROOM,BISHAN,310 SHUNFU RD,BISHAN,2025-04-01,905000.0,121.0,1302.43,694.85,01 TO 03,58 years 09 months,Improved,1.35085167873462,103.838679123356
HDB,310 SHUNFU RD,5 ROOM,BISHAN,310 SHUNFU RD,BISHAN,2025-08-01,948000.0,121.0,1302.43,727.87,10 TO 12,58 years 05 months,Improved,1.35085167873462,103.838679123356
HDB,312 SHUNFU RD,5 ROOM,BISHAN,312 SHUNFU RD,BISHAN,2017-05-01,808000.0,121.0,1302.43,620.38,04 TO 06,67 years 01 month,Improved,1.35120461586182,103.838716846527
HDB,312 SHUNFU RD,5 ROOM,BISHAN,312 SHUNFU RD,BISHAN,2017-07-01,790000.0,121.0,1302.43,606.56,04 TO 06,66 years 11 months,Improved,1.35120461586182,103.838716846527
HDB,312 SHUNFU RD,5 ROOM,BISHAN,312 SHUNFU RD,BISHAN,2017-12-01,738000.0,121.0,1302.43,566.63,04 TO 06,66 years 06 months,Improved,1.35120461586182,103.838716846527
HDB,312 SHUNFU RD,5 ROOM,BISHAN,312 SHUNFU RD,BISHAN,2018-09-01,750000.0,121.0,1302.43,575.85,04 TO 06,65 years 10 months,Improved,1.35120461586182,103.838716846527
HDB,312 SHUNFU RD,5 ROOM,BISHAN,312 SHUNFU RD,BISHAN,2019-08-01,680000.0,121.0,1302.43,522.1,04 TO 06,64 years 10 months,Improved,1.35120461586182,103.838716846527
HDB,312 SHUNFU RD,5 ROOM,BISHAN,312 SHUNFU RD,BISHAN,2020-11-01,678000.0,121.0,1302.43,520.56,01 TO 03,63 years 08 months,Improved,1.35120461586182,103.838716846527
HDB,312 SHUNFU RD,5 ROOM,BISHAN,312 SHUNFU RD,BISHAN,2020-12-01,730000.0,121.0,1302.43,560.49,10 TO 12,63 years 07 months,Improved,1.35120461586182,103.838716846527
HDB,312 SHUNFU RD,5 ROOM,BISHAN,312 SHUNFU RD,BISHAN,2021-02-01,698000.0,121.0,1302.43,535.92,07 TO 09,63 years 05 months,Improved,1.35120461586182,103.838716846527
HDB,312 SHUNFU RD,5 ROOM,BISHAN,312 SHUNFU RD,BISHAN,2021-02-01,728000.0,121.0,1302.43,558.95,07 TO 09,63 years 05 months,Improved,1.35120461586182,103.838716846527
HDB,312 SHUNFU RD,5 ROOM,BISHAN,312 SHUNFU RD,BISHAN,2021-04-01,720000.0,121.0,1302.43,552.81,01 TO 03,63 years 03 months,Improved,1.35120461586182,103.838716846527
HDB,312 SHUNFU RD,5 ROOM,BISHAN,312 SHUNFU RD,BISHAN,2021-06-01,720000.0,121.0,1302.43,552.81,04 TO 06,63 years 01 month,Improved,1.35120461586182,103.838716846527
HDB,312 SHUNFU RD,5 ROOM,BISHAN,312 SHUNFU RD,BISHAN,2021-07-01,700000.0,121.0,1302.43,537.46,04 TO 06,63 years,Improved,1.35120461586182,103.838716846527
HDB,312 SHUNFU RD,5 ROOM,BISHAN,312 SHUNFU RD,BISHAN,2022-03-01,720000.0,121.0,1302.43,552.81,10 TO 12,62 years 04 months,Improved,1.35120461586182,103.838716846527
HDB,312 SHUNFU RD,5 ROOM,BISHAN,312 SHUNFU RD,BISHAN,2023-05-01,880000.0,121.0,1302.43,675.66,10 TO 12,61 years 01 month,Improved,1.35120461586182,103.838716846527
HDB,312 SHUNFU RD,5 ROOM,BISHAN,312 SHUNFU RD,BISHAN,2023-08-01,818000.0,121.0,1302.43,628.06,01 TO 03,61 years,Improved,1.35120461586182,103.838716846527
HDB,312 SHUNFU RD,5 ROOM,BISHAN,312 SHUNFU RD,BISHAN,2024-06-01,930000.0,121.0,1302.43,714.05,04 TO 06,60 years 01 month,Improved,1.35120461586182,103.838716846527
HDB,401 SIN MING AVE,EXECUTIVE,BISHAN,401 SIN MING AVE,BISHAN,2017-12-01,807000.0,155.0,1668.4,483.7,01 TO 03,66 years 11 months,Maisonette,1.36250549567624,103.833185320675
HDB,401 SIN MING AVE,EXECUTIVE,BISHAN,401 SIN MING AVE,BISHAN,2019-08-01,905000.0,149.0,1603.82,564.28,01 TO 03,65 years 03 months,Maisonette,1.36250549567624,103.833185320675
HDB,401 SIN MING AVE,EXECUTIVE,BISHAN,401 SIN MING AVE,BISHAN,2020-02-01,845000.0,149.0,1603.82,526.87,01 TO 03,64 years 09 months,Maisonette,1.36250549567624,103.833185320675
HDB,401 SIN MING AVE,EXECUTIVE,BISHAN,401 SIN MING AVE,BISHAN,2020-08-01,845000.0,155.0,1668.4,506.47,01 TO 03,64 years 03 months,Maisonette,1.36250549567624,103.833185320675
HDB,401 SIN MING AVE,EXECUTIVE,BISHAN,401 SIN MING AVE,BISHAN,2022-06-01,950000.0,149.0,1603.82,592.34,01 TO 03,62 years 05 months,Maisonette,1.36250549567624,103.833185320675
HDB,401 SIN MING AVE,EXECUTIVE,BISHAN,401 SIN MING AVE,BISHAN,2022-10-01,1020000.0,154.0,1657.64,615.33,01 TO 03,62 years 02 months,Maisonette,1.36250549567624,103.833185320675
HDB,401 SIN MING AVE,EXECUTIVE,BISHAN,401 SIN MING AVE,BISHAN,2023-09-01,1008888.0,149.0,1603.82,629.05,01 TO 03,61 years 03 months,Maisonette,1.36250549567624,103.833185320675
HDB,401 SIN MING AVE,EXECUTIVE,BISHAN,401 SIN MING AVE,BISHAN,2023-11-01,1030000.0,149.0,1603.82,642.22,01 TO 03,61 years 01 month,Maisonette,1.36250549567624,103.833185320675
HDB,401 SIN MING AVE,EXECUTIVE,BISHAN,401 SIN MING AVE,BISHAN,2023-11-01,1088888.0,149.0,1603.82,678.93,01 TO 03,61 years 01 month,Maisonette,1.36250549567624,103.833185320675
HDB,401 SIN MING AVE,EXECUTIVE,BISHAN,401 SIN MING AVE,BISHAN,2026-05-01,1140000.0,155.0,1668.4,683.29,01 TO 03,58 years 07 months,Maisonette,1.36250549567624,103.833185320675
HDB,402 SIN MING AVE,5 ROOM,BISHAN,402 SIN MING AVE,BISHAN,2017-01-01,728888.0,120.0,1291.67,564.3,22 TO 24,68 years,Improved,1.36276886630643,103.832758890176
HDB,402 SIN MING AVE,5 ROOM,BISHAN,402 SIN MING AVE,BISHAN,2017-04-01,710000.0,120.0,1291.67,549.68,19 TO 21,67 years 09 months,Improved,1.36276886630643,103.832758890176
HDB,402 SIN MING AVE,5 ROOM,BISHAN,402 SIN MING AVE,BISHAN,2017-06-01,720000.0,120.0,1291.67,557.42,16 TO 18,67 years 08 months,Improved,1.36276886630643,103.832758890176
HDB,402 SIN MING AVE,5 ROOM,BISHAN,402 SIN MING AVE,BISHAN,2017-07-01,725000.0,120.0,1291.67,561.29,19 TO 21,67 years 06 months,Improved,1.36276886630643,103.832758890176
HDB,402 SIN MING AVE,5 ROOM,BISHAN,402 SIN MING AVE,BISHAN,2017-12-01,650021.0,120.0,1291.67,503.24,10 TO 12,67 years 01 month,Improved,1.36276886630643,103.832758890176
HDB,402 SIN MING AVE,5 ROOM,BISHAN,402 SIN MING AVE,BISHAN,2018-05-01,708000.0,120.0,1291.67,548.13,07 TO 09,66 years 08 months,Improved,1.36276886630643,103.832758890176
HDB,402 SIN MING AVE,5 ROOM,BISHAN,402 SIN MING AVE,BISHAN,2019-04-01,698888.0,120.0,1291.67,541.07,19 TO 21,65 years 09 months,Improved,1.36276886630643,103.832758890176
HDB,402 SIN MING AVE,5 ROOM,BISHAN,402 SIN MING AVE,BISHAN,2019-07-01,720000.0,120.0,1291.67,557.42,22 TO 24,65 years 07 months,Improved,1.36276886630643,103.832758890176
HDB,402 SIN MING AVE,5 ROOM,BISHAN,402 SIN MING AVE,BISHAN,2019-09-01,680000.0,120.0,1291.67,526.45,16 TO 18,65 years 04 months,Improved,1.36276886630643,103.832758890176
HDB,402 SIN MING AVE,5 ROOM,BISHAN,402 SIN MING AVE,BISHAN,2020-03-01,652000.0,120.0,1291.67,504.77,04 TO 06,64 years 10 months,Improved,1.36276886630643,103.832758890176
HDB,402 SIN MING AVE,5 ROOM,BISHAN,402 SIN MING AVE,BISHAN,2020-06-01,690000.0,120.0,1291.67,534.19,13 TO 15,64 years 08 months,Improved,1.36276886630643,103.832758890176
HDB,402 SIN MING AVE,5 ROOM,BISHAN,402 SIN MING AVE,BISHAN,2020-10-01,750000.0,120.0,1291.67,580.64,19 TO 21,64 years 03 months,Improved,1.36276886630643,103.832758890176
HDB,402 SIN MING AVE,5 ROOM,BISHAN,402 SIN MING AVE,BISHAN,2021-03-01,670000.0,120.0,1291.67,518.71,04 TO 06,63 years 11 months,Improved,1.36276886630643,103.832758890176
HDB,402 SIN MING AVE,5 ROOM,BISHAN,402 SIN MING AVE,BISHAN,2021-06-01,715000.0,120.0,1291.67,553.55,04 TO 06,63 years 08 months,Improved,1.36276886630643,103.832758890176
HDB,402 SIN MING AVE,5 ROOM,BISHAN,402 SIN MING AVE,BISHAN,2021-09-01,812000.0,120.0,1291.67,628.64,22 TO 24,63 years 04 months,Improved,1.36276886630643,103.832758890176
HDB,402 SIN MING AVE,5 ROOM,BISHAN,402 SIN MING AVE,BISHAN,2024-11-01,955000.0,120.0,1291.67,739.35,07 TO 09,60 years 03 months,Improved,1.36276886630643,103.832758890176
HDB,402 SIN MING AVE,5 ROOM,BISHAN,402 SIN MING AVE,BISHAN,2025-03-01,1088000.0,120.0,1291.67,842.32,22 TO 24,59 years 10 months,Improved,1.36276886630643,103.832758890176
HDB,402 SIN MING AVE,5 ROOM,BISHAN,402 SIN MING AVE,BISHAN,2025-09-01,1008888.0,120.0,1291.67,781.07,16 TO 18,59 years 04 months,Improved,1.36276886630643,103.832758890176
HDB,402 SIN MING AVE,5 ROOM,BISHAN,402 SIN MING AVE,BISHAN,2026-01-01,900000.0,120.0,1291.67,696.77,04 TO 06,59 years 01 month,Improved,1.36276886630643,103.832758890176
HDB,402 SIN MING AVE,5 ROOM,BISHAN,402 SIN MING AVE,BISHAN,2026-04-01,860000.0,120.0,1291.67,665.81,01 TO 03,58 years 09 months,Improved,1.36276886630643,103.832758890176
HDB,402 SIN MING AVE,5 ROOM,BISHAN,402 SIN MING AVE,BISHAN,2026-05-01,850000.0,120.0,1291.67,658.06,01 TO 03,58 years 09 months,Improved,1.36276886630643,103.832758890176
HDB,404 SIN MING AVE,EXECUTIVE,BISHAN,404 SIN MING AVE,BISHAN,2021-04-01,870000.0,155.0,1668.4,521.46,01 TO 03,64 years 03 months,Maisonette,1.36266292719983,103.834267527044
HDB,404 SIN MING AVE,EXECUTIVE,BISHAN,404 SIN MING AVE,BISHAN,2021-08-01,900000.0,156.0,1679.17,535.98,01 TO 03,64 years,Maisonette,1.36266292719983,103.834267527044
HDB,404 SIN MING AVE,EXECUTIVE,BISHAN,404 SIN MING AVE,BISHAN,2022-01-01,920000.0,155.0,1668.4,551.43,01 TO 03,63 years 07 months,Maisonette,1.36266292719983,103.834267527044
HDB,404 SIN MING AVE,EXECUTIVE,BISHAN,404 SIN MING AVE,BISHAN,2023-03-01,980000.0,154.0,1657.64,591.2,01 TO 03,62 years 05 months,Maisonette,1.36266292719983,103.834267527044
HDB,404 SIN MING AVE,EXECUTIVE,BISHAN,404 SIN MING AVE,BISHAN,2024-01-01,1038888.0,154.0,1657.64,626.73,01 TO 03,61 years 07 months,Maisonette,1.36266292719983,103.834267527044
HDB,404 SIN MING AVE,EXECUTIVE,BISHAN,404 SIN MING AVE,BISHAN,2024-10-01,1080000.0,149.0,1603.82,673.39,01 TO 03,60 years 10 months,Maisonette,1.36266292719983,103.834267527044
HDB,405 SIN MING AVE,5 ROOM,BISHAN,405 SIN MING AVE,BISHAN,2017-02-01,723888.0,120.0,1291.67,560.43,19 TO 21,68 years 04 months,Improved,1.36285292193014,103.834739503381
HDB,405 SIN MING AVE,5 ROOM,BISHAN,405 SIN MING AVE,BISHAN,2017-08-01,750000.0,120.0,1291.67,580.64,19 TO 21,67 years 10 months,Improved,1.36285292193014,103.834739503381
HDB,405 SIN MING AVE,5 ROOM,BISHAN,405 SIN MING AVE,BISHAN,2018-05-01,700000.0,120.0,1291.67,541.93,16 TO 18,67 years 01 month,Improved,1.36285292193014,103.834739503381
HDB,405 SIN MING AVE,5 ROOM,BISHAN,405 SIN MING AVE,BISHAN,2018-08-01,738000.0,120.0,1291.67,571.35,22 TO 24,66 years 10 months,Improved,1.36285292193014,103.834739503381
HDB,405 SIN MING AVE,5 ROOM,BISHAN,405 SIN MING AVE,BISHAN,2018-09-01,750000.0,120.0,1291.67,580.64,19 TO 21,66 years 09 months,Improved,1.36285292193014,103.834739503381
HDB,405 SIN MING AVE,5 ROOM,BISHAN,405 SIN MING AVE,BISHAN,2019-07-01,558000.0,120.0,1291.67,432.0,01 TO 03,65 years 11 months,Improved,1.36285292193014,103.834739503381
HDB,405 SIN MING AVE,5 ROOM,BISHAN,405 SIN MING AVE,BISHAN,2019-09-01,657700.0,120.0,1291.67,509.19,13 TO 15,65 years 09 months,Improved,1.36285292193014,103.834739503381
HDB,405 SIN MING AVE,5 ROOM,BISHAN,405 SIN MING AVE,BISHAN,2019-09-01,700000.0,120.0,1291.67,541.93,22 TO 24,65 years 10 months,Improved,1.36285292193014,103.834739503381
HDB,405 SIN MING AVE,5 ROOM,BISHAN,405 SIN MING AVE,BISHAN,2020-02-01,625000.0,120.0,1291.67,483.87,07 TO 09,65 years 05 months,Improved,1.36285292193014,103.834739503381
HDB,405 SIN MING AVE,5 ROOM,BISHAN,405 SIN MING AVE,BISHAN,2021-01-01,723000.0,120.0,1291.67,559.74,22 TO 24,64 years 06 months,Improved,1.36285292193014,103.834739503381
HDB,405 SIN MING AVE,5 ROOM,BISHAN,405 SIN MING AVE,BISHAN,2021-03-01,670000.0,120.0,1291.67,518.71,07 TO 09,64 years 03 months,Improved,1.36285292193014,103.834739503381
HDB,405 SIN MING AVE,5 ROOM,BISHAN,405 SIN MING AVE,BISHAN,2021-08-01,758888.0,120.0,1291.67,587.53,07 TO 09,63 years 10 months,Improved,1.36285292193014,103.834739503381
HDB,405 SIN MING AVE,5 ROOM,BISHAN,405 SIN MING AVE,BISHAN,2021-12-01,808000.0,120.0,1291.67,625.55,13 TO 15,63 years 07 months,Improved,1.36285292193014,103.834739503381
HDB,405 SIN MING AVE,5 ROOM,BISHAN,405 SIN MING AVE,BISHAN,2022-03-01,735000.0,120.0,1291.67,569.03,07 TO 09,63 years 04 months,Improved,1.36285292193014,103.834739503381
HDB,405 SIN MING AVE,5 ROOM,BISHAN,405 SIN MING AVE,BISHAN,2022-09-01,878888.0,120.0,1291.67,680.43,19 TO 21,62 years 10 months,Improved,1.36285292193014,103.834739503381
HDB,405 SIN MING AVE,5 ROOM,BISHAN,405 SIN MING AVE,BISHAN,2023-10-01,825000.0,120.0,1291.67,638.71,10 TO 12,61 years 08 months,Improved,1.36285292193014,103.834739503381
HDB,405 SIN MING AVE,5 ROOM,BISHAN,405 SIN MING AVE,BISHAN,2024-04-01,942000.0,120.0,1291.67,729.29,16 TO 18,61 years 03 months,Improved,1.36285292193014,103.834739503381
HDB,405 SIN MING AVE,5 ROOM,BISHAN,405 SIN MING AVE,BISHAN,2025-04-01,990000.0,120.0,1291.67,766.45,22 TO 24,60 years 02 months,Improved,1.36285292193014,103.834739503381
HDB,405 SIN MING AVE,5 ROOM,BISHAN,405 SIN MING AVE,BISHAN,2025-06-01,960000.0,120.0,1291.67,743.23,07 TO 09,60 years 01 month,Improved,1.36285292193014,103.834739503381
HDB,405 SIN MING AVE,5 ROOM,BISHAN,405 SIN MING AVE,BISHAN,2026-03-01,970000.0,120.0,1291.67,750.97,13 TO 15,59 years 04 months,Improved,1.36285292193014,103.834739503381
HDB,405 SIN MING AVE,5 ROOM,BISHAN,405 SIN MING AVE,BISHAN,2026-04-01,850000.0,120.0,1291.67,658.06,10 TO 12,59 years 03 months,Improved,1.36285292193014,103.834739503381
HDB,405 SIN MING AVE,5 ROOM,BISHAN,405 SIN MING AVE,BISHAN,2026-07-01,780000.0,120.0,1291.67,603.87,07 TO 09,59 years,Improved,1.36285292193014,103.834739503381
HDB,408 SIN MING AVE,5 ROOM,BISHAN,408 SIN MING AVE,BISHAN,2017-09-01,710000.0,120.0,1291.67,549.68,16 TO 18,67 years 09 months,Improved,1.36334651886138,103.834839633876
HDB,408 SIN MING AVE,5 ROOM,BISHAN,408 SIN MING AVE,BISHAN,2017-12-01,712000.0,120.0,1291.67,551.23,19 TO 21,67 years 07 months,Improved,1.36334651886138,103.834839633876
HDB,408 SIN MING AVE,5 ROOM,BISHAN,408 SIN MING AVE,BISHAN,2018-06-01,730000.0,120.0,1291.67,565.16,19 TO 21,67 years 01 month,Improved,1.36334651886138,103.834839633876
HDB,408 SIN MING AVE,5 ROOM,BISHAN,408 SIN MING AVE,BISHAN,2018-09-01,718000.0,120.0,1291.67,555.87,22 TO 24,66 years 09 months,Improved,1.36334651886138,103.834839633876
HDB,408 SIN MING AVE,5 ROOM,BISHAN,408 SIN MING AVE,BISHAN,2019-03-01,632000.0,120.0,1291.67,489.29,10 TO 12,66 years 03 months,Improved,1.36334651886138,103.834839633876
HDB,408 SIN MING AVE,5 ROOM,BISHAN,408 SIN MING AVE,BISHAN,2019-09-01,630000.0,120.0,1291.67,487.74,04 TO 06,65 years 10 months,Improved,1.36334651886138,103.834839633876
HDB,408 SIN MING AVE,5 ROOM,BISHAN,408 SIN MING AVE,BISHAN,2020-02-01,640000.0,120.0,1291.67,495.48,04 TO 06,65 years 04 months,Improved,1.36334651886138,103.834839633876
HDB,408 SIN MING AVE,5 ROOM,BISHAN,408 SIN MING AVE,BISHAN,2021-11-01,780000.0,120.0,1291.67,603.87,22 TO 24,63 years 07 months,Improved,1.36334651886138,103.834839633876
HDB,408 SIN MING AVE,5 ROOM,BISHAN,408 SIN MING AVE,BISHAN,2022-01-01,832000.0,120.0,1291.67,644.13,13 TO 15,63 years 06 months,Improved,1.36334651886138,103.834839633876
HDB,408 SIN MING AVE,5 ROOM,BISHAN,408 SIN MING AVE,BISHAN,2022-04-01,802800.0,120.0,1291.67,621.52,13 TO 15,63 years 03 months,Improved,1.36334651886138,103.834839633876
HDB,408 SIN MING AVE,5 ROOM,BISHAN,408 SIN MING AVE,BISHAN,2022-05-01,858000.0,120.0,1291.67,664.26,22 TO 24,63 years 02 months,Improved,1.36334651886138,103.834839633876
HDB,408 SIN MING AVE,5 ROOM,BISHAN,408 SIN MING AVE,BISHAN,2022-07-01,825000.0,120.0,1291.67,638.71,07 TO 09,63 years,Improved,1.36334651886138,103.834839633876
HDB,408 SIN MING AVE,5 ROOM,BISHAN,408 SIN MING AVE,BISHAN,2023-03-01,850000.0,120.0,1291.67,658.06,25 TO 27,62 years 03 months,Improved,1.36334651886138,103.834839633876
HDB,408 SIN MING AVE,5 ROOM,BISHAN,408 SIN MING AVE,BISHAN,2023-09-01,875000.0,120.0,1291.67,677.42,16 TO 18,61 years 10 months,Improved,1.36334651886138,103.834839633876
HDB,408 SIN MING AVE,5 ROOM,BISHAN,408 SIN MING AVE,BISHAN,2024-04-01,970000.0,120.0,1291.67,750.97,22 TO 24,61 years 06 months,Improved,1.36334651886138,103.834839633876
HDB,408 SIN MING AVE,5 ROOM,BISHAN,408 SIN MING AVE,BISHAN,2024-12-01,970000.0,120.0,1291.67,750.97,10 TO 12,60 years 08 months,Improved,1.36334651886138,103.834839633876
HDB,408 SIN MING AVE,5 ROOM,BISHAN,408 SIN MING AVE,BISHAN,2025-01-01,858888.0,120.0,1291.67,664.94,01 TO 03,60 years 07 months,Improved,1.36334651886138,103.834839633876
HDB,408 SIN MING AVE,5 ROOM,BISHAN,408 SIN MING AVE,BISHAN,2025-10-01,950000.0,120.0,1291.67,735.48,04 TO 06,59 years 08 months,Improved,1.36334651886138,103.834839633876
HDB,408 SIN MING AVE,5 ROOM,BISHAN,408 SIN MING AVE,BISHAN,2026-01-01,992000.0,120.0,1291.67,768.0,19 TO 21,59 years 06 months,Improved,1.36334651886138,103.834839633876
HDB,441 SIN MING AVE,EXECUTIVE,BISHAN,441 SIN MING AVE,BISHAN,2018-12-01,990000.0,175.0,1883.68,525.57,10 TO 12,70 years 02 months,Maisonette,1.35908431540971,103.831751028982
HDB,441 SIN MING AVE,EXECUTIVE,BISHAN,441 SIN MING AVE,BISHAN,2020-09-01,980000.0,187.0,2012.85,486.87,10 TO 12,68 years 05 months,Maisonette,1.35908431540971,103.831751028982
HDB,441 SIN MING AVE,5 ROOM,BISHAN,441 SIN MING AVE,BISHAN,2021-03-01,675000.0,122.0,1313.2,514.01,04 TO 06,67 years 11 months,Improved,1.35908431540971,103.831751028982
HDB,441 SIN MING AVE,EXECUTIVE,BISHAN,441 SIN MING AVE,BISHAN,2021-09-01,1000000.0,187.0,2012.85,496.81,10 TO 12,67 years 06 months,Maisonette,1.35908431540971,103.831751028982
HDB,441 SIN MING AVE,5 ROOM,BISHAN,441 SIN MING AVE,BISHAN,2023-03-01,908000.0,122.0,1313.2,691.44,07 TO 09,65 years 11 months,Improved,1.35908431540971,103.831751028982
HDB,442 SIN MING AVE,5 ROOM,BISHAN,442 SIN MING AVE,BISHAN,2018-03-01,715000.0,125.0,1345.49,531.41,04 TO 06,70 years 11 months,Improved,1.3592357565259,103.832368846087
HDB,442 SIN MING AVE,5 ROOM,BISHAN,442 SIN MING AVE,BISHAN,2018-08-01,705000.0,125.0,1345.49,523.97,13 TO 15,70 years 06 months,Improved,1.3592357565259,103.832368846087
HDB,442 SIN MING AVE,5 ROOM,BISHAN,442 SIN MING AVE,BISHAN,2018-09-01,730000.0,120.0,1291.67,565.16,16 TO 18,70 years 06 months,Improved,1.3592357565259,103.832368846087
HDB,442 SIN MING AVE,5 ROOM,BISHAN,442 SIN MING AVE,BISHAN,2019-05-01,700000.0,120.0,1291.67,541.93,07 TO 09,69 years 09 months,Improved,1.3592357565259,103.832368846087
HDB,442 SIN MING AVE,5 ROOM,BISHAN,442 SIN MING AVE,BISHAN,2019-06-01,635000.0,120.0,1291.67,491.61,01 TO 03,69 years 08 months,Improved,1.3592357565259,103.832368846087
HDB,442 SIN MING AVE,5 ROOM,BISHAN,442 SIN MING AVE,BISHAN,2020-07-01,600000.0,120.0,1291.67,464.52,07 TO 09,68 years 08 months,Improved,1.3592357565259,103.832368846087
HDB,442 SIN MING AVE,5 ROOM,BISHAN,442 SIN MING AVE,BISHAN,2020-08-01,735000.0,125.0,1345.49,546.27,16 TO 18,68 years 07 months,Improved,1.3592357565259,103.832368846087
HDB,442 SIN MING AVE,5 ROOM,BISHAN,442 SIN MING AVE,BISHAN,2021-07-01,735000.0,125.0,1345.49,546.27,01 TO 03,67 years 07 months,Improved,1.3592357565259,103.832368846087
HDB,442 SIN MING AVE,5 ROOM,BISHAN,442 SIN MING AVE,BISHAN,2022-01-01,800000.0,120.0,1291.67,619.35,07 TO 09,67 years 02 months,Improved,1.3592357565259,103.832368846087
HDB,442 SIN MING AVE,5 ROOM,BISHAN,442 SIN MING AVE,BISHAN,2023-02-01,938000.0,120.0,1291.67,726.19,13 TO 15,66 years,Improved,1.3592357565259,103.832368846087
HDB,442 SIN MING AVE,5 ROOM,BISHAN,442 SIN MING AVE,BISHAN,2023-05-01,800000.0,125.0,1345.49,594.58,07 TO 09,65 years 10 months,Improved,1.3592357565259,103.832368846087
HDB,442 SIN MING AVE,5 ROOM,BISHAN,442 SIN MING AVE,BISHAN,2023-05-01,860000.0,125.0,1345.49,639.17,01 TO 03,65 years 10 months,Improved,1.3592357565259,103.832368846087
HDB,442 SIN MING AVE,5 ROOM,BISHAN,442 SIN MING AVE,BISHAN,2023-11-01,960000.0,120.0,1291.67,743.23,10 TO 12,65 years 04 months,Improved,1.3592357565259,103.832368846087
HDB,442 SIN MING AVE,5 ROOM,BISHAN,442 SIN MING AVE,BISHAN,2023-12-01,958000.0,125.0,1345.49,712.01,04 TO 06,65 years 02 months,Improved,1.3592357565259,103.832368846087
HDB,442 SIN MING AVE,5 ROOM,BISHAN,442 SIN MING AVE,BISHAN,2024-06-01,990000.0,120.0,1291.67,766.45,16 TO 18,64 years 08 months,Improved,1.3592357565259,103.832368846087
HDB,442 SIN MING AVE,5 ROOM,BISHAN,442 SIN MING AVE,BISHAN,2024-09-01,1000888.0,120.0,1291.67,774.88,19 TO 21,64 years 07 months,Improved,1.3592357565259,103.832368846087
HDB,442 SIN MING AVE,5 ROOM,BISHAN,442 SIN MING AVE,BISHAN,2025-02-01,930000.0,120.0,1291.67,720.0,04 TO 06,64 years 02 months,Improved,1.3592357565259,103.832368846087
HDB,442 SIN MING AVE,5 ROOM,BISHAN,442 SIN MING AVE,BISHAN,2025-03-01,988000.0,125.0,1345.49,734.31,04 TO 06,64 years,Improved,1.3592357565259,103.832368846087
HDB,442 SIN MING AVE,5 ROOM,BISHAN,442 SIN MING AVE,BISHAN,2026-01-01,970000.0,125.0,1345.49,720.93,13 TO 15,63 years 01 month,Improved,1.3592357565259,103.832368846087
HDB,442 SIN MING AVE,5 ROOM,BISHAN,442 SIN MING AVE,BISHAN,2026-06-01,1000000.0,120.0,1291.67,774.19,07 TO 09,62 years 09 months,Improved,1.3592357565259,103.832368846087
HDB,443 SIN MING AVE,5 ROOM,BISHAN,443 SIN MING AVE,BISHAN,2020-01-01,690000.0,123.0,1323.96,521.16,04 TO 06,69 years 01 month,Improved,1.35874409683171,103.832689845734
HDB,443 SIN MING AVE,EXECUTIVE,BISHAN,443 SIN MING AVE,BISHAN,2021-09-01,1060000.0,199.0,2142.02,494.86,07 TO 09,67 years 04 months,Maisonette,1.35874409683171,103.832689845734
HDB,443 SIN MING AVE,EXECUTIVE,BISHAN,443 SIN MING AVE,BISHAN,2021-09-01,1100000.0,199.0,2142.02,513.53,07 TO 09,67 years 04 months,Maisonette,1.35874409683171,103.832689845734
HDB,444 SIN MING AVE,5 ROOM,BISHAN,444 SIN MING AVE,BISHAN,2017-03-01,720000.0,125.0,1345.49,535.12,16 TO 18,71 years 11 months,Improved,1.35853942882943,103.832309279131
HDB,444 SIN MING AVE,5 ROOM,BISHAN,444 SIN MING AVE,BISHAN,2019-05-01,760000.0,125.0,1345.49,564.85,22 TO 24,69 years 09 months,Improved,1.35853942882943,103.832309279131
HDB,444 SIN MING AVE,EXECUTIVE,BISHAN,444 SIN MING AVE,BISHAN,2019-12-01,1010000.0,160.0,1722.22,586.45,22 TO 24,69 years 02 months,Maisonette,1.35853942882943,103.832309279131
HDB,444 SIN MING AVE,5 ROOM,BISHAN,444 SIN MING AVE,BISHAN,2020-01-01,690000.0,125.0,1345.49,512.83,10 TO 12,69 years 01 month,Improved,1.35853942882943,103.832309279131
HDB,444 SIN MING AVE,5 ROOM,BISHAN,444 SIN MING AVE,BISHAN,2022-01-01,802000.0,125.0,1345.49,596.07,07 TO 09,67 years 02 months,Improved,1.35853942882943,103.832309279131
HDB,444 SIN MING AVE,5 ROOM,BISHAN,444 SIN MING AVE,BISHAN,2022-02-01,810000.0,125.0,1345.49,602.01,07 TO 09,67 years,Improved,1.35853942882943,103.832309279131
HDB,444 SIN MING AVE,5 ROOM,BISHAN,444 SIN MING AVE,BISHAN,2022-05-01,900000.0,120.0,1291.67,696.77,19 TO 21,66 years 10 months,Improved,1.35853942882943,103.832309279131
HDB,444 SIN MING AVE,5 ROOM,BISHAN,444 SIN MING AVE,BISHAN,2022-09-01,888000.0,125.0,1345.49,659.98,04 TO 06,66 years 06 months,Improved,1.35853942882943,103.832309279131
HDB,444 SIN MING AVE,5 ROOM,BISHAN,444 SIN MING AVE,BISHAN,2022-10-01,948000.0,125.0,1345.49,704.58,16 TO 18,66 years 05 months,Improved,1.35853942882943,103.832309279131
HDB,444 SIN MING AVE,5 ROOM,BISHAN,444 SIN MING AVE,BISHAN,2022-12-01,905000.0,125.0,1345.49,672.62,13 TO 15,66 years 03 months,Improved,1.35853942882943,103.832309279131
HDB,444 SIN MING AVE,5 ROOM,BISHAN,444 SIN MING AVE,BISHAN,2024-07-01,1020000.0,125.0,1345.49,758.09,16 TO 18,64 years 08 months,Improved,1.35853942882943,103.832309279131
HDB,444 SIN MING AVE,5 ROOM,BISHAN,444 SIN MING AVE,BISHAN,2024-09-01,1028800.0,125.0,1345.49,764.63,07 TO 09,64 years 06 months,Improved,1.35853942882943,103.832309279131
HDB,444 SIN MING AVE,5 ROOM,BISHAN,444 SIN MING AVE,BISHAN,2025-09-01,1050000.0,125.0,1345.49,780.39,13 TO 15,63 years 05 months,Improved,1.35853942882943,103.832309279131
HDB,444 SIN MING AVE,5 ROOM,BISHAN,444 SIN MING AVE,BISHAN,2025-11-01,910000.0,125.0,1345.49,676.33,04 TO 06,63 years 04 months,Improved,1.35853942882943,103.832309279131
HDB,445 SIN MING AVE,5 ROOM,BISHAN,445 SIN MING AVE,BISHAN,2017-06-01,664800.0,123.0,1323.96,502.13,04 TO 06,71 years 07 months,Improved,1.35871142499038,103.831720136073
HDB,445 SIN MING AVE,5 ROOM,BISHAN,445 SIN MING AVE,BISHAN,2017-07-01,668000.0,122.0,1313.2,508.68,01 TO 03,71 years 06 months,Improved,1.35871142499038,103.831720136073
HDB,445 SIN MING AVE,5 ROOM,BISHAN,445 SIN MING AVE,BISHAN,2019-10-01,680000.0,122.0,1313.2,517.82,07 TO 09,69 years 03 months,Improved,1.35871142499038,103.831720136073
HDB,445 SIN MING AVE,EXECUTIVE,BISHAN,445 SIN MING AVE,BISHAN,2021-01-01,910000.0,187.0,2012.85,452.1,10 TO 12,68 years,Maisonette,1.35871142499038,103.831720136073
HDB,445 SIN MING AVE,5 ROOM,BISHAN,445 SIN MING AVE,BISHAN,2021-07-01,730000.0,122.0,1313.2,555.9,04 TO 06,67 years 07 months,Improved,1.35871142499038,103.831720136073
HDB,445 SIN MING AVE,5 ROOM,BISHAN,445 SIN MING AVE,BISHAN,2021-10-01,710000.0,123.0,1323.96,536.27,04 TO 06,67 years 03 months,Improved,1.35871142499038,103.831720136073
HDB,445 SIN MING AVE,EXECUTIVE,BISHAN,445 SIN MING AVE,BISHAN,2021-10-01,1035000.0,190.0,2045.14,506.08,10 TO 12,67 years 03 months,Maisonette,1.35871142499038,103.831720136073
HDB,445 SIN MING AVE,5 ROOM,BISHAN,445 SIN MING AVE,BISHAN,2026-03-01,950000.0,122.0,1313.2,723.43,07 TO 09,62 years 11 months,Improved,1.35871142499038,103.831720136073
HDB,446 BRIGHT HILL DR,5 ROOM,BISHAN,446 BRIGHT HILL DR,BISHAN,2018-05-01,716000.0,122.0,1313.2,545.23,04 TO 06,70 years 11 months,Improved,1.3578715351567,103.832313916906
HDB,446 BRIGHT HILL DR,5 ROOM,BISHAN,446 BRIGHT HILL DR,BISHAN,2018-11-01,675000.0,123.0,1323.96,509.83,04 TO 06,70 years 05 months,Improved,1.3578715351567,103.832313916906
HDB,446 BRIGHT HILL DR,EXECUTIVE,BISHAN,446 BRIGHT HILL DR,BISHAN,2021-03-01,1092888.0,243.0,2615.63,417.83,07 TO 09,68 years 01 month,Maisonette,1.3578715351567,103.832313916906
HDB,446 BRIGHT HILL DR,EXECUTIVE,BISHAN,446 BRIGHT HILL DR,BISHAN,2021-08-01,1030000.0,199.0,2142.02,480.86,07 TO 09,67 years 09 months,Maisonette,1.3578715351567,103.832313916906
HDB,446 BRIGHT HILL DR,EXECUTIVE,BISHAN,446 BRIGHT HILL DR,BISHAN,2021-12-01,1000000.0,187.0,2012.85,496.81,07 TO 09,67 years 05 months,Maisonette,1.3578715351567,103.832313916906
HDB,446 BRIGHT HILL DR,EXECUTIVE,BISHAN,446 BRIGHT HILL DR,BISHAN,2022-03-01,1088000.0,199.0,2142.02,507.93,07 TO 09,67 years 01 month,Maisonette,1.3578715351567,103.832313916906
HDB,446 BRIGHT HILL DR,5 ROOM,BISHAN,446 BRIGHT HILL DR,BISHAN,2022-09-01,818000.0,123.0,1323.96,617.84,07 TO 09,66 years 08 months,Improved,1.3578715351567,103.832313916906
HDB,447 BRIGHT HILL DR,5 ROOM,BISHAN,447 BRIGHT HILL DR,BISHAN,2017-02-01,680000.0,125.0,1345.49,505.39,04 TO 06,71 years 11 months,Improved,1.3582216078161,103.831932958776
HDB,447 BRIGHT HILL DR,EXECUTIVE,BISHAN,447 BRIGHT HILL DR,BISHAN,2017-05-01,960000.0,169.0,1819.1,527.73,22 TO 24,71 years 09 months,Maisonette,1.3582216078161,103.831932958776
HDB,447 BRIGHT HILL DR,5 ROOM,BISHAN,447 BRIGHT HILL DR,BISHAN,2017-11-01,700000.0,120.0,1291.67,541.93,04 TO 06,71 years 03 months,Improved,1.3582216078161,103.831932958776
HDB,447 BRIGHT HILL DR,5 ROOM,BISHAN,447 BRIGHT HILL DR,BISHAN,2018-03-01,748000.0,125.0,1345.49,555.93,19 TO 21,70 years 11 months,Improved,1.3582216078161,103.831932958776
HDB,447 BRIGHT HILL DR,5 ROOM,BISHAN,447 BRIGHT HILL DR,BISHAN,2018-05-01,680000.0,125.0,1345.49,505.39,01 TO 03,70 years 08 months,Improved,1.3582216078161,103.831932958776
HDB,447 BRIGHT HILL DR,5 ROOM,BISHAN,447 BRIGHT HILL DR,BISHAN,2020-06-01,700000.0,120.0,1291.67,541.93,16 TO 18,68 years 08 months,Improved,1.3582216078161,103.831932958776
HDB,447 BRIGHT HILL DR,5 ROOM,BISHAN,447 BRIGHT HILL DR,BISHAN,2020-12-01,715000.0,120.0,1291.67,553.55,13 TO 15,68 years 02 months,Improved,1.3582216078161,103.831932958776
HDB,447 BRIGHT HILL DR,5 ROOM,BISHAN,447 BRIGHT HILL DR,BISHAN,2021-02-01,705000.0,120.0,1291.67,545.81,07 TO 09,67 years 11 months,Improved,1.3582216078161,103.831932958776
HDB,447 BRIGHT HILL DR,5 ROOM,BISHAN,447 BRIGHT HILL DR,BISHAN,2021-05-01,750000.0,125.0,1345.49,557.42,07 TO 09,67 years 09 months,Improved,1.3582216078161,103.831932958776
HDB,447 BRIGHT HILL DR,5 ROOM,BISHAN,447 BRIGHT HILL DR,BISHAN,2021-07-01,700000.0,120.0,1291.67,541.93,13 TO 15,67 years 06 months,Improved,1.3582216078161,103.831932958776
HDB,447 BRIGHT HILL DR,5 ROOM,BISHAN,447 BRIGHT HILL DR,BISHAN,2023-06-01,808000.0,120.0,1291.67,625.55,04 TO 06,65 years 08 months,Improved,1.3582216078161,103.831932958776
HDB,447 BRIGHT HILL DR,5 ROOM,BISHAN,447 BRIGHT HILL DR,BISHAN,2024-01-01,858000.0,120.0,1291.67,664.26,01 TO 03,65 years 01 month,Improved,1.3582216078161,103.831932958776
HDB,447 BRIGHT HILL DR,5 ROOM,BISHAN,447 BRIGHT HILL DR,BISHAN,2024-04-01,838000.0,125.0,1345.49,622.82,01 TO 03,64 years 09 months,Improved,1.3582216078161,103.831932958776
HDB,447 BRIGHT HILL DR,EXECUTIVE,BISHAN,447 BRIGHT HILL DR,BISHAN,2024-06-01,1480000.0,174.0,1872.92,790.21,22 TO 24,64 years 08 months,Maisonette,1.3582216078161,103.831932958776
HDB,447 BRIGHT HILL DR,5 ROOM,BISHAN,447 BRIGHT HILL DR,BISHAN,2024-08-01,915000.0,125.0,1345.49,680.05,10 TO 12,64 years 05 months,Improved,1.3582216078161,103.831932958776
HDB,447 BRIGHT HILL DR,5 ROOM,BISHAN,447 BRIGHT HILL DR,BISHAN,2026-05-01,1118000.0,120.0,1291.67,865.55,19 TO 21,62 years 08 months,Improved,1.3582216078161,103.831932958776
HDB,448 BRIGHT HILL DR,5 ROOM,BISHAN,448 BRIGHT HILL DR,BISHAN,2017-01-01,700000.0,123.0,1323.96,528.72,07 TO 09,72 years 03 months,Improved,1.35840616993705,103.831431580561
HDB,448 BRIGHT HILL DR,5 ROOM,BISHAN,448 BRIGHT HILL DR,BISHAN,2018-03-01,680000.0,123.0,1323.96,513.61,01 TO 03,71 years 01 month,Improved,1.35840616993705,103.831431580561
HDB,448 BRIGHT HILL DR,5 ROOM,BISHAN,448 BRIGHT HILL DR,BISHAN,2019-11-01,698000.0,123.0,1323.96,527.21,07 TO 09,69 years 05 months,Improved,1.35840616993705,103.831431580561
HDB,448 BRIGHT HILL DR,5 ROOM,BISHAN,448 BRIGHT HILL DR,BISHAN,2021-04-01,695000.0,123.0,1323.96,524.94,04 TO 06,68 years,Improved,1.35840616993705,103.831431580561
HDB,448 BRIGHT HILL DR,5 ROOM,BISHAN,448 BRIGHT HILL DR,BISHAN,2025-04-01,888000.0,123.0,1323.96,670.72,07 TO 09,64 years,Improved,1.35840616993705,103.831431580561
HDB,449 SIN MING AVE,5 ROOM,BISHAN,449 SIN MING AVE,BISHAN,2019-02-01,750000.0,123.0,1323.96,566.48,10 TO 12,70 years 01 month,Improved,1.35808106284654,103.83079059602
HDB,449 SIN MING AVE,EXECUTIVE,BISHAN,449 SIN MING AVE,BISHAN,2020-08-01,958000.0,186.0,2002.09,478.5,10 TO 12,68 years 07 months,Maisonette,1.35808106284654,103.83079059602
HDB,449 SIN MING AVE,5 ROOM,BISHAN,449 SIN MING AVE,BISHAN,2021-03-01,609688.0,123.0,1323.96,460.5,01 TO 03,68 years,Improved,1.35808106284654,103.83079059602
HDB,449 SIN MING AVE,EXECUTIVE,BISHAN,449 SIN MING AVE,BISHAN,2021-11-01,980000.0,199.0,2142.02,457.51,10 TO 12,67 years 05 months,Maisonette,1.35808106284654,103.83079059602
HDB,449 SIN MING AVE,EXECUTIVE,BISHAN,449 SIN MING AVE,BISHAN,2024-09-01,1280000.0,189.0,2034.38,629.19,10 TO 12,64 years 07 months,Maisonette,1.35808106284654,103.83079059602
HDB,450 SIN MING AVE,5 ROOM,BISHAN,450 SIN MING AVE,BISHAN,2017-10-01,640000.0,120.0,1291.67,495.48,01 TO 03,71 years 02 months,Improved,1.35835553844469,103.830397807509
HDB,450 SIN MING AVE,5 ROOM,BISHAN,450 SIN MING AVE,BISHAN,2018-01-01,680000.0,120.0,1291.67,526.45,01 TO 03,70 years 11 months,Improved,1.35835553844469,103.830397807509
HDB,450 SIN MING AVE,5 ROOM,BISHAN,450 SIN MING AVE,BISHAN,2019-10-01,780000.0,125.0,1345.49,579.72,19 TO 21,69 years 02 months,Improved,1.35835553844469,103.830397807509
HDB,450 SIN MING AVE,5 ROOM,BISHAN,450 SIN MING AVE,BISHAN,2020-01-01,700000.0,125.0,1345.49,520.26,10 TO 12,69 years,Improved,1.35835553844469,103.830397807509
HDB,450 SIN MING AVE,5 ROOM,BISHAN,450 SIN MING AVE,BISHAN,2020-03-01,600000.0,120.0,1291.67,464.52,10 TO 12,68 years 09 months,Improved,1.35835553844469,103.830397807509
HDB,450 SIN MING AVE,5 ROOM,BISHAN,450 SIN MING AVE,BISHAN,2021-10-01,768000.0,125.0,1345.49,570.8,10 TO 12,67 years 03 months,Improved,1.35835553844469,103.830397807509
HDB,450 SIN MING AVE,5 ROOM,BISHAN,450 SIN MING AVE,BISHAN,2022-04-01,850000.0,125.0,1345.49,631.74,16 TO 18,66 years 09 months,Improved,1.35835553844469,103.830397807509
HDB,450 SIN MING AVE,5 ROOM,BISHAN,450 SIN MING AVE,BISHAN,2022-09-01,868000.0,125.0,1345.49,645.12,16 TO 18,66 years 04 months,Improved,1.35835553844469,103.830397807509
HDB,450 SIN MING AVE,EXECUTIVE,BISHAN,450 SIN MING AVE,BISHAN,2022-09-01,1215000.0,162.0,1743.75,696.77,22 TO 24,66 years 04 months,Maisonette,1.35835553844469,103.830397807509
HDB,450 SIN MING AVE,5 ROOM,BISHAN,450 SIN MING AVE,BISHAN,2022-10-01,828000.0,125.0,1345.49,615.39,04 TO 06,66 years 03 months,Improved,1.35835553844469,103.830397807509
HDB,450 SIN MING AVE,5 ROOM,BISHAN,450 SIN MING AVE,BISHAN,2022-11-01,760000.0,120.0,1291.67,588.39,01 TO 03,66 years 02 months,Improved,1.35835553844469,103.830397807509
HDB,450 SIN MING AVE,5 ROOM,BISHAN,450 SIN MING AVE,BISHAN,2023-03-01,900000.0,120.0,1291.67,696.77,19 TO 21,65 years 10 months,Improved,1.35835553844469,103.830397807509
HDB,450 SIN MING AVE,5 ROOM,BISHAN,450 SIN MING AVE,BISHAN,2024-05-01,915000.0,120.0,1291.67,708.39,07 TO 09,64 years 07 months,Improved,1.35835553844469,103.830397807509
HDB,450 SIN MING AVE,5 ROOM,BISHAN,450 SIN MING AVE,BISHAN,2024-07-01,938000.0,120.0,1291.67,726.19,01 TO 03,64 years 06 months,Improved,1.35835553844469,103.830397807509
HDB,450 SIN MING AVE,5 ROOM,BISHAN,450 SIN MING AVE,BISHAN,2025-07-01,1175000.0,125.0,1345.49,873.29,19 TO 21,63 years 06 months,Improved,1.35835553844469,103.830397807509
HDB,451 SIN MING AVE,EXECUTIVE,BISHAN,451 SIN MING AVE,BISHAN,2018-03-01,1018000.0,182.0,1959.03,519.64,10 TO 12,70 years 11 months,Maisonette,1.35851090906303,103.830066980252
HDB,451 SIN MING AVE,EXECUTIVE,BISHAN,451 SIN MING AVE,BISHAN,2021-09-01,1003000.0,170.0,1829.86,548.13,10 TO 12,67 years 05 months,Maisonette,1.35851090906303,103.830066980252
HDB,451 SIN MING AVE,EXECUTIVE,BISHAN,451 SIN MING AVE,BISHAN,2023-10-01,1288000.0,182.0,1959.03,657.47,10 TO 12,65 years 03 months,Maisonette,1.35851090906303,103.830066980252
HDB,452 SIN MING AVE,EXECUTIVE,BISHAN,452 SIN MING AVE,BISHAN,2017-06-01,755000.0,146.0,1571.53,480.42,01 TO 03,71 years 02 months,Maisonette,1.35857465962241,103.829747971343
HDB,452 SIN MING AVE,EXECUTIVE,BISHAN,452 SIN MING AVE,BISHAN,2017-06-01,930000.0,146.0,1571.53,591.78,01 TO 03,71 years 02 months,Maisonette,1.35857465962241,103.829747971343
HDB,452 SIN MING AVE,EXECUTIVE,BISHAN,452 SIN MING AVE,BISHAN,2018-10-01,830000.0,149.0,1603.82,517.51,01 TO 03,69 years 10 months,Maisonette,1.35857465962241,103.829747971343
HDB,452 SIN MING AVE,EXECUTIVE,BISHAN,452 SIN MING AVE,BISHAN,2022-08-01,988000.0,145.0,1560.77,633.02,01 TO 03,66 years 01 month,Maisonette,1.35857465962241,103.829747971343
HDB,452 SIN MING AVE,EXECUTIVE,BISHAN,452 SIN MING AVE,BISHAN,2023-06-01,1225000.0,146.0,1571.53,779.5,01 TO 03,65 years 03 months,Maisonette,1.35857465962241,103.829747971343
HDB,452 SIN MING AVE,EXECUTIVE,BISHAN,452 SIN MING AVE,BISHAN,2025-04-01,1250000.0,146.0,1571.53,795.4,01 TO 03,63 years 05 months,Maisonette,1.35857465962241,103.829747971343
HDB,452 SIN MING AVE,EXECUTIVE,BISHAN,452 SIN MING AVE,BISHAN,2025-08-01,1380000.0,150.0,1614.59,854.71,01 TO 03,63 years,Maisonette,1.35857465962241,103.829747971343
HDB,453 SIN MING AVE,EXECUTIVE,BISHAN,453 SIN MING AVE,BISHAN,2017-09-01,960000.0,174.0,1872.92,512.57,16 TO 18,71 years 05 months,Maisonette,1.35904538127014,103.829898490029
HDB,453 SIN MING AVE,5 ROOM,BISHAN,453 SIN MING AVE,BISHAN,2017-11-01,700000.0,125.0,1345.49,520.26,13 TO 15,71 years 03 months,Improved,1.35904538127014,103.829898490029
HDB,453 SIN MING AVE,5 ROOM,BISHAN,453 SIN MING AVE,BISHAN,2018-09-01,720000.0,125.0,1345.49,535.12,04 TO 06,70 years 05 months,Improved,1.35904538127014,103.829898490029
HDB,453 SIN MING AVE,EXECUTIVE,BISHAN,453 SIN MING AVE,BISHAN,2019-06-01,950000.0,155.0,1668.4,569.41,13 TO 15,69 years 08 months,Maisonette,1.35904538127014,103.829898490029
HDB,453 SIN MING AVE,5 ROOM,BISHAN,453 SIN MING AVE,BISHAN,2020-03-01,645000.0,120.0,1291.67,499.35,10 TO 12,69 years,Improved,1.35904538127014,103.829898490029
HDB,453 SIN MING AVE,5 ROOM,BISHAN,453 SIN MING AVE,BISHAN,2020-10-01,648000.0,120.0,1291.67,501.68,04 TO 06,68 years 04 months,Improved,1.35904538127014,103.829898490029
HDB,453 SIN MING AVE,5 ROOM,BISHAN,453 SIN MING AVE,BISHAN,2020-11-01,635000.0,120.0,1291.67,491.61,01 TO 03,68 years 03 months,Improved,1.35904538127014,103.829898490029
HDB,453 SIN MING AVE,5 ROOM,BISHAN,453 SIN MING AVE,BISHAN,2020-12-01,700000.0,125.0,1345.49,520.26,10 TO 12,68 years 03 months,Improved,1.35904538127014,103.829898490029
HDB,453 SIN MING AVE,5 ROOM,BISHAN,453 SIN MING AVE,BISHAN,2021-09-01,720000.0,125.0,1345.49,535.12,01 TO 03,67 years 06 months,Improved,1.35904538127014,103.829898490029
HDB,453 SIN MING AVE,5 ROOM,BISHAN,453 SIN MING AVE,BISHAN,2022-09-01,808000.0,125.0,1345.49,600.53,01 TO 03,66 years 06 months,Improved,1.35904538127014,103.829898490029
HDB,453 SIN MING AVE,EXECUTIVE,BISHAN,453 SIN MING AVE,BISHAN,2022-09-01,1280000.0,162.0,1743.75,734.05,16 TO 18,66 years 06 months,Maisonette,1.35904538127014,103.829898490029
HDB,453 SIN MING AVE,5 ROOM,BISHAN,453 SIN MING AVE,BISHAN,2023-03-01,880000.0,120.0,1291.67,681.29,07 TO 09,66 years,Improved,1.35904538127014,103.829898490029
HDB,453 SIN MING AVE,5 ROOM,BISHAN,453 SIN MING AVE,BISHAN,2023-12-01,852000.0,120.0,1291.67,659.61,04 TO 06,65 years 03 months,Improved,1.35904538127014,103.829898490029
HDB,453 SIN MING AVE,5 ROOM,BISHAN,453 SIN MING AVE,BISHAN,2023-12-01,930000.0,125.0,1345.49,691.2,10 TO 12,65 years 02 months,Improved,1.35904538127014,103.829898490029
HDB,453 SIN MING AVE,EXECUTIVE,BISHAN,453 SIN MING AVE,BISHAN,2024-01-01,1400000.0,174.0,1872.92,747.5,16 TO 18,65 years 01 month,Maisonette,1.35904538127014,103.829898490029
HDB,453 SIN MING AVE,5 ROOM,BISHAN,453 SIN MING AVE,BISHAN,2024-07-01,1020000.0,125.0,1345.49,758.09,04 TO 06,64 years 08 months,Improved,1.35904538127014,103.829898490029
HDB,453 SIN MING AVE,5 ROOM,BISHAN,453 SIN MING AVE,BISHAN,2026-02-01,1000000.0,125.0,1345.49,743.23,10 TO 12,63 years 01 month,Improved,1.35904538127014,103.829898490029
HDB,453 SIN MING AVE,5 ROOM,BISHAN,453 SIN MING AVE,BISHAN,2026-06-01,988000.0,120.0,1291.67,764.9,13 TO 15,62 years 09 months,Improved,1.35904538127014,103.829898490029
HDB,454 SIN MING AVE,5 ROOM,BISHAN,454 SIN MING AVE,BISHAN,2019-05-01,690000.0,122.0,1313.2,525.44,07 TO 09,69 years 06 months,Improved,1.35910250034016,103.830578346914
HDB,454 SIN MING AVE,5 ROOM,BISHAN,454 SIN MING AVE,BISHAN,2019-09-01,600000.0,122.0,1313.2,456.9,01 TO 03,69 years 03 months,Improved,1.35910250034016,103.830578346914
HDB,454 SIN MING AVE,EXECUTIVE,BISHAN,454 SIN MING AVE,BISHAN,2021-04-01,971600.0,187.0,2012.85,482.7,10 TO 12,67 years 08 months,Maisonette,1.35910250034016,103.830578346914
HDB,454 SIN MING AVE,EXECUTIVE,BISHAN,454 SIN MING AVE,BISHAN,2021-04-01,1001000.0,243.0,2615.63,382.7,10 TO 12,67 years 08 months,Maisonette,1.35910250034016,103.830578346914
HDB,454 SIN MING AVE,EXECUTIVE,BISHAN,454 SIN MING AVE,BISHAN,2022-02-01,1088000.0,186.0,2002.09,543.43,10 TO 12,66 years 10 months,Maisonette,1.35910250034016,103.830578346914
HDB,454 SIN MING AVE,5 ROOM,BISHAN,454 SIN MING AVE,BISHAN,2022-03-01,752888.0,123.0,1323.96,568.66,04 TO 06,66 years 09 months,Improved,1.35910250034016,103.830578346914
HDB,455 SIN MING AVE,5 ROOM,BISHAN,455 SIN MING AVE,BISHAN,2017-12-01,710000.0,122.0,1313.2,540.67,10 TO 12,71 years 02 months,Improved,1.35872842612016,103.830642754421
HDB,455 SIN MING AVE,5 ROOM,BISHAN,455 SIN MING AVE,BISHAN,2025-12-01,970000.0,122.0,1313.2,738.66,10 TO 12,63 years 02 months,Improved,1.35872842612016,103.830642754421
HDB,501 BISHAN ST 11,5 ROOM,BISHAN,501 BISHAN ST 11,BISHAN,2022-08-01,850000.0,127.0,1367.02,621.79,01 TO 03,66 years 02 months,Improved,1.34841689796891,103.849077333761
HDB,503 BISHAN ST 11,5 ROOM,BISHAN,503 BISHAN ST 11,BISHAN,2025-08-01,1070000.0,127.0,1367.02,782.73,01 TO 03,63 years 03 months,Improved,1.34903237530043,103.848047514719
HDB,506 BISHAN ST 11,5 ROOM,BISHAN,506 BISHAN ST 11,BISHAN,2020-03-01,800000.0,127.0,1367.02,585.22,04 TO 06,68 years 06 months,Improved,1.34917198788036,103.849165453932
HDB,79A TOA PAYOH CTRL,5 ROOM,TOA PAYOH,79A TOA PAYOH CTRL,TOA PAYOH,2017-09-01,880000.0,111.0,1194.79,736.53,10 TO 12,90 years 07 months,Improved,1.33453129537675,103.847565695822
HDB,79A TOA PAYOH CTRL,5 ROOM,TOA PAYOH,79A TOA PAYOH CTRL,TOA PAYOH,2019-01-01,900000.0,111.0,1194.79,753.27,10 TO 12,89 years 03 months,Improved,1.33453129537675,103.847565695822
HDB,79A TOA PAYOH CTRL,5 ROOM,TOA PAYOH,79A TOA PAYOH CTRL,TOA PAYOH,2020-09-01,928000.0,111.0,1194.79,776.7,22 TO 24,87 years 07 months,Improved,1.33453129537675,103.847565695822
HDB,79A TOA PAYOH CTRL,5 ROOM,TOA PAYOH,79A TOA PAYOH CTRL,TOA PAYOH,2021-04-01,950000.0,111.0,1194.79,795.12,22 TO 24,87 years 01 month,Improved,1.33453129537675,103.847565695822
HDB,79A TOA PAYOH CTRL,5 ROOM,TOA PAYOH,79A TOA PAYOH CTRL,TOA PAYOH,2021-05-01,948000.0,111.0,1194.79,793.44,13 TO 15,87 years,Improved,1.33453129537675,103.847565695822
HDB,79A TOA PAYOH CTRL,5 ROOM,TOA PAYOH,79A TOA PAYOH CTRL,TOA PAYOH,2022-03-01,970000.0,111.0,1194.79,811.86,07 TO 09,86 years 02 months,Improved,1.33453129537675,103.847565695822
HDB,79C TOA PAYOH CTRL,5 ROOM,TOA PAYOH,79C TOA PAYOH CTRL,TOA PAYOH,2017-02-01,880000.0,110.0,1184.03,743.23,16 TO 18,91 years 02 months,Improved,1.33466057880014,103.848577764995
HDB,79C TOA PAYOH CTRL,5 ROOM,TOA PAYOH,79C TOA PAYOH CTRL,TOA PAYOH,2017-09-01,920000.0,110.0,1184.03,777.01,28 TO 30,90 years 07 months,Improved,1.33466057880014,103.848577764995
HDB,79C TOA PAYOH CTRL,5 ROOM,TOA PAYOH,79C TOA PAYOH CTRL,TOA PAYOH,2017-09-01,950888.0,110.0,1184.03,803.1,37 TO 39,90 years 07 months,Improved,1.33466057880014,103.848577764995
HDB,79C TOA PAYOH CTRL,5 ROOM,TOA PAYOH,79C TOA PAYOH CTRL,TOA PAYOH,2018-03-01,890000.0,110.0,1184.03,751.67,04 TO 06,90 years 01 month,Improved,1.33466057880014,103.848577764995
HDB,79C TOA PAYOH CTRL,5 ROOM,TOA PAYOH,79C TOA PAYOH CTRL,TOA PAYOH,2018-11-01,915000.0,110.0,1184.03,772.79,31 TO 33,89 years 05 months,Improved,1.33466057880014,103.848577764995
HDB,79C TOA PAYOH CTRL,5 ROOM,TOA PAYOH,79C TOA PAYOH CTRL,TOA PAYOH,2019-04-01,915000.0,110.0,1184.03,772.79,16 TO 18,89 years,Improved,1.33466057880014,103.848577764995
HDB,79C TOA PAYOH CTRL,5 ROOM,TOA PAYOH,79C TOA PAYOH CTRL,TOA PAYOH,2019-05-01,890000.0,110.0,1184.03,751.67,04 TO 06,88 years 11 months,Improved,1.33466057880014,103.848577764995
HDB,79C TOA PAYOH CTRL,5 ROOM,TOA PAYOH,79C TOA PAYOH CTRL,TOA PAYOH,2020-06-01,923000.0,110.0,1184.03,779.54,19 TO 21,87 years 11 months,Improved,1.33466057880014,103.848577764995
HDB,79C TOA PAYOH CTRL,5 ROOM,TOA PAYOH,79C TOA PAYOH CTRL,TOA PAYOH,2020-12-01,880000.0,110.0,1184.03,743.23,16 TO 18,87 years 06 months,Improved,1.33466057880014,103.848577764995
HDB,79C TOA PAYOH CTRL,5 ROOM,TOA PAYOH,79C TOA PAYOH CTRL,TOA PAYOH,2021-11-01,950000.0,110.0,1184.03,802.35,10 TO 12,86 years 05 months,Improved,1.33466057880014,103.848577764995
HDB,79C TOA PAYOH CTRL,5 ROOM,TOA PAYOH,79C TOA PAYOH CTRL,TOA PAYOH,2022-03-01,1000000.0,110.0,1184.03,844.57,25 TO 27,86 years 02 months,Improved,1.33466057880014,103.848577764995
HDB,79C TOA PAYOH CTRL,5 ROOM,TOA PAYOH,79C TOA PAYOH CTRL,TOA PAYOH,2022-03-01,1010000.0,110.0,1184.03,853.02,31 TO 33,86 years 02 months,Improved,1.33466057880014,103.848577764995
HDB,79C TOA PAYOH CTRL,5 ROOM,TOA PAYOH,79C TOA PAYOH CTRL,TOA PAYOH,2023-01-01,1098888.0,110.0,1184.03,928.09,37 TO 39,85 years 03 months,Improved,1.33466057880014,103.848577764995
HDB,79C TOA PAYOH CTRL,5 ROOM,TOA PAYOH,79C TOA PAYOH CTRL,TOA PAYOH,2023-09-01,975000.0,110.0,1184.03,823.46,13 TO 15,84 years 07 months,Improved,1.33466057880014,103.848577764995
HDB,79C TOA PAYOH CTRL,5 ROOM,TOA PAYOH,79C TOA PAYOH CTRL,TOA PAYOH,2023-12-01,1180000.0,110.0,1184.03,996.6,31 TO 33,84 years 06 months,Improved,1.33466057880014,103.848577764995
HDB,79C TOA PAYOH CTRL,5 ROOM,TOA PAYOH,79C TOA PAYOH CTRL,TOA PAYOH,2024-07-01,1250000.0,110.0,1184.03,1055.72,22 TO 24,83 years 09 months,Improved,1.33466057880014,103.848577764995
HDB,79C TOA PAYOH CTRL,5 ROOM,TOA PAYOH,79C TOA PAYOH CTRL,TOA PAYOH,2024-09-01,1260000.0,110.0,1184.03,1064.16,31 TO 33,83 years 08 months,Improved,1.33466057880014,103.848577764995
HDB,79C TOA PAYOH CTRL,5 ROOM,TOA PAYOH,79C TOA PAYOH CTRL,TOA PAYOH,2025-04-01,1260000.0,110.0,1184.03,1064.16,04 TO 06,83 years 01 month,Improved,1.33466057880014,103.848577764995
HDB,8 JOO SENG RD,EXECUTIVE,TOA PAYOH,8 JOO SENG RD,TOA PAYOH,2017-10-01,838000.0,158.0,1700.7,492.74,13 TO 15,76 years 05 months,Apartment,1.33520143444299,103.878702994487
HDB,8 JOO SENG RD,EXECUTIVE,TOA PAYOH,8 JOO SENG RD,TOA PAYOH,2018-08-01,826000.0,146.0,1571.53,525.6,13 TO 15,75 years 07 months,Apartment,1.33520143444299,103.878702994487
HDB,8 JOO SENG RD,EXECUTIVE,TOA PAYOH,8 JOO SENG RD,TOA PAYOH,2021-03-01,790000.0,146.0,1571.53,502.7,13 TO 15,73 years 01 month,Apartment,1.33520143444299,103.878702994487
HDB,8 JOO SENG RD,EXECUTIVE,TOA PAYOH,8 JOO SENG RD,TOA PAYOH,2024-06-01,1000000.0,146.0,1571.53,636.32,16 TO 18,69 years 10 months,Apartment,1.33520143444299,103.878702994487
HDB,99A LOR 2 TOA PAYOH,EXECUTIVE,TOA PAYOH,99A LOR 2 TOA PAYOH,TOA PAYOH,2017-10-01,935000.0,142.0,1528.47,611.72,16 TO 18,74 years 06 months,Apartment,1.33878534348177,103.846873055688
HDB,99A LOR 2 TOA PAYOH,EXECUTIVE,TOA PAYOH,99A LOR 2 TOA PAYOH,TOA PAYOH,2018-02-01,830000.0,146.0,1571.53,528.15,04 TO 06,74 years 02 months,Apartment,1.33878534348177,103.846873055688
HDB,99A LOR 2 TOA PAYOH,EXECUTIVE,TOA PAYOH,99A LOR 2 TOA PAYOH,TOA PAYOH,2018-09-01,872000.0,145.0,1560.77,558.7,04 TO 06,73 years 07 months,Apartment,1.33878534348177,103.846873055688
HDB,99A LOR 2 TOA PAYOH,EXECUTIVE,TOA PAYOH,99A LOR 2 TOA PAYOH,TOA PAYOH,2021-06-01,830000.0,145.0,1560.77,531.79,04 TO 06,70 years 11 months,Apartment,1.33878534348177,103.846873055688
HDB,99A LOR 2 TOA PAYOH,EXECUTIVE,TOA PAYOH,99A LOR 2 TOA PAYOH,TOA PAYOH,2021-12-01,1071250.0,142.0,1528.47,700.86,13 TO 15,70 years 05 months,Apartment,1.33878534348177,103.846873055688
HDB,99A LOR 2 TOA PAYOH,EXECUTIVE,TOA PAYOH,99A LOR 2 TOA PAYOH,TOA PAYOH,2023-02-01,1120000.0,143.0,1539.24,727.63,13 TO 15,69 years 02 months,Apartment,1.33878534348177,103.846873055688
HDB,99B LOR 2 TOA PAYOH,EXECUTIVE,TOA PAYOH,99B LOR 2 TOA PAYOH,TOA PAYOH,2017-06-01,880000.0,144.0,1550.0,567.74,04 TO 06,74 years 10 months,Apartment,1.33874496491842,103.84725279468
HDB,99B LOR 2 TOA PAYOH,EXECUTIVE,TOA PAYOH,99B LOR 2 TOA PAYOH,TOA PAYOH,2018-09-01,885000.0,145.0,1560.77,567.03,07 TO 09,73 years 07 months,Apartment,1.33874496491842,103.84725279468
HDB,99B LOR 2 TOA PAYOH,EXECUTIVE,TOA PAYOH,99B LOR 2 TOA PAYOH,TOA PAYOH,2020-01-01,1025000.0,144.0,1550.0,661.29,13 TO 15,72 years 03 months,Apartment,1.33874496491842,103.84725279468
HDB,99B LOR 2 TOA PAYOH,EXECUTIVE,TOA PAYOH,99B LOR 2 TOA PAYOH,TOA PAYOH,2022-03-01,908000.0,145.0,1560.77,581.77,01 TO 03,70 years 01 month,Apartment,1.33874496491842,103.84725279468
HDB,99B LOR 2 TOA PAYOH,EXECUTIVE,TOA PAYOH,99B LOR 2 TOA PAYOH,TOA PAYOH,2022-09-01,986000.0,145.0,1560.77,631.74,04 TO 06,69 years 07 months,Apartment,1.33874496491842,103.84725279468
HDB,99C LOR 2 TOA PAYOH,EXECUTIVE,TOA PAYOH,99C LOR 2 TOA PAYOH,TOA PAYOH,2018-06-01,888000.0,148.0,1593.06,557.42,04 TO 06,73 years 10 months,Apartment,1.33901612961753,103.84744935603
HDB,99C LOR 2 TOA PAYOH,EXECUTIVE,TOA PAYOH,99C LOR 2 TOA PAYOH,TOA PAYOH,2021-03-01,985000.0,149.0,1603.82,614.16,07 TO 09,70 years 11 months,Apartment,1.33901612961753,103.84744935603
HDB,99C LOR 2 TOA PAYOH,EXECUTIVE,TOA PAYOH,99C LOR 2 TOA PAYOH,TOA PAYOH,2021-11-01,1000000.0,149.0,1603.82,623.51,10 TO 12,70 years 06 months,Apartment,1.33901612961753,103.84744935603
HDB,99C LOR 2 TOA PAYOH,EXECUTIVE,TOA PAYOH,99C LOR 2 TOA PAYOH,TOA PAYOH,2023-01-01,1030000.0,145.0,1560.77,659.93,07 TO 09,69 years 04 months,Apartment,1.33901612961753,103.84744935603
HDB,99C LOR 2 TOA PAYOH,EXECUTIVE,TOA PAYOH,99C LOR 2 TOA PAYOH,TOA PAYOH,2024-04-01,1212000.0,149.0,1603.82,755.7,13 TO 15,67 years 11 months,Apartment,1.33901612961753,103.84744935603
HDB,99C LOR 2 TOA PAYOH,EXECUTIVE,TOA PAYOH,99C LOR 2 TOA PAYOH,TOA PAYOH,2024-08-01,1030000.0,145.0,1560.77,659.93,01 TO 03,67 years 09 months,Apartment,1.33901612961753,103.84744935603
HDB,99C LOR 2 TOA PAYOH,EXECUTIVE,TOA PAYOH,99C LOR 2 TOA PAYOH,TOA PAYOH,2024-08-01,1238888.0,148.0,1593.06,777.68,07 TO 09,67 years 09 months,Apartment,1.33901612961753,103.84744935603
HDB,99C LOR 2 TOA PAYOH,EXECUTIVE,TOA PAYOH,99C LOR 2 TOA PAYOH,TOA PAYOH,2025-05-01,1253000.0,145.0,1560.77,802.81,04 TO 06,66 years 11 months,Apartment,1.33901612961753,103.84744935603
URA,SKY HABITAT,Condominium,RCR,BISHAN STREET 15,20,2021-07-01,1115000.0,66.0,710.42,1569.5,11-15,99 yrs lease commencing from 2011,,1.352265197983915,103.8518798166415
URA,SKY HABITAT,Condominium,RCR,BISHAN STREET 15,20,2021-08-01,2020000.0,113.0,1216.32,1660.75,16-20,99 yrs lease commencing from 2011,,1.352265197983915,103.8518798166415
URA,SKY HABITAT,Condominium,RCR,BISHAN STREET 15,20,2021-08-01,1910000.0,116.0,1248.61,1529.7,01-05,99 yrs lease commencing from 2011,,1.352265197983915,103.8518798166415
URA,SKY HABITAT,Condominium,RCR,BISHAN STREET 15,20,2021-09-01,1780000.0,108.0,1162.5,1531.18,21-25,99 yrs lease commencing from 2011,,1.352265197983915,103.8518798166415
URA,SKY HABITAT,Condominium,RCR,BISHAN STREET 15,20,2021-09-01,1650000.0,95.0,1022.57,1613.58,11-15,99 yrs lease commencing from 2011,,1.352265197983915,103.8518798166415
URA,SKY HABITAT,Condominium,RCR,BISHAN STREET 15,20,2021-09-01,1142000.0,66.0,710.42,1607.51,16-20,99 yrs lease commencing from 2011,,1.352265197983915,103.8518798166415
URA,SKY HABITAT,Condominium,RCR,BISHAN STREET 15,20,2021-10-01,2100000.0,113.0,1216.32,1726.52,21-25,99 yrs lease commencing from 2011,,1.352265197983915,103.8518798166415
URA,SKY HABITAT,Condominium,RCR,BISHAN STREET 15,20,2021-10-01,2850000.0,167.0,1797.57,1585.47,11-15,99 yrs lease commencing from 2011,,1.352265197983915,103.8518798166415
URA,SKY HABITAT,Condominium,RCR,BISHAN STREET 15,20,2021-10-01,2100000.0,116.0,1248.61,1681.87,06-10,99 yrs lease commencing from 2011,,1.352265197983915,103.8518798166415
URA,SKY HABITAT,Condominium,RCR,BISHAN STREET 15,20,2021-10-01,1200000.0,66.0,710.42,1689.15,26-30,99 yrs lease commencing from 2011,,1.352265197983915,103.8518798166415
URA,SKY HABITAT,Condominium,RCR,BISHAN STREET 15,20,2021-11-01,1130000.0,66.0,710.42,1590.61,06-10,99 yrs lease commencing from 2011,,1.352265197983915,103.8518798166415
URA,SKY HABITAT,Condominium,RCR,BISHAN STREET 15,20,2021-11-01,1400000.0,81.0,871.88,1605.73,21-25,99 yrs lease commencing from 2011,,1.352265197983915,103.8518798166415
URA,SKY HABITAT,Condominium,RCR,BISHAN STREET 15,20,2021-12-01,2200000.0,113.0,1216.32,1808.73,21-25,99 yrs lease commencing from 2011,,1.352265197983915,103.8518798166415
URA,SKY HABITAT,Condominium,RCR,BISHAN STREET 15,20,2021-12-01,2250000.0,126.0,1356.25,1658.98,26-30,99 yrs lease commencing from 2011,,1.352265197983915,103.8518798166415
URA,SKY HABITAT,Condominium,RCR,BISHAN STREET 15,20,2022-02-01,2200000.0,116.0,1248.61,1761.96,06-10,99 yrs lease commencing from 2011,,1.352265197983915,103.8518798166415
URA,SKY HABITAT,Condominium,RCR,BISHAN STREET 15,20,2022-03-01,2300000.0,113.0,1216.32,1890.95,26-30,99 yrs lease commencing from 2011,,1.352265197983915,103.8518798166415
URA,SKY HABITAT,Condominium,RCR,BISHAN STREET 15,20,2022-03-01,1055000.0,66.0,710.42,1485.04,01-05,99 yrs lease commencing from 2011,,1.352265197983915,103.8518798166415
URA,SKY HABITAT,Condominium,RCR,BISHAN STREET 15,20,2022-04-01,1480000.0,83.0,893.4,1656.59,11-15,99 yrs lease commencing from 2011,,1.352265197983915,103.8518798166415
URA,SKY HABITAT,Condominium,RCR,BISHAN STREET 15,20,2022-05-01,1560000.0,95.0,1022.57,1525.57,01-05,99 yrs lease commencing from 2011,,1.352265197983915,103.8518798166415
URA,SKY HABITAT,Condominium,RCR,BISHAN STREET 15,20,2022-06-01,2170000.0,116.0,1248.61,1737.93,01-05,99 yrs lease commencing from 2011,,1.352265197983915,103.8518798166415
URA,SKY HABITAT,Condominium,RCR,BISHAN STREET 15,20,2022-06-01,1800000.0,123.0,1323.96,1359.56,01-05,99 yrs lease commencing from 2011,,1.352265197983915,103.8518798166415
URA,SKY HABITAT,Condominium,RCR,BISHAN STREET 15,20,2022-07-01,1250000.0,66.0,710.42,1759.53,21-25,99 yrs lease commencing from 2011,,1.352265197983915,103.8518798166415
URA,SKY HABITAT,Condominium,RCR,BISHAN STREET 15,20,2022-08-01,2450000.0,141.0,1517.71,1614.27,06-10,99 yrs lease commencing from 2011,,1.352265197983915,103.8518798166415
URA,SKY HABITAT,Condominium,RCR,BISHAN STREET 15,20,2022-08-01,1720000.0,98.0,1054.86,1630.54,11-15,99 yrs lease commencing from 2011,,1.352265197983915,103.8518798166415
URA,SKY HABITAT,Condominium,RCR,BISHAN STREET 15,20,2022-09-01,2310000.0,113.0,1216.32,1899.17,11-15,99 yrs lease commencing from 2011,,1.352265197983915,103.8518798166415
URA,SKY HABITAT,Condominium,RCR,BISHAN STREET 15,20,2022-10-01,3880000.0,323.0,3476.74,1115.99,36-40,99 yrs lease commencing from 2011,,1.352265197983915,103.8518798166415
URA,SKY HABITAT,Condominium,RCR,BISHAN STREET 15,20,2022-10-01,1680000.0,95.0,1022.57,1642.92,11-15,99 yrs lease commencing from 2011,,1.352265197983915,103.8518798166415
URA,SKY HABITAT,Condominium,RCR,BISHAN STREET 15,20,2022-10-01,1988000.0,108.0,1162.5,1710.11,06-10,99 yrs lease commencing from 2011,,1.352265197983915,103.8518798166415
URA,SKY HABITAT,Condominium,RCR,BISHAN STREET 15,20,2022-12-01,2350000.0,113.0,1216.32,1932.06,16-20,99 yrs lease commencing from 2011,,1.352265197983915,103.8518798166415
URA,SKY HABITAT,Condominium,RCR,BISHAN STREET 15,20,2022-12-01,1280000.0,66.0,710.42,1801.76,26-30,99 yrs lease commencing from 2011,,1.352265197983915,103.8518798166415
URA,SKY HABITAT,Condominium,RCR,BISHAN STREET 15,20,2023-01-01,2180000.0,119.0,1280.9,1701.92,21-25,99 yrs lease commencing from 2011,,1.352265197983915,103.8518798166415
URA,SKY HABITAT,Condominium,RCR,BISHAN STREET 15,20,2023-02-01,1245000.0,66.0,710.42,1752.49,16-20,99 yrs lease commencing from 2011,,1.352265197983915,103.8518798166415
URA,SKY HABITAT,Condominium,RCR,BISHAN STREET 15,20,2023-03-01,3150000.0,167.0,1797.57,1752.36,01-05,99 yrs lease commencing from 2011,,1.352265197983915,103.8518798166415
URA,SKY HABITAT,Condominium,RCR,BISHAN STREET 15,20,2023-03-01,1900005.0,111.0,1194.79,1590.24,16-20,99 yrs lease commencing from 2011,,1.352265197983915,103.8518798166415
URA,SKY HABITAT,Condominium,RCR,BISHAN STREET 15,20,2023-03-01,1280000.0,66.0,710.42,1801.76,06-10,99 yrs lease commencing from 2011,,1.352265197983915,103.8518798166415
URA,SKY HABITAT,Condominium,RCR,BISHAN STREET 15,20,2023-03-01,1630000.0,83.0,893.4,1824.48,11-15,99 yrs lease commencing from 2011,,1.352265197983915,103.8518798166415
URA,SKY HABITAT,Condominium,RCR,BISHAN STREET 15,20,2023-05-01,1090000.0,66.0,710.42,1534.31,11-15,99 yrs lease commencing from 2011,,1.352265197983915,103.8518798166415
URA,SKY HABITAT,Condominium,RCR,BISHAN STREET 15,20,2023-05-01,3400000.0,167.0,1797.57,1891.44,06-10,99 yrs lease commencing from 2011,,1.352265197983915,103.8518798166415
URA,SKY HABITAT,Condominium,RCR,BISHAN STREET 15,20,2023-06-01,1730000.0,94.0,1011.81,1709.81,11-15,99 yrs lease commencing from 2011,,1.352265197983915,103.8518798166415
URA,SKY HABITAT,Condominium,RCR,BISHAN STREET 15,20,2023-06-01,1650000.0,95.0,1022.57,1613.58,06-10,99 yrs lease commencing from 2011,,1.352265197983915,103.8518798166415
URA,SKY HABITAT,Condominium,RCR,BISHAN STREET 15,20,2023-07-01,1800000.0,111.0,1194.79,1506.54,16-20,99 yrs lease commencing from 2011,,1.352265197983915,103.8518798166415
URA,SKY HABITAT,Condominium,RCR,BISHAN STREET 15,20,2023-07-01,2500000.0,140.0,1506.95,1658.98,11-15,99 yrs lease commencing from 2011,,1.352265197983915,103.8518798166415
URA,SKY HABITAT,Condominium,RCR,BISHAN STREET 15,20,2023-09-01,1400000.0,66.0,710.42,1970.67,26-30,99 yrs lease commencing from 2011,,1.352265197983915,103.8518798166415
URA,SKY HABITAT,Condominium,RCR,BISHAN STREET 15,20,2023-09-01,2080000.0,108.0,1162.5,1789.25,11-15,99 yrs lease commencing from 2011,,1.352265197983915,103.8518798166415
URA,SKY HABITAT,Condominium,RCR,BISHAN STREET 15,20,2023-09-01,1616000.0,83.0,893.4,1808.81,16-20,99 yrs lease commencing from 2011,,1.352265197983915,103.8518798166415
URA,SKY HABITAT,Condominium,RCR,BISHAN STREET 15,20,2023-09-01,2325000.0,116.0,1248.61,1862.07,06-10,99 yrs lease commencing from 2011,,1.352265197983915,103.8518798166415
URA,SKY HABITAT,Condominium,RCR,BISHAN STREET 15,20,2023-10-01,2450000.0,130.0,1399.31,1750.87,06-10,99 yrs lease commencing from 2011,,1.352265197983915,103.8518798166415
URA,SKY HABITAT,Condominium,RCR,BISHAN STREET 15,20,2023-11-01,1650000.0,99.0,1065.63,1548.39,21-25,99 yrs lease commencing from 2011,,1.352265197983915,103.8518798166415
URA,SKY HABITAT,Condominium,RCR,BISHAN STREET 15,20,2023-12-01,2250000.0,116.0,1248.61,1802.0,06-10,99 yrs lease commencing from 2011,,1.352265197983915,103.8518798166415
URA,SKY HABITAT,Condominium,RCR,BISHAN STREET 15,20,2023-12-01,3448888.0,173.0,1862.15,1852.1,26-30,99 yrs lease commencing from 2011,,1.352265197983915,103.8518798166415
URA,SKY HABITAT,Condominium,RCR,BISHAN STREET 15,20,2024-02-01,2420000.0,130.0,1399.31,1729.43,01-05,99 yrs lease commencing from 2011,,1.352265197983915,103.8518798166415
URA,SKY HABITAT,Condominium,RCR,BISHAN STREET 15,20,2024-02-01,1610000.0,81.0,871.88,1846.59,16-20,99 yrs lease commencing from 2011,,1.352265197983915,103.8518798166415
URA,SKY HABITAT,Condominium,RCR,BISHAN STREET 15,20,2024-02-01,2838888.0,140.0,1506.95,1883.87,21-25,99 yrs lease commencing from 2011,,1.352265197983915,103.8518798166415
URA,SKY HABITAT,Condominium,RCR,BISHAN STREET 15,20,2024-02-01,1488888.0,81.0,871.88,1707.68,01-05,99 yrs lease commencing from 2011,,1.352265197983915,103.8518798166415
URA,SKY HABITAT,Condominium,RCR,BISHAN STREET 15,20,2024-02-01,1575000.0,83.0,893.4,1762.92,01-05,99 yrs lease commencing from 2011,,1.352265197983915,103.8518798166415
URA,SKY HABITAT,Condominium,RCR,BISHAN STREET 15,20,2024-02-01,1750000.0,95.0,1022.57,1711.37,01-05,99 yrs lease commencing from 2011,,1.352265197983915,103.8518798166415
URA,SKY HABITAT,Condominium,RCR,BISHAN STREET 15,20,2024-03-01,2350000.0,119.0,1280.9,1834.64,21-25,99 yrs lease commencing from 2011,,1.352265197983915,103.8518798166415
URA,SKY HABITAT,Condominium,RCR,BISHAN STREET 15,20,2024-03-01,2380000.0,113.0,1216.32,1956.72,11-15,99 yrs lease commencing from 2011,,1.352265197983915,103.8518798166415
URA,SKY HABITAT,Condominium,RCR,BISHAN STREET 15,20,2024-04-01,1630000.0,81.0,871.88,1869.53,21-25,99 yrs lease commencing from 2011,,1.352265197983915,103.8518798166415
URA,SKY HABITAT,Condominium,RCR,BISHAN STREET 15,20,2024-04-01,4530000.0,254.0,2734.03,1656.89,36-40,99 yrs lease commencing from 2011,,1.352265197983915,103.8518798166415
URA,SKY HABITAT,Condominium,RCR,BISHAN STREET 15,20,2024-04-01,1588000.0,81.0,871.88,1821.36,06-10,99 yrs lease commencing from 2011,,1.352265197983915,103.8518798166415
URA,SKY HABITAT,Condominium,RCR,BISHAN STREET 15,20,2024-04-01,3320000.0,167.0,1797.57,1846.94,16-20,99 yrs lease commencing from 2011,,1.352265197983915,103.8518798166415
URA,SKY HABITAT,Condominium,RCR,BISHAN STREET 15,20,2024-05-01,2020000.0,108.0,1162.5,1737.63,01-05,99 yrs lease commencing from 2011,,1.352265197983915,103.8518798166415
URA,SKY HABITAT,Condominium,RCR,BISHAN STREET 15,20,2024-05-01,2142000.0,117.0,1259.38,1700.84,11-15,99 yrs lease commencing from 2011,,1.352265197983915,103.8518798166415
URA,SKY HABITAT,Condominium,RCR,BISHAN STREET 15,20,2024-06-01,1850000.0,96.0,1033.33,1790.32,11-15,99 yrs lease commencing from 2011,,1.352265197983915,103.8518798166415
URA,SKY HABITAT,Condominium,RCR,BISHAN STREET 15,20,2024-06-01,1198000.0,66.0,710.42,1686.33,06-10,99 yrs lease commencing from 2011,,1.352265197983915,103.8518798166415
URA,SKY HABITAT,Condominium,RCR,BISHAN STREET 15,20,2024-07-01,2060000.0,108.0,1162.5,1772.04,11-15,99 yrs lease commencing from 2011,,1.352265197983915,103.8518798166415
URA,SKY HABITAT,Condominium,RCR,BISHAN STREET 15,20,2024-07-01,2460000.0,113.0,1216.32,2022.49,26-30,99 yrs lease commencing from 2011,,1.352265197983915,103.8518798166415
URA,SKY HABITAT,Condominium,RCR,BISHAN STREET 15,20,2024-07-01,3550000.0,176.0,1894.45,1873.9,31-35,99 yrs lease commencing from 2011,,1.352265197983915,103.8518798166415
URA,SKY HABITAT,Condominium,RCR,BISHAN STREET 15,20,2024-07-01,2300000.0,116.0,1248.61,1842.04,06-10,99 yrs lease commencing from 2011,,1.352265197983915,103.8518798166415
URA,SKY HABITAT,Condominium,RCR,BISHAN STREET 15,20,2024-07-01,2850000.0,140.0,1506.95,1891.24,21-25,99 yrs lease commencing from 2011,,1.352265197983915,103.8518798166415
URA,SKY HABITAT,Condominium,RCR,BISHAN STREET 15,20,2024-08-01,2306880.0,116.0,1248.61,1847.55,01-05,99 yrs lease commencing from 2011,,1.352265197983915,103.8518798166415
URA,SKY HABITAT,Condominium,RCR,BISHAN STREET 15,20,2024-08-01,1630000.0,83.0,893.4,1824.48,16-20,99 yrs lease commencing from 2011,,1.352265197983915,103.8518798166415
URA,SKY HABITAT,Condominium,RCR,BISHAN STREET 15,20,2024-08-01,3380000.0,166.0,1786.81,1891.64,31-35,99 yrs lease commencing from 2011,,1.352265197983915,103.8518798166415
URA,SKY HABITAT,Condominium,RCR,BISHAN STREET 15,20,2024-08-01,1827000.0,95.0,1022.57,1786.67,06-10,99 yrs lease commencing from 2011,,1.352265197983915,103.8518798166415
URA,SKY HABITAT,Condominium,RCR,BISHAN STREET 15,20,2024-08-01,3100000.0,167.0,1797.57,1724.55,06-10,99 yrs lease commencing from 2011,,1.352265197983915,103.8518798166415
URA,SKY HABITAT,Condominium,RCR,BISHAN STREET 15,20,2024-09-01,2200000.0,108.0,1162.5,1892.47,06-10,99 yrs lease commencing from 2011,,1.352265197983915,103.8518798166415
URA,SKY HABITAT,Condominium,RCR,BISHAN STREET 15,20,2024-09-01,3450000.0,167.0,1797.57,1919.26,21-25,99 yrs lease commencing from 2011,,1.352265197983915,103.8518798166415
URA,SKY HABITAT,Condominium,RCR,BISHAN STREET 15,20,2024-10-01,2250000.0,116.0,1248.61,1802.0,01-05,99 yrs lease commencing from 2011,,1.352265197983915,103.8518798166415
URA,SKY HABITAT,Condominium,RCR,BISHAN STREET 15,20,2024-10-01,1258800.0,66.0,710.42,1771.92,21-25,99 yrs lease commencing from 2011,,1.352265197983915,103.8518798166415
URA,SKY HABITAT,Condominium,RCR,BISHAN STREET 15,20,2024-11-01,1198000.0,66.0,710.42,1686.33,06-10,99 yrs lease commencing from 2011,,1.352265197983915,103.8518798166415
URA,SKY HABITAT,Condominium,RCR,BISHAN STREET 15,20,2024-11-01,1210000.0,66.0,710.42,1703.22,26-30,99 yrs lease commencing from 2011,,1.352265197983915,103.8518798166415
URA,SKY HABITAT,Condominium,RCR,BISHAN STREET 15,20,2024-11-01,1860000.0,95.0,1022.57,1818.95,06-10,99 yrs lease commencing from 2011,,1.352265197983915,103.8518798166415
URA,SKY HABITAT,Condominium,RCR,BISHAN STREET 15,20,2024-11-01,2600000.0,131.0,1410.07,1843.88,26-30,99 yrs lease commencing from 2011,,1.352265197983915,103.8518798166415
URA,SKY HABITAT,Condominium,RCR,BISHAN STREET 15,20,2024-12-01,4100000.0,207.0,2228.13,1840.11,01-05,99 yrs lease commencing from 2011,,1.352265197983915,103.8518798166415
URA,SKY HABITAT,Condominium,RCR,BISHAN STREET 15,20,2024-12-01,3400000.0,173.0,1862.15,1825.84,26-30,99 yrs lease commencing from 2011,,1.352265197983915,103.8518798166415
URA,SKY HABITAT,Condominium,RCR,BISHAN STREET 15,20,2024-12-01,1326000.0,66.0,710.42,1866.51,26-30,99 yrs lease commencing from 2011,,1.352265197983915,103.8518798166415
URA,SKY HABITAT,Condominium,RCR,BISHAN STREET 15,20,2025-01-01,1318000.0,66.0,710.42,1855.25,26-30,99 yrs lease commencing from 2011,,1.352265197983915,103.8518798166415
URA,SKY HABITAT,Condominium,RCR,BISHAN STREET 15,20,2025-02-01,1210000.0,66.0,710.42,1703.22,06-10,99 yrs lease commencing from 2011,,1.352265197983915,103.8518798166415
URA,SKY HABITAT,Condominium,RCR,BISHAN STREET 15,20,2025-02-01,1310000.0,66.0,710.42,1843.99,21-25,99 yrs lease commencing from 2011,,1.352265197983915,103.8518798166415
URA,SKY HABITAT,Condominium,RCR,BISHAN STREET 15,20,2025-02-01,3480000.0,167.0,1797.57,1935.95,16-20,99 yrs lease commencing from 2011,,1.352265197983915,103.8518798166415
URA,SKY HABITAT,Condominium,RCR,BISHAN STREET 15,20,2025-03-01,1260000.0,66.0,710.42,1773.61,06-10,99 yrs lease commencing from 2011,,1.352265197983915,103.8518798166415
URA,SKY HABITAT,Condominium,RCR,BISHAN STREET 15,20,2025-03-01,3580000.0,167.0,1797.57,1991.58,16-20,99 yrs lease commencing from 2011,,1.352265197983915,103.8518798166415
URA,SKY HABITAT,Condominium,RCR,BISHAN STREET 15,20,2025-04-01,2700000.0,130.0,1399.31,1929.53,21-25,99 yrs lease commencing from 2011,,1.352265197983915,103.8518798166415
URA,SKY HABITAT,Condominium,RCR,BISHAN STREET 15,20,2025-04-01,3980000.0,191.0,2055.9,1935.89,31-35,99 yrs lease commencing from 2011,,1.352265197983915,103.8518798166415
URA,SKY HABITAT,Condominium,RCR,BISHAN STREET 15,20,2025-05-01,1890000.0,96.0,1033.33,1829.03,16-20,99 yrs lease commencing from 2011,,1.352265197983915,103.8518798166415
URA,SKY HABITAT,Condominium,RCR,BISHAN STREET 15,20,2025-06-01,2558000.0,116.0,1248.61,2048.67,01-05,99 yrs lease commencing from 2011,,1.352265197983915,103.8518798166415
URA,SKY HABITAT,Condominium,RCR,BISHAN STREET 15,20,2025-06-01,3500000.0,167.0,1797.57,1947.07,11-15,99 yrs lease commencing from 2011,,1.352265197983915,103.8518798166415
URA,SKY HABITAT,Condominium,RCR,BISHAN STREET 15,20,2025-07-01,1860000.0,95.0,1022.57,1818.95,06-10,99 yrs lease commencing from 2011,,1.352265197983915,103.8518798166415
URA,SKY HABITAT,Condominium,RCR,BISHAN STREET 15,20,2025-08-01,1638888.0,81.0,871.88,1879.73,21-25,99 yrs lease commencing from 2011,,1.352265197983915,103.8518798166415
URA,SKY HABITAT,Condominium,RCR,BISHAN STREET 15,20,2025-09-01,1390000.0,66.0,710.42,1956.6,21-25,99 yrs lease commencing from 2011,,1.352265197983915,103.8518798166415
URA,SKY HABITAT,Condominium,RCR,BISHAN STREET 15,20,2025-10-01,2699888.0,113.0,1216.32,2219.72,31-35,99 yrs lease commencing from 2011,,1.352265197983915,103.8518798166415
URA,SKY HABITAT,Condominium,RCR,BISHAN STREET 15,20,2025-11-01,2800000.0,113.0,1216.32,2302.02,31-35,99 yrs lease commencing from 2011,,1.352265197983915,103.8518798166415
URA,SKY HABITAT,Condominium,RCR,BISHAN STREET 15,20,2025-11-01,1368000.0,66.0,710.42,1925.63,21-25,99 yrs lease commencing from 2011,,1.352265197983915,103.8518798166415
URA,SKY HABITAT,Condominium,RCR,BISHAN STREET 15,20,2026-01-01,2880000.0,113.0,1216.32,2367.8,31-35,99 yrs lease commencing from 2011,,1.352265197983915,103.8518798166415
URA,SKY HABITAT,Condominium,RCR,BISHAN STREET 15,20,2026-04-01,2800000.0,131.0,1410.07,1985.72,11-15,99 yrs lease commencing from 2011,,1.352265197983915,103.8518798166415
URA,SKY HABITAT,Condominium,RCR,BISHAN STREET 15,20,2026-04-01,2218000.0,111.0,1194.79,1856.39,16-20,99 yrs lease commencing from 2011,,1.352265197983915,103.8518798166415
URA,SKY HABITAT,Condominium,RCR,BISHAN STREET 15,20,2026-05-01,1420000.0,66.0,710.42,1998.82,26-30,99 yrs lease commencing from 2011,,1.352265197983915,103.8518798166415
URA,SKY HABITAT,Condominium,RCR,BISHAN STREET 15,20,2026-06-01,2730000.0,113.0,1216.32,2244.47,21-25,99 yrs lease commencing from 2011,,1.352265197983915,103.8518798166415
URA,SKY VUE,Condominium,RCR,BISHAN STREET 15,20,2021-07-01,880000.0,45.0,484.38,1816.77,31-35,99 yrs lease commencing from 2013,,1.352538678016245,103.8508411758365
URA,SKY VUE,Condominium,RCR,BISHAN STREET 15,20,2021-07-01,1198888.0,63.0,678.13,1767.94,06-10,99 yrs lease commencing from 2013,,1.352538678016245,103.8508411758365
URA,SKY VUE,Condominium,RCR,BISHAN STREET 15,20,2021-08-01,1150000.0,63.0,678.13,1695.85,11-15,99 yrs lease commencing from 2013,,1.352538678016245,103.8508411758365
URA,SKY VUE,Condominium,RCR,BISHAN STREET 15,20,2021-08-01,1800000.0,106.0,1140.97,1577.6,01-05,99 yrs lease commencing from 2013,,1.352538678016245,103.8508411758365
URA,SKY VUE,Condominium,RCR,BISHAN STREET 15,20,2021-08-01,1980000.0,106.0,1140.97,1735.36,11-15,99 yrs lease commencing from 2013,,1.352538678016245,103.8508411758365
URA,SKY VUE,Condominium,RCR,BISHAN STREET 15,20,2021-09-01,1400000.0,74.0,796.53,1757.63,21-25,99 yrs lease commencing from 2013,,1.352538678016245,103.8508411758365
URA,SKY VUE,Condominium,RCR,BISHAN STREET 15,20,2021-09-01,1380000.0,74.0,796.53,1732.52,16-20,99 yrs lease commencing from 2013,,1.352538678016245,103.8508411758365
URA,SKY VUE,Condominium,RCR,BISHAN STREET 15,20,2021-09-01,2040000.0,106.0,1140.97,1787.95,26-30,99 yrs lease commencing from 2013,,1.352538678016245,103.8508411758365
URA,SKY VUE,Condominium,RCR,BISHAN STREET 15,20,2021-09-01,1250000.0,63.0,678.13,1843.32,16-20,99 yrs lease commencing from 2013,,1.352538678016245,103.8508411758365
URA,SKY VUE,Condominium,RCR,BISHAN STREET 15,20,2021-09-01,1515000.0,74.0,796.53,1902.0,31-35,99 yrs lease commencing from 2013,,1.352538678016245,103.8508411758365
URA,SKY VUE,Condominium,RCR,BISHAN STREET 15,20,2021-09-01,875000.0,45.0,484.38,1806.45,11-15,99 yrs lease commencing from 2013,,1.352538678016245,103.8508411758365
URA,SKY VUE,Condominium,RCR,BISHAN STREET 15,20,2021-09-01,1220000.0,63.0,678.13,1799.08,16-20,99 yrs lease commencing from 2013,,1.352538678016245,103.8508411758365
URA,SKY VUE,Condominium,RCR,BISHAN STREET 15,20,2021-09-01,905000.0,46.0,495.14,1827.77,11-15,99 yrs lease commencing from 2013,,1.352538678016245,103.8508411758365
URA,SKY VUE,Condominium,RCR,BISHAN STREET 15,20,2021-09-01,1950000.0,106.0,1140.97,1709.07,26-30,99 yrs lease commencing from 2013,,1.352538678016245,103.8508411758365
URA,SKY VUE,Condominium,RCR,BISHAN STREET 15,20,2021-10-01,828000.0,45.0,484.38,1709.42,11-15,99 yrs lease commencing from 2013,,1.352538678016245,103.8508411758365
URA,SKY VUE,Condominium,RCR,BISHAN STREET 15,20,2021-10-01,1440000.0,75.0,807.29,1783.74,16-20,99 yrs lease commencing from 2013,,1.352538678016245,103.8508411758365
URA,SKY VUE,Condominium,RCR,BISHAN STREET 15,20,2021-11-01,1288000.0,63.0,678.13,1899.35,21-25,99 yrs lease commencing from 2013,,1.352538678016245,103.8508411758365
URA,SKY VUE,Condominium,RCR,BISHAN STREET 15,20,2021-11-01,2200000.0,106.0,1140.97,1928.18,36-40,99 yrs lease commencing from 2013,,1.352538678016245,103.8508411758365
URA,SKY VUE,Condominium,RCR,BISHAN STREET 15,20,2021-11-01,1300000.0,63.0,678.13,1917.05,26-30,99 yrs lease commencing from 2013,,1.352538678016245,103.8508411758365
URA,SKY VUE,Condominium,RCR,BISHAN STREET 15,20,2021-11-01,880000.0,45.0,484.38,1816.77,16-20,99 yrs lease commencing from 2013,,1.352538678016245,103.8508411758365
URA,SKY VUE,Condominium,RCR,BISHAN STREET 15,20,2021-12-01,1250000.0,63.0,678.13,1843.32,31-35,99 yrs lease commencing from 2013,,1.352538678016245,103.8508411758365
URA,SKY VUE,Condominium,RCR,BISHAN STREET 15,20,2021-12-01,1230000.0,63.0,678.13,1813.82,16-20,99 yrs lease commencing from 2013,,1.352538678016245,103.8508411758365
URA,SKY VUE,Condominium,RCR,BISHAN STREET 15,20,2021-12-01,1225000.0,63.0,678.13,1806.45,21-25,99 yrs lease commencing from 2013,,1.352538678016245,103.8508411758365
URA,SKY VUE,Condominium,RCR,BISHAN STREET 15,20,2021-12-01,1453000.0,75.0,807.29,1799.84,26-30,99 yrs lease commencing from 2013,,1.352538678016245,103.8508411758365
URA,SKY VUE,Condominium,RCR,BISHAN STREET 15,20,2022-01-01,1450000.0,74.0,796.53,1820.4,26-30,99 yrs lease commencing from 2013,,1.352538678016245,103.8508411758365
URA,SKY VUE,Condominium,RCR,BISHAN STREET 15,20,2022-01-01,1243000.0,63.0,678.13,1832.99,11-15,99 yrs lease commencing from 2013,,1.352538678016245,103.8508411758365
URA,SKY VUE,Condominium,RCR,BISHAN STREET 15,20,2022-01-01,2150000.0,106.0,1140.97,1884.36,26-30,99 yrs lease commencing from 2013,,1.352538678016245,103.8508411758365
URA,SKY VUE,Condominium,RCR,BISHAN STREET 15,20,2022-02-01,1280000.0,63.0,678.13,1887.56,06-10,99 yrs lease commencing from 2013,,1.352538678016245,103.8508411758365
URA,SKY VUE,Condominium,RCR,BISHAN STREET 15,20,2022-02-01,1460000.0,75.0,807.29,1808.51,26-30,99 yrs lease commencing from 2013,,1.352538678016245,103.8508411758365
URA,SKY VUE,Condominium,RCR,BISHAN STREET 15,20,2022-03-01,920000.0,45.0,484.38,1899.35,36-40,99 yrs lease commencing from 2013,,1.352538678016245,103.8508411758365
URA,SKY VUE,Condominium,RCR,BISHAN STREET 15,20,2022-03-01,1495000.0,77.0,828.82,1803.77,26-30,99 yrs lease commencing from 2013,,1.352538678016245,103.8508411758365
URA,SKY VUE,Condominium,RCR,BISHAN STREET 15,20,2022-04-01,1200000.0,63.0,678.13,1769.58,06-10,99 yrs lease commencing from 2013,,1.352538678016245,103.8508411758365
URA,SKY VUE,Condominium,RCR,BISHAN STREET 15,20,2022-04-01,887000.0,45.0,484.38,1831.22,21-25,99 yrs lease commencing from 2013,,1.352538678016245,103.8508411758365
URA,SKY VUE,Condominium,RCR,BISHAN STREET 15,20,2022-04-01,1460500.0,75.0,807.29,1809.13,26-30,99 yrs lease commencing from 2013,,1.352538678016245,103.8508411758365
URA,SKY VUE,Condominium,RCR,BISHAN STREET 15,20,2022-04-01,862000.0,45.0,484.38,1779.61,16-20,99 yrs lease commencing from 2013,,1.352538678016245,103.8508411758365
URA,SKY VUE,Condominium,RCR,BISHAN STREET 15,20,2022-05-01,1288000.0,63.0,678.13,1899.35,11-15,99 yrs lease commencing from 2013,,1.352538678016245,103.8508411758365
URA,SKY VUE,Condominium,RCR,BISHAN STREET 15,20,2022-05-01,1380000.0,63.0,678.13,2035.02,36-40,99 yrs lease commencing from 2013,,1.352538678016245,103.8508411758365
URA,SKY VUE,Condominium,RCR,BISHAN STREET 15,20,2022-05-01,1445000.0,75.0,807.29,1789.93,21-25,99 yrs lease commencing from 2013,,1.352538678016245,103.8508411758365
URA,SKY VUE,Condominium,RCR,BISHAN STREET 15,20,2022-06-01,895000.0,45.0,484.38,1847.74,26-30,99 yrs lease commencing from 2013,,1.352538678016245,103.8508411758365
URA,SKY VUE,Condominium,RCR,BISHAN STREET 15,20,2022-06-01,2188000.0,106.0,1140.97,1917.66,21-25,99 yrs lease commencing from 2013,,1.352538678016245,103.8508411758365
URA,SKY VUE,Condominium,RCR,BISHAN STREET 15,20,2022-06-01,1300000.0,63.0,678.13,1917.05,21-25,99 yrs lease commencing from 2013,,1.352538678016245,103.8508411758365
URA,SKY VUE,Condominium,RCR,BISHAN STREET 15,20,2022-06-01,1545000.0,74.0,796.53,1939.67,31-35,99 yrs lease commencing from 2013,,1.352538678016245,103.8508411758365
URA,SKY VUE,Condominium,RCR,BISHAN STREET 15,20,2022-07-01,1550000.0,75.0,807.29,1920.0,31-35,99 yrs lease commencing from 2013,,1.352538678016245,103.8508411758365
URA,SKY VUE,Condominium,RCR,BISHAN STREET 15,20,2022-07-01,1300000.0,63.0,678.13,1917.05,16-20,99 yrs lease commencing from 2013,,1.352538678016245,103.8508411758365
URA,SKY VUE,Condominium,RCR,BISHAN STREET 15,20,2022-07-01,2200000.0,106.0,1140.97,1928.18,31-35,99 yrs lease commencing from 2013,,1.352538678016245,103.8508411758365
URA,SKY VUE,Condominium,RCR,BISHAN STREET 15,20,2022-08-01,1290000.0,63.0,678.13,1902.3,11-15,99 yrs lease commencing from 2013,,1.352538678016245,103.8508411758365
URA,SKY VUE,Condominium,RCR,BISHAN STREET 15,20,2022-08-01,1210000.0,63.0,678.13,1784.33,01-05,99 yrs lease commencing from 2013,,1.352538678016245,103.8508411758365
URA,SKY VUE,Condominium,RCR,BISHAN STREET 15,20,2022-08-01,1540000.0,75.0,807.29,1907.61,21-25,99 yrs lease commencing from 2013,,1.352538678016245,103.8508411758365
URA,SKY VUE,Condominium,RCR,BISHAN STREET 15,20,2022-08-01,935000.0,46.0,495.14,1888.36,31-35,99 yrs lease commencing from 2013,,1.352538678016245,103.8508411758365
URA,SKY VUE,Condominium,RCR,BISHAN STREET 15,20,2022-08-01,1200000.0,63.0,678.13,1769.58,01-05,99 yrs lease commencing from 2013,,1.352538678016245,103.8508411758365
URA,SKY VUE,Condominium,RCR,BISHAN STREET 15,20,2022-08-01,929000.0,46.0,495.14,1876.24,26-30,99 yrs lease commencing from 2013,,1.352538678016245,103.8508411758365
URA,SKY VUE,Condominium,RCR,BISHAN STREET 15,20,2022-08-01,1410000.0,74.0,796.53,1770.18,06-10,99 yrs lease commencing from 2013,,1.352538678016245,103.8508411758365
URA,SKY VUE,Condominium,RCR,BISHAN STREET 15,20,2022-09-01,909000.0,45.0,484.38,1876.64,26-30,99 yrs lease commencing from 2013,,1.352538678016245,103.8508411758365
URA,SKY VUE,Condominium,RCR,BISHAN STREET 15,20,2022-09-01,1568000.0,75.0,807.29,1942.29,16-20,99 yrs lease commencing from 2013,,1.352538678016245,103.8508411758365
URA,SKY VUE,Condominium,RCR,BISHAN STREET 15,20,2022-09-01,1323000.0,63.0,678.13,1950.97,21-25,99 yrs lease commencing from 2013,,1.352538678016245,103.8508411758365
URA,SKY VUE,Condominium,RCR,BISHAN STREET 15,20,2022-09-01,1438000.0,74.0,796.53,1805.33,06-10,99 yrs lease commencing from 2013,,1.352538678016245,103.8508411758365
URA,SKY VUE,Condominium,RCR,BISHAN STREET 15,20,2022-09-01,948000.0,46.0,495.14,1914.61,06-10,99 yrs lease commencing from 2013,,1.352538678016245,103.8508411758365
URA,SKY VUE,Condominium,RCR,BISHAN STREET 15,20,2022-09-01,1900000.0,106.0,1140.97,1665.24,06-10,99 yrs lease commencing from 2013,,1.352538678016245,103.8508411758365
URA,SKY VUE,Condominium,RCR,BISHAN STREET 15,20,2022-10-01,1305000.0,63.0,678.13,1924.42,26-30,99 yrs lease commencing from 2013,,1.352538678016245,103.8508411758365
URA,SKY VUE,Condominium,RCR,BISHAN STREET 15,20,2022-10-01,1345000.0,63.0,678.13,1983.41,26-30,99 yrs lease commencing from 2013,,1.352538678016245,103.8508411758365
URA,SKY VUE,Condominium,RCR,BISHAN STREET 15,20,2022-11-01,948000.0,46.0,495.14,1914.61,21-25,99 yrs lease commencing from 2013,,1.352538678016245,103.8508411758365
URA,SKY VUE,Condominium,RCR,BISHAN STREET 15,20,2022-11-01,1590000.0,74.0,796.53,1996.16,26-30,99 yrs lease commencing from 2013,,1.352538678016245,103.8508411758365
URA,SKY VUE,Condominium,RCR,BISHAN STREET 15,20,2022-11-01,1255000.0,63.0,678.13,1850.69,01-05,99 yrs lease commencing from 2013,,1.352538678016245,103.8508411758365
URA,SKY VUE,Condominium,RCR,BISHAN STREET 15,20,2022-11-01,1280000.0,63.0,678.13,1887.56,06-10,99 yrs lease commencing from 2013,,1.352538678016245,103.8508411758365
URA,SKY VUE,Condominium,RCR,BISHAN STREET 15,20,2022-12-01,2215000.0,106.0,1140.97,1941.32,31-35,99 yrs lease commencing from 2013,,1.352538678016245,103.8508411758365
URA,SKY VUE,Condominium,RCR,BISHAN STREET 15,20,2023-01-01,1600000.0,75.0,807.29,1981.93,16-20,99 yrs lease commencing from 2013,,1.352538678016245,103.8508411758365
URA,SKY VUE,Condominium,RCR,BISHAN STREET 15,20,2023-02-01,1330000.0,63.0,678.13,1961.29,16-20,99 yrs lease commencing from 2013,,1.352538678016245,103.8508411758365
URA,SKY VUE,Condominium,RCR,BISHAN STREET 15,20,2023-03-01,1638000.0,75.0,807.29,2029.0,21-25,99 yrs lease commencing from 2013,,1.352538678016245,103.8508411758365
URA,SKY VUE,Condominium,RCR,BISHAN STREET 15,20,2023-03-01,1338000.0,79.0,850.35,1573.47,01-05,99 yrs lease commencing from 2013,,1.352538678016245,103.8508411758365
URA,SKY VUE,Condominium,RCR,BISHAN STREET 15,20,2023-03-01,1528888.0,74.0,796.53,1919.44,11-15,99 yrs lease commencing from 2013,,1.352538678016245,103.8508411758365
URA,SKY VUE,Condominium,RCR,BISHAN STREET 15,20,2023-03-01,1980000.0,106.0,1140.97,1735.36,01-05,99 yrs lease commencing from 2013,,1.352538678016245,103.8508411758365
URA,SKY VUE,Condominium,RCR,BISHAN STREET 15,20,2023-03-01,1648888.0,74.0,796.53,2070.09,26-30,99 yrs lease commencing from 2013,,1.352538678016245,103.8508411758365
URA,SKY VUE,Condominium,RCR,BISHAN STREET 15,20,2023-04-01,2300000.0,106.0,1140.97,2015.82,31-35,99 yrs lease commencing from 2013,,1.352538678016245,103.8508411758365
URA,SKY VUE,Condominium,RCR,BISHAN STREET 15,20,2023-04-01,1320000.0,63.0,678.13,1946.54,16-20,99 yrs lease commencing from 2013,,1.352538678016245,103.8508411758365
URA,SKY VUE,Condominium,RCR,BISHAN STREET 15,20,2023-04-01,1538000.0,74.0,796.53,1930.88,26-30,99 yrs lease commencing from 2013,,1.352538678016245,103.8508411758365
URA,SKY VUE,Condominium,RCR,BISHAN STREET 15,20,2023-05-01,2350000.0,106.0,1140.97,2059.64,26-30,99 yrs lease commencing from 2013,,1.352538678016245,103.8508411758365
URA,SKY VUE,Condominium,RCR,BISHAN STREET 15,20,2023-05-01,2190000.0,106.0,1140.97,1919.41,21-25,99 yrs lease commencing from 2013,,1.352538678016245,103.8508411758365
URA,SKY VUE,Condominium,RCR,BISHAN STREET 15,20,2023-06-01,1600000.0,74.0,796.53,2008.72,26-30,99 yrs lease commencing from 2013,,1.352538678016245,103.8508411758365
URA,SKY VUE,Condominium,RCR,BISHAN STREET 15,20,2023-06-01,980000.0,45.0,484.38,2023.22,21-25,99 yrs lease commencing from 2013,,1.352538678016245,103.8508411758365
URA,SKY VUE,Condominium,RCR,BISHAN STREET 15,20,2023-06-01,960000.0,46.0,495.14,1938.85,16-20,99 yrs lease commencing from 2013,,1.352538678016245,103.8508411758365
URA,SKY VUE,Condominium,RCR,BISHAN STREET 15,20,2023-06-01,1378000.0,63.0,678.13,2032.07,26-30,99 yrs lease commencing from 2013,,1.352538678016245,103.8508411758365
URA,SKY VUE,Condominium,RCR,BISHAN STREET 15,20,2023-07-01,1320000.0,63.0,678.13,1946.54,11-15,99 yrs lease commencing from 2013,,1.352538678016245,103.8508411758365
URA,SKY VUE,Condominium,RCR,BISHAN STREET 15,20,2023-07-01,960000.0,45.0,484.38,1981.93,21-25,99 yrs lease commencing from 2013,,1.352538678016245,103.8508411758365
URA,SKY VUE,Condominium,RCR,BISHAN STREET 15,20,2023-07-01,2300000.0,106.0,1140.97,2015.82,16-20,99 yrs lease commencing from 2013,,1.352538678016245,103.8508411758365
URA,SKY VUE,Condominium,RCR,BISHAN STREET 15,20,2023-07-01,980000.0,46.0,495.14,1979.24,16-20,99 yrs lease commencing from 2013,,1.352538678016245,103.8508411758365
URA,SKY VUE,Condominium,RCR,BISHAN STREET 15,20,2023-08-01,1412345.0,63.0,678.13,2082.72,31-35,99 yrs lease commencing from 2013,,1.352538678016245,103.8508411758365
URA,SKY VUE,Condominium,RCR,BISHAN STREET 15,20,2023-08-01,1688000.0,77.0,828.82,2036.63,21-25,99 yrs lease commencing from 2013,,1.352538678016245,103.8508411758365
URA,SKY VUE,Condominium,RCR,BISHAN STREET 15,20,2023-08-01,1350000.0,63.0,678.13,1990.78,16-20,99 yrs lease commencing from 2013,,1.352538678016245,103.8508411758365
URA,SKY VUE,Condominium,RCR,BISHAN STREET 15,20,2023-09-01,1400000.0,63.0,678.13,2064.51,26-30,99 yrs lease commencing from 2013,,1.352538678016245,103.8508411758365
URA,SKY VUE,Condominium,RCR,BISHAN STREET 15,20,2023-09-01,1388888.0,63.0,678.13,2048.13,16-20,99 yrs lease commencing from 2013,,1.352538678016245,103.8508411758365
URA,SKY VUE,Condominium,RCR,BISHAN STREET 15,20,2023-09-01,1270000.0,63.0,678.13,1872.81,01-05,99 yrs lease commencing from 2013,,1.352538678016245,103.8508411758365
URA,SKY VUE,Condominium,RCR,BISHAN STREET 15,20,2023-11-01,982500.0,45.0,484.38,2028.39,16-20,99 yrs lease commencing from 2013,,1.352538678016245,103.8508411758365
URA,SKY VUE,Condominium,RCR,BISHAN STREET 15,20,2023-11-01,2460000.0,106.0,1140.97,2156.05,26-30,99 yrs lease commencing from 2013,,1.352538678016245,103.8508411758365
URA,SKY VUE,Condominium,RCR,BISHAN STREET 15,20,2023-11-01,1400000.0,63.0,678.13,2064.51,31-35,99 yrs lease commencing from 2013,,1.352538678016245,103.8508411758365
URA,SKY VUE,Condominium,RCR,BISHAN STREET 15,20,2023-12-01,950000.0,45.0,484.38,1961.29,06-10,99 yrs lease commencing from 2013,,1.352538678016245,103.8508411758365
URA,SKY VUE,Condominium,RCR,BISHAN STREET 15,20,2023-12-01,987000.0,46.0,495.14,1993.38,16-20,99 yrs lease commencing from 2013,,1.352538678016245,103.8508411758365
URA,SKY VUE,Condominium,RCR,BISHAN STREET 15,20,2023-12-01,2480000.0,106.0,1140.97,2173.58,21-25,99 yrs lease commencing from 2013,,1.352538678016245,103.8508411758365
URA,SKY VUE,Condominium,RCR,BISHAN STREET 15,20,2023-12-01,2430000.0,106.0,1140.97,2129.76,16-20,99 yrs lease commencing from 2013,,1.352538678016245,103.8508411758365
URA,SKY VUE,Condominium,RCR,BISHAN STREET 15,20,2023-12-01,1400000.0,63.0,678.13,2064.51,26-30,99 yrs lease commencing from 2013,,1.352538678016245,103.8508411758365
URA,SKY VUE,Condominium,RCR,BISHAN STREET 15,20,2023-12-01,2500000.0,106.0,1140.97,2191.11,31-35,99 yrs lease commencing from 2013,,1.352538678016245,103.8508411758365
URA,SKY VUE,Condominium,RCR,BISHAN STREET 15,20,2024-01-01,1690000.0,75.0,807.29,2093.42,31-35,99 yrs lease commencing from 2013,,1.352538678016245,103.8508411758365
URA,SKY VUE,Condominium,RCR,BISHAN STREET 15,20,2024-01-01,1420000.0,63.0,678.13,2094.01,31-35,99 yrs lease commencing from 2013,,1.352538678016245,103.8508411758365
URA,SKY VUE,Condominium,RCR,BISHAN STREET 15,20,2024-01-01,990000.0,45.0,484.38,2043.87,31-35,99 yrs lease commencing from 2013,,1.352538678016245,103.8508411758365
URA,SKY VUE,Condominium,RCR,BISHAN STREET 15,20,2024-01-01,1430000.0,63.0,678.13,2108.75,26-30,99 yrs lease commencing from 2013,,1.352538678016245,103.8508411758365
URA,SKY VUE,Condominium,RCR,BISHAN STREET 15,20,2024-02-01,980000.0,45.0,484.38,2023.22,16-20,99 yrs lease commencing from 2013,,1.352538678016245,103.8508411758365
URA,SKY VUE,Condominium,RCR,BISHAN STREET 15,20,2024-02-01,2500000.0,106.0,1140.97,2191.11,21-25,99 yrs lease commencing from 2013,,1.352538678016245,103.8508411758365
URA,SKY VUE,Condominium,RCR,BISHAN STREET 15,20,2024-02-01,1320000.0,63.0,678.13,1946.54,06-10,99 yrs lease commencing from 2013,,1.352538678016245,103.8508411758365
URA,SKY VUE,Condominium,RCR,BISHAN STREET 15,20,2024-03-01,1510000.0,74.0,796.53,1895.73,01-05,99 yrs lease commencing from 2013,,1.352538678016245,103.8508411758365
URA,SKY VUE,Condominium,RCR,BISHAN STREET 15,20,2024-03-01,1710000.0,74.0,796.53,2146.82,36-40,99 yrs lease commencing from 2013,,1.352538678016245,103.8508411758365
URA,SKY VUE,Condominium,RCR,BISHAN STREET 15,20,2024-04-01,1415000.0,63.0,678.13,2086.63,06-10,99 yrs lease commencing from 2013,,1.352538678016245,103.8508411758365
URA,SKY VUE,Condominium,RCR,BISHAN STREET 15,20,2024-04-01,1675300.0,74.0,796.53,2103.25,26-30,99 yrs lease commencing from 2013,,1.352538678016245,103.8508411758365
URA,SKY VUE,Condominium,RCR,BISHAN STREET 15,20,2024-04-01,1713888.0,77.0,828.82,2067.86,21-25,99 yrs lease commencing from 2013,,1.352538678016245,103.8508411758365
URA,SKY VUE,Condominium,RCR,BISHAN STREET 15,20,2024-05-01,1400000.0,63.0,678.13,2064.51,11-15,99 yrs lease commencing from 2013,,1.352538678016245,103.8508411758365
URA,SKY VUE,Condominium,RCR,BISHAN STREET 15,20,2024-06-01,1750000.0,75.0,807.29,2167.74,16-20,99 yrs lease commencing from 2013,,1.352538678016245,103.8508411758365
URA,SKY VUE,Condominium,RCR,BISHAN STREET 15,20,2024-06-01,1430000.0,63.0,678.13,2108.75,01-05,99 yrs lease commencing from 2013,,1.352538678016245,103.8508411758365
URA,SKY VUE,Condominium,RCR,BISHAN STREET 15,20,2024-06-01,1690000.0,74.0,796.53,2121.71,31-35,99 yrs lease commencing from 2013,,1.352538678016245,103.8508411758365
URA,SKY VUE,Condominium,RCR,BISHAN STREET 15,20,2024-07-01,1030000.0,45.0,484.38,2126.45,26-30,99 yrs lease commencing from 2013,,1.352538678016245,103.8508411758365
URA,SKY VUE,Condominium,RCR,BISHAN STREET 15,20,2024-08-01,2700000.0,106.0,1140.97,2366.4,11-15,99 yrs lease commencing from 2013,,1.352538678016245,103.8508411758365
URA,SKY VUE,Condominium,RCR,BISHAN STREET 15,20,2024-08-01,2538888.0,106.0,1140.97,2225.19,11-15,99 yrs lease commencing from 2013,,1.352538678016245,103.8508411758365
URA,SKY VUE,Condominium,RCR,BISHAN STREET 15,20,2024-08-01,1430000.0,63.0,678.13,2108.75,06-10,99 yrs lease commencing from 2013,,1.352538678016245,103.8508411758365
URA,SKY VUE,Condominium,RCR,BISHAN STREET 15,20,2024-08-01,955000.0,45.0,484.38,1971.61,06-10,99 yrs lease commencing from 2013,,1.352538678016245,103.8508411758365
URA,SKY VUE,Condominium,RCR,BISHAN STREET 15,20,2024-09-01,1430000.0,63.0,678.13,2108.75,26-30,99 yrs lease commencing from 2013,,1.352538678016245,103.8508411758365
URA,SKY VUE,Condominium,RCR,BISHAN STREET 15,20,2024-11-01,1444888.0,63.0,678.13,2130.71,16-20,99 yrs lease commencing from 2013,,1.352538678016245,103.8508411758365
URA,SKY VUE,Condominium,RCR,BISHAN STREET 15,20,2024-11-01,1100000.0,46.0,495.14,2221.6,31-35,99 yrs lease commencing from 2013,,1.352538678016245,103.8508411758365
URA,SKY VUE,Condominium,RCR,BISHAN STREET 15,20,2024-11-01,2400000.0,106.0,1140.97,2103.47,01-05,99 yrs lease commencing from 2013,,1.352538678016245,103.8508411758365
URA,SKY VUE,Condominium,RCR,BISHAN STREET 15,20,2024-11-01,1480000.0,63.0,678.13,2182.49,26-30,99 yrs lease commencing from 2013,,1.352538678016245,103.8508411758365
URA,SKY VUE,Condominium,RCR,BISHAN STREET 15,20,2024-12-01,2858000.0,106.0,1140.97,2504.88,31-35,99 yrs lease commencing from 2013,,1.352538678016245,103.8508411758365
URA,SKY VUE,Condominium,RCR,BISHAN STREET 15,20,2025-01-01,997888.0,45.0,484.38,2060.15,21-25,99 yrs lease commencing from 2013,,1.352538678016245,103.8508411758365
URA,SKY VUE,Condominium,RCR,BISHAN STREET 15,20,2025-01-01,999000.0,45.0,484.38,2062.45,11-15,99 yrs lease commencing from 2013,,1.352538678016245,103.8508411758365
URA,SKY VUE,Condominium,RCR,BISHAN STREET 15,20,2025-01-01,1470000.0,63.0,678.13,2167.74,21-25,99 yrs lease commencing from 2013,,1.352538678016245,103.8508411758365
URA,SKY VUE,Condominium,RCR,BISHAN STREET 15,20,2025-01-01,1400000.0,63.0,678.13,2064.51,26-30,99 yrs lease commencing from 2013,,1.352538678016245,103.8508411758365
URA,SKY VUE,Condominium,RCR,BISHAN STREET 15,20,2025-02-01,2778000.0,106.0,1140.97,2434.76,11-15,99 yrs lease commencing from 2013,,1.352538678016245,103.8508411758365
URA,SKY VUE,Condominium,RCR,BISHAN STREET 15,20,2025-02-01,1463000.0,63.0,678.13,2157.42,21-25,99 yrs lease commencing from 2013,,1.352538678016245,103.8508411758365
URA,SKY VUE,Condominium,RCR,BISHAN STREET 15,20,2025-03-01,1756800.0,75.0,807.29,2176.16,21-25,99 yrs lease commencing from 2013,,1.352538678016245,103.8508411758365
URA,SKY VUE,Condominium,RCR,BISHAN STREET 15,20,2025-03-01,2880000.0,106.0,1140.97,2524.16,31-35,99 yrs lease commencing from 2013,,1.352538678016245,103.8508411758365
URA,SKY VUE,Condominium,RCR,BISHAN STREET 15,20,2025-04-01,1025000.0,45.0,484.38,2116.13,06-10,99 yrs lease commencing from 2013,,1.352538678016245,103.8508411758365
URA,SKY VUE,Condominium,RCR,BISHAN STREET 15,20,2025-05-01,1730000.0,74.0,796.53,2171.92,21-25,99 yrs lease commencing from 2013,,1.352538678016245,103.8508411758365
URA,SKY VUE,Condominium,RCR,BISHAN STREET 15,20,2025-06-01,1388000.0,63.0,678.13,2046.82,01-05,99 yrs lease commencing from 2013,,1.352538678016245,103.8508411758365
URA,SKY VUE,Condominium,RCR,BISHAN STREET 15,20,2025-06-01,1500000.0,63.0,678.13,2211.98,26-30,99 yrs lease commencing from 2013,,1.352538678016245,103.8508411758365
URA,SKY VUE,Condominium,RCR,BISHAN STREET 15,20,2025-07-01,1015000.0,46.0,495.14,2049.93,16-20,99 yrs lease commencing from 2013,,1.352538678016245,103.8508411758365
URA,SKY VUE,Condominium,RCR,BISHAN STREET 15,20,2025-07-01,1790000.0,75.0,807.29,2217.29,26-30,99 yrs lease commencing from 2013,,1.352538678016245,103.8508411758365
URA,SKY VUE,Condominium,RCR,BISHAN STREET 15,20,2025-08-01,1500000.0,63.0,678.13,2211.98,26-30,99 yrs lease commencing from 2013,,1.352538678016245,103.8508411758365
URA,SKY VUE,Condominium,RCR,BISHAN STREET 15,20,2025-08-01,1050000.0,46.0,495.14,2120.61,31-35,99 yrs lease commencing from 2013,,1.352538678016245,103.8508411758365
URA,SKY VUE,Condominium,RCR,BISHAN STREET 15,20,2025-10-01,1740000.0,74.0,796.53,2184.48,16-20,99 yrs lease commencing from 2013,,1.352538678016245,103.8508411758365
URA,SKY VUE,Condominium,RCR,BISHAN STREET 15,20,2025-11-01,1538000.0,63.0,678.13,2268.02,06-10,99 yrs lease commencing from 2013,,1.352538678016245,103.8508411758365
URA,SKY VUE,Condominium,RCR,BISHAN STREET 15,20,2025-11-01,1515000.0,63.0,678.13,2234.1,26-30,99 yrs lease commencing from 2013,,1.352538678016245,103.8508411758365
URA,SKY VUE,Condominium,RCR,BISHAN STREET 15,20,2025-11-01,1775000.0,75.0,807.29,2198.71,26-30,99 yrs lease commencing from 2013,,1.352538678016245,103.8508411758365
URA,SKY VUE,Condominium,RCR,BISHAN STREET 15,20,2025-11-01,1510000.0,63.0,678.13,2226.73,31-35,99 yrs lease commencing from 2013,,1.352538678016245,103.8508411758365
URA,SKY VUE,Condominium,RCR,BISHAN STREET 15,20,2025-11-01,1735000.0,75.0,807.29,2149.16,16-20,99 yrs lease commencing from 2013,,1.352538678016245,103.8508411758365
URA,SKY VUE,Condominium,RCR,BISHAN STREET 15,20,2025-12-01,1050000.0,46.0,495.14,2120.61,31-35,99 yrs lease commencing from 2013,,1.352538678016245,103.8508411758365
URA,SKY VUE,Condominium,RCR,BISHAN STREET 15,20,2026-02-01,2600000.0,106.0,1140.97,2278.76,01-05,99 yrs lease commencing from 2013,,1.352538678016245,103.8508411758365
URA,SKY VUE,Condominium,RCR,BISHAN STREET 15,20,2026-02-01,1528000.0,63.0,678.13,2253.27,16-20,99 yrs lease commencing from 2013,,1.352538678016245,103.8508411758365
URA,SKY VUE,Condominium,RCR,BISHAN STREET 15,20,2026-03-01,1050000.0,45.0,484.38,2167.74,31-35,99 yrs lease commencing from 2013,,1.352538678016245,103.8508411758365
URA,SKY VUE,Condominium,RCR,BISHAN STREET 15,20,2026-04-01,1450000.0,63.0,678.13,2138.25,06-10,99 yrs lease commencing from 2013,,1.352538678016245,103.8508411758365
URA,SKY VUE,Condominium,RCR,BISHAN STREET 15,20,2026-04-01,1025000.0,46.0,495.14,2070.12,21-25,99 yrs lease commencing from 2013,,1.352538678016245,103.8508411758365
URA,SKY VUE,Condominium,RCR,BISHAN STREET 15,20,2026-04-01,1042888.0,45.0,484.38,2153.06,11-15,99 yrs lease commencing from 2013,,1.352538678016245,103.8508411758365
URA,SKY VUE,Condominium,RCR,BISHAN STREET 15,20,2026-06-01,1780000.0,74.0,796.53,2234.7,31-35,99 yrs lease commencing from 2013,,1.352538678016245,103.8508411758365
URA,SKY VUE,Condominium,RCR,BISHAN STREET 15,20,2026-07-01,1520000.0,63.0,678.13,2241.47,11-15,99 yrs lease commencing from 2013,,1.352538678016245,103.8508411758365
URA,TREVISTA,Condominium,RCR,LORONG 3 TOA PAYOH,12,2021-07-01,1470000.0,94.0,1011.81,1452.85,16-20,99 yrs lease commencing from 2008,,1.3377848344930934,103.84662468784866
URA,TREVISTA,Condominium,RCR,LORONG 3 TOA PAYOH,12,2021-08-01,1260000.0,80.0,861.11,1463.22,16-20,99 yrs lease commencing from 2008,,1.3377848344930934,103.84662468784866
URA,TREVISTA,Condominium,RCR,LORONG 3 TOA PAYOH,12,2021-08-01,2750000.0,169.0,1819.1,1511.74,36-40,99 yrs lease commencing from 2008,,1.3377848344930934,103.84662468784866
URA,TREVISTA,Condominium,RCR,LORONG 3 TOA PAYOH,12,2021-08-01,1200000.0,83.0,893.4,1343.18,01-05,99 yrs lease commencing from 2008,,1.3377848344930934,103.84662468784866
URA,TREVISTA,Condominium,RCR,LORONG 3 TOA PAYOH,12,2021-08-01,2450000.0,158.0,1700.7,1440.59,01-05,99 yrs lease commencing from 2008,,1.3377848344930934,103.84662468784866
URA,TREVISTA,Condominium,RCR,LORONG 3 TOA PAYOH,12,2021-08-01,1058000.0,64.0,688.89,1535.8,16-20,99 yrs lease commencing from 2008,,1.3377848344930934,103.84662468784866
URA,TREVISTA,Condominium,RCR,LORONG 3 TOA PAYOH,12,2021-08-01,2280000.0,161.0,1732.99,1315.65,06-10,99 yrs lease commencing from 2008,,1.3377848344930934,103.84662468784866
URA,TREVISTA,Condominium,RCR,LORONG 3 TOA PAYOH,12,2021-09-01,1030000.0,64.0,688.89,1495.16,16-20,99 yrs lease commencing from 2008,,1.3377848344930934,103.84662468784866
URA,TREVISTA,Condominium,RCR,LORONG 3 TOA PAYOH,12,2021-10-01,1855000.0,126.0,1356.25,1367.74,01-05,99 yrs lease commencing from 2008,,1.3377848344930934,103.84662468784866
URA,TREVISTA,Condominium,RCR,LORONG 3 TOA PAYOH,12,2021-10-01,1700000.0,102.0,1097.92,1548.39,01-05,99 yrs lease commencing from 2008,,1.3377848344930934,103.84662468784866
URA,TREVISTA,Condominium,RCR,LORONG 3 TOA PAYOH,12,2021-11-01,1800000.0,104.0,1119.45,1607.94,36-40,99 yrs lease commencing from 2008,,1.3377848344930934,103.84662468784866
URA,TREVISTA,Condominium,RCR,LORONG 3 TOA PAYOH,12,2021-11-01,1640000.0,103.0,1108.68,1479.23,01-05,99 yrs lease commencing from 2008,,1.3377848344930934,103.84662468784866
URA,TREVISTA,Condominium,RCR,LORONG 3 TOA PAYOH,12,2021-12-01,1450000.0,85.0,914.93,1584.82,36-40,99 yrs lease commencing from 2008,,1.3377848344930934,103.84662468784866
URA,TREVISTA,Condominium,RCR,LORONG 3 TOA PAYOH,12,2021-12-01,1788000.0,107.0,1151.74,1552.44,01-05,99 yrs lease commencing from 2008,,1.3377848344930934,103.84662468784866
URA,TREVISTA,Condominium,RCR,LORONG 3 TOA PAYOH,12,2021-12-01,1866666.0,107.0,1151.74,1620.74,31-35,99 yrs lease commencing from 2008,,1.3377848344930934,103.84662468784866
URA,TREVISTA,Condominium,RCR,LORONG 3 TOA PAYOH,12,2021-12-01,1550000.0,94.0,1011.81,1531.91,16-20,99 yrs lease commencing from 2008,,1.3377848344930934,103.84662468784866
URA,TREVISTA,Condominium,RCR,LORONG 3 TOA PAYOH,12,2021-12-01,2780000.0,168.0,1808.34,1537.33,36-40,99 yrs lease commencing from 2008,,1.3377848344930934,103.84662468784866
URA,TREVISTA,Condominium,RCR,LORONG 3 TOA PAYOH,12,2022-01-01,2870000.0,169.0,1819.1,1577.7,36-40,99 yrs lease commencing from 2008,,1.3377848344930934,103.84662468784866
URA,TREVISTA,Condominium,RCR,LORONG 3 TOA PAYOH,12,2022-01-01,1300000.0,83.0,893.4,1455.11,21-25,99 yrs lease commencing from 2008,,1.3377848344930934,103.84662468784866
URA,TREVISTA,Condominium,RCR,LORONG 3 TOA PAYOH,12,2022-02-01,1880000.0,105.0,1130.21,1663.41,31-35,99 yrs lease commencing from 2008,,1.3377848344930934,103.84662468784866
URA,TREVISTA,Condominium,RCR,LORONG 3 TOA PAYOH,12,2022-03-01,1770000.0,106.0,1140.97,1551.31,11-15,99 yrs lease commencing from 2008,,1.3377848344930934,103.84662468784866
URA,TREVISTA,Condominium,RCR,LORONG 3 TOA PAYOH,12,2022-03-01,2927000.0,168.0,1808.34,1618.62,31-35,99 yrs lease commencing from 2008,,1.3377848344930934,103.84662468784866
URA,TREVISTA,Condominium,RCR,LORONG 3 TOA PAYOH,12,2022-03-01,2098000.0,118.0,1270.14,1651.79,31-35,99 yrs lease commencing from 2008,,1.3377848344930934,103.84662468784866
URA,TREVISTA,Condominium,RCR,LORONG 3 TOA PAYOH,12,2022-03-01,1760000.0,105.0,1130.21,1557.23,21-25,99 yrs lease commencing from 2008,,1.3377848344930934,103.84662468784866
URA,TREVISTA,Condominium,RCR,LORONG 3 TOA PAYOH,12,2022-03-01,1680000.0,104.0,1119.45,1500.74,01-05,99 yrs lease commencing from 2008,,1.3377848344930934,103.84662468784866
URA,TREVISTA,Condominium,RCR,LORONG 3 TOA PAYOH,12,2022-03-01,1205000.0,80.0,861.11,1399.35,06-10,99 yrs lease commencing from 2008,,1.3377848344930934,103.84662468784866
URA,TREVISTA,Condominium,RCR,LORONG 3 TOA PAYOH,12,2022-03-01,1468888.0,88.0,947.22,1550.73,36-40,99 yrs lease commencing from 2008,,1.3377848344930934,103.84662468784866
URA,TREVISTA,Condominium,RCR,LORONG 3 TOA PAYOH,12,2022-04-01,2618000.0,161.0,1732.99,1510.69,06-10,99 yrs lease commencing from 2008,,1.3377848344930934,103.84662468784866
URA,TREVISTA,Condominium,RCR,LORONG 3 TOA PAYOH,12,2022-04-01,1810000.0,106.0,1140.97,1586.36,11-15,99 yrs lease commencing from 2008,,1.3377848344930934,103.84662468784866
URA,TREVISTA,Condominium,RCR,LORONG 3 TOA PAYOH,12,2022-04-01,1400000.0,80.0,861.11,1625.8,26-30,99 yrs lease commencing from 2008,,1.3377848344930934,103.84662468784866
URA,TREVISTA,Condominium,RCR,LORONG 3 TOA PAYOH,12,2022-04-01,2580000.0,145.0,1560.77,1653.04,21-25,99 yrs lease commencing from 2008,,1.3377848344930934,103.84662468784866
URA,TREVISTA,Condominium,RCR,LORONG 3 TOA PAYOH,12,2022-05-01,1840000.0,105.0,1130.21,1628.02,16-20,99 yrs lease commencing from 2008,,1.3377848344930934,103.84662468784866
URA,TREVISTA,Condominium,RCR,LORONG 3 TOA PAYOH,12,2022-06-01,1950000.0,119.0,1280.9,1522.36,11-15,99 yrs lease commencing from 2008,,1.3377848344930934,103.84662468784866
URA,TREVISTA,Condominium,RCR,LORONG 3 TOA PAYOH,12,2022-06-01,1800000.0,106.0,1140.97,1577.6,16-20,99 yrs lease commencing from 2008,,1.3377848344930934,103.84662468784866
URA,TREVISTA,Condominium,RCR,LORONG 3 TOA PAYOH,12,2022-06-01,1800000.0,103.0,1108.68,1623.55,21-25,99 yrs lease commencing from 2008,,1.3377848344930934,103.84662468784866
URA,TREVISTA,Condominium,RCR,LORONG 3 TOA PAYOH,12,2022-06-01,713000.0,43.0,462.85,1540.46,06-10,99 yrs lease commencing from 2008,,1.3377848344930934,103.84662468784866
URA,TREVISTA,Condominium,RCR,LORONG 3 TOA PAYOH,12,2022-07-01,1550000.0,94.0,1011.81,1531.91,01-05,99 yrs lease commencing from 2008,,1.3377848344930934,103.84662468784866
URA,TREVISTA,Condominium,RCR,LORONG 3 TOA PAYOH,12,2022-07-01,1408000.0,85.0,914.93,1538.91,11-15,99 yrs lease commencing from 2008,,1.3377848344930934,103.84662468784866
URA,TREVISTA,Condominium,RCR,LORONG 3 TOA PAYOH,12,2022-08-01,2880000.0,161.0,1732.99,1661.87,26-30,99 yrs lease commencing from 2008,,1.3377848344930934,103.84662468784866
URA,TREVISTA,Condominium,RCR,LORONG 3 TOA PAYOH,12,2022-09-01,1400000.0,80.0,861.11,1625.8,31-35,99 yrs lease commencing from 2008,,1.3377848344930934,103.84662468784866
URA,TREVISTA,Condominium,RCR,LORONG 3 TOA PAYOH,12,2022-09-01,1938000.0,105.0,1130.21,1714.73,31-35,99 yrs lease commencing from 2008,,1.3377848344930934,103.84662468784866
URA,TREVISTA,Condominium,RCR,LORONG 3 TOA PAYOH,12,2022-09-01,1500000.0,86.0,925.7,1620.4,16-20,99 yrs lease commencing from 2008,,1.3377848344930934,103.84662468784866
URA,TREVISTA,Condominium,RCR,LORONG 3 TOA PAYOH,12,2022-09-01,1830000.0,103.0,1108.68,1650.61,11-15,99 yrs lease commencing from 2008,,1.3377848344930934,103.84662468784866
URA,TREVISTA,Condominium,RCR,LORONG 3 TOA PAYOH,12,2022-09-01,1930000.0,106.0,1140.97,1691.54,26-30,99 yrs lease commencing from 2008,,1.3377848344930934,103.84662468784866
URA,TREVISTA,Condominium,RCR,LORONG 3 TOA PAYOH,12,2022-10-01,1850000.0,105.0,1130.21,1636.86,11-15,99 yrs lease commencing from 2008,,1.3377848344930934,103.84662468784866
URA,TREVISTA,Condominium,RCR,LORONG 3 TOA PAYOH,12,2022-10-01,2950000.0,158.0,1700.7,1734.58,16-20,99 yrs lease commencing from 2008,,1.3377848344930934,103.84662468784866
URA,TREVISTA,Condominium,RCR,LORONG 3 TOA PAYOH,12,2022-11-01,1460000.0,83.0,893.4,1634.2,26-30,99 yrs lease commencing from 2008,,1.3377848344930934,103.84662468784866
URA,TREVISTA,Condominium,RCR,LORONG 3 TOA PAYOH,12,2022-11-01,2160000.0,119.0,1280.9,1686.31,11-15,99 yrs lease commencing from 2008,,1.3377848344930934,103.84662468784866
URA,TREVISTA,Condominium,RCR,LORONG 3 TOA PAYOH,12,2022-12-01,2100000.0,119.0,1280.9,1639.47,21-25,99 yrs lease commencing from 2008,,1.3377848344930934,103.84662468784866
URA,TREVISTA,Condominium,RCR,LORONG 3 TOA PAYOH,12,2023-01-01,1485000.0,86.0,925.7,1604.2,16-20,99 yrs lease commencing from 2008,,1.3377848344930934,103.84662468784866
URA,TREVISTA,Condominium,RCR,LORONG 3 TOA PAYOH,12,2023-03-01,1500000.0,83.0,893.4,1678.97,06-10,99 yrs lease commencing from 2008,,1.3377848344930934,103.84662468784866
URA,TREVISTA,Condominium,RCR,LORONG 3 TOA PAYOH,12,2023-03-01,1980000.0,104.0,1119.45,1768.73,26-30,99 yrs lease commencing from 2008,,1.3377848344930934,103.84662468784866
URA,TREVISTA,Condominium,RCR,LORONG 3 TOA PAYOH,12,2023-03-01,2200000.0,150.0,1614.59,1362.58,01-05,99 yrs lease commencing from 2008,,1.3377848344930934,103.84662468784866
URA,TREVISTA,Condominium,RCR,LORONG 3 TOA PAYOH,12,2023-04-01,1750000.0,106.0,1140.97,1533.78,01-05,99 yrs lease commencing from 2008,,1.3377848344930934,103.84662468784866
URA,TREVISTA,Condominium,RCR,LORONG 3 TOA PAYOH,12,2023-04-01,1950000.0,106.0,1140.97,1709.07,31-35,99 yrs lease commencing from 2008,,1.3377848344930934,103.84662468784866
URA,TREVISTA,Condominium,RCR,LORONG 3 TOA PAYOH,12,2023-05-01,1158000.0,64.0,688.89,1680.97,21-25,99 yrs lease commencing from 2008,,1.3377848344930934,103.84662468784866
URA,TREVISTA,Condominium,RCR,LORONG 3 TOA PAYOH,12,2023-05-01,1870000.0,105.0,1130.21,1654.56,06-10,99 yrs lease commencing from 2008,,1.3377848344930934,103.84662468784866
URA,TREVISTA,Condominium,RCR,LORONG 3 TOA PAYOH,12,2023-05-01,708000.0,43.0,462.85,1529.66,16-20,99 yrs lease commencing from 2008,,1.3377848344930934,103.84662468784866
URA,TREVISTA,Condominium,RCR,LORONG 3 TOA PAYOH,12,2023-06-01,1588000.0,116.0,1248.61,1271.81,01-05,99 yrs lease commencing from 2008,,1.3377848344930934,103.84662468784866
URA,TREVISTA,Condominium,RCR,LORONG 3 TOA PAYOH,12,2023-06-01,725000.0,43.0,462.85,1566.39,11-15,99 yrs lease commencing from 2008,,1.3377848344930934,103.84662468784866
URA,TREVISTA,Condominium,RCR,LORONG 3 TOA PAYOH,12,2023-07-01,2858000.0,145.0,1560.77,1831.15,31-35,99 yrs lease commencing from 2008,,1.3377848344930934,103.84662468784866
URA,TREVISTA,Condominium,RCR,LORONG 3 TOA PAYOH,12,2023-07-01,2250000.0,118.0,1270.14,1771.46,16-20,99 yrs lease commencing from 2008,,1.3377848344930934,103.84662468784866
URA,TREVISTA,Condominium,RCR,LORONG 3 TOA PAYOH,12,2023-07-01,2060000.0,119.0,1280.9,1608.24,01-05,99 yrs lease commencing from 2008,,1.3377848344930934,103.84662468784866
URA,TREVISTA,Condominium,RCR,LORONG 3 TOA PAYOH,12,2023-08-01,1548000.0,80.0,861.11,1797.68,11-15,99 yrs lease commencing from 2008,,1.3377848344930934,103.84662468784866
URA,TREVISTA,Condominium,RCR,LORONG 3 TOA PAYOH,12,2023-10-01,1399000.0,80.0,861.11,1624.64,01-05,99 yrs lease commencing from 2008,,1.3377848344930934,103.84662468784866
URA,TREVISTA,Condominium,RCR,LORONG 3 TOA PAYOH,12,2023-10-01,1860000.0,106.0,1140.97,1630.19,01-05,99 yrs lease commencing from 2008,,1.3377848344930934,103.84662468784866
URA,TREVISTA,Condominium,RCR,LORONG 3 TOA PAYOH,12,2023-11-01,2050000.0,104.0,1119.45,1831.26,11-15,99 yrs lease commencing from 2008,,1.3377848344930934,103.84662468784866
URA,TREVISTA,Condominium,RCR,LORONG 3 TOA PAYOH,12,2023-12-01,1680000.0,86.0,925.7,1814.85,31-35,99 yrs lease commencing from 2008,,1.3377848344930934,103.84662468784866
URA,TREVISTA,Condominium,RCR,LORONG 3 TOA PAYOH,12,2023-12-01,2390000.0,149.0,1603.82,1490.19,01-05,99 yrs lease commencing from 2008,,1.3377848344930934,103.84662468784866
URA,TREVISTA,Condominium,RCR,LORONG 3 TOA PAYOH,12,2024-01-01,2348000.0,118.0,1270.14,1848.61,26-30,99 yrs lease commencing from 2008,,1.3377848344930934,103.84662468784866
URA,TREVISTA,Condominium,RCR,LORONG 3 TOA PAYOH,12,2024-01-01,2868000.0,145.0,1560.77,1837.56,31-35,99 yrs lease commencing from 2008,,1.3377848344930934,103.84662468784866
URA,TREVISTA,Condominium,RCR,LORONG 3 TOA PAYOH,12,2024-02-01,2138888.0,118.0,1270.14,1683.98,01-05,99 yrs lease commencing from 2008,,1.3377848344930934,103.84662468784866
URA,TREVISTA,Condominium,RCR,LORONG 3 TOA PAYOH,12,2024-02-01,1990000.0,106.0,1140.97,1744.12,06-10,99 yrs lease commencing from 2008,,1.3377848344930934,103.84662468784866
URA,TREVISTA,Condominium,RCR,LORONG 3 TOA PAYOH,12,2024-03-01,2390000.0,118.0,1270.14,1881.68,36-40,99 yrs lease commencing from 2008,,1.3377848344930934,103.84662468784866
URA,TREVISTA,Condominium,RCR,LORONG 3 TOA PAYOH,12,2024-03-01,2210000.0,118.0,1270.14,1739.97,11-15,99 yrs lease commencing from 2008,,1.3377848344930934,103.84662468784866
URA,TREVISTA,Condominium,RCR,LORONG 3 TOA PAYOH,12,2024-04-01,3000000.0,161.0,1732.99,1731.11,11-15,99 yrs lease commencing from 2008,,1.3377848344930934,103.84662468784866
URA,TREVISTA,Condominium,RCR,LORONG 3 TOA PAYOH,12,2024-04-01,3088000.0,158.0,1700.7,1815.73,21-25,99 yrs lease commencing from 2008,,1.3377848344930934,103.84662468784866
URA,TREVISTA,Condominium,RCR,LORONG 3 TOA PAYOH,12,2024-04-01,1638000.0,86.0,925.7,1769.48,16-20,99 yrs lease commencing from 2008,,1.3377848344930934,103.84662468784866
URA,TREVISTA,Condominium,RCR,LORONG 3 TOA PAYOH,12,2024-04-01,2168000.0,104.0,1119.45,1936.67,31-35,99 yrs lease commencing from 2008,,1.3377848344930934,103.84662468784866
URA,TREVISTA,Condominium,RCR,LORONG 3 TOA PAYOH,12,2024-04-01,1155000.0,64.0,688.89,1676.61,01-05,99 yrs lease commencing from 2008,,1.3377848344930934,103.84662468784866
URA,TREVISTA,Condominium,RCR,LORONG 3 TOA PAYOH,12,2024-04-01,1750000.0,94.0,1011.81,1729.58,06-10,99 yrs lease commencing from 2008,,1.3377848344930934,103.84662468784866
URA,TREVISTA,Condominium,RCR,LORONG 3 TOA PAYOH,12,2024-05-01,1544520.0,85.0,914.93,1688.13,01-05,99 yrs lease commencing from 2008,,1.3377848344930934,103.84662468784866
URA,TREVISTA,Condominium,RCR,LORONG 3 TOA PAYOH,12,2024-05-01,3220000.0,161.0,1732.99,1858.06,11-15,99 yrs lease commencing from 2008,,1.3377848344930934,103.84662468784866
URA,TREVISTA,Condominium,RCR,LORONG 3 TOA PAYOH,12,2024-05-01,1180000.0,64.0,688.89,1712.9,16-20,99 yrs lease commencing from 2008,,1.3377848344930934,103.84662468784866
URA,TREVISTA,Condominium,RCR,LORONG 3 TOA PAYOH,12,2024-05-01,2088000.0,102.0,1097.92,1901.78,11-15,99 yrs lease commencing from 2008,,1.3377848344930934,103.84662468784866
URA,TREVISTA,Condominium,RCR,LORONG 3 TOA PAYOH,12,2024-07-01,3088000.0,150.0,1614.59,1912.57,36-40,99 yrs lease commencing from 2008,,1.3377848344930934,103.84662468784866
URA,TREVISTA,Condominium,RCR,LORONG 3 TOA PAYOH,12,2024-07-01,2850000.0,145.0,1560.77,1826.03,21-25,99 yrs lease commencing from 2008,,1.3377848344930934,103.84662468784866
URA,TREVISTA,Condominium,RCR,LORONG 3 TOA PAYOH,12,2024-07-01,3026000.0,145.0,1560.77,1938.79,31-35,99 yrs lease commencing from 2008,,1.3377848344930934,103.84662468784866
URA,TREVISTA,Condominium,RCR,LORONG 3 TOA PAYOH,12,2024-07-01,2210000.0,103.0,1108.68,1993.36,26-30,99 yrs lease commencing from 2008,,1.3377848344930934,103.84662468784866
URA,TREVISTA,Condominium,RCR,LORONG 3 TOA PAYOH,12,2024-08-01,3180000.0,158.0,1700.7,1869.82,16-20,99 yrs lease commencing from 2008,,1.3377848344930934,103.84662468784866
URA,TREVISTA,Condominium,RCR,LORONG 3 TOA PAYOH,12,2024-09-01,2060000.0,105.0,1130.21,1822.67,06-10,99 yrs lease commencing from 2008,,1.3377848344930934,103.84662468784866
URA,TREVISTA,Condominium,RCR,LORONG 3 TOA PAYOH,12,2024-09-01,1870000.0,94.0,1011.81,1848.18,11-15,99 yrs lease commencing from 2008,,1.3377848344930934,103.84662468784866
URA,TREVISTA,Condominium,RCR,LORONG 3 TOA PAYOH,12,2024-09-01,1590000.0,80.0,861.11,1846.45,16-20,99 yrs lease commencing from 2008,,1.3377848344930934,103.84662468784866
URA,TREVISTA,Condominium,RCR,LORONG 3 TOA PAYOH,12,2024-09-01,2280000.0,105.0,1130.21,2017.33,36-40,99 yrs lease commencing from 2008,,1.3377848344930934,103.84662468784866
URA,TREVISTA,Condominium,RCR,LORONG 3 TOA PAYOH,12,2024-09-01,3130000.0,161.0,1732.99,1806.13,16-20,99 yrs lease commencing from 2008,,1.3377848344930934,103.84662468784866
URA,TREVISTA,Condominium,RCR,LORONG 3 TOA PAYOH,12,2024-11-01,1680000.0,86.0,925.7,1814.85,21-25,99 yrs lease commencing from 2008,,1.3377848344930934,103.84662468784866
URA,TREVISTA,Condominium,RCR,LORONG 3 TOA PAYOH,12,2024-11-01,2265000.0,103.0,1108.68,2042.97,31-35,99 yrs lease commencing from 2008,,1.3377848344930934,103.84662468784866
URA,TREVISTA,Condominium,RCR,LORONG 3 TOA PAYOH,12,2024-11-01,2320000.0,107.0,1151.74,2014.35,36-40,99 yrs lease commencing from 2008,,1.3377848344930934,103.84662468784866
URA,TREVISTA,Condominium,RCR,LORONG 3 TOA PAYOH,12,2024-11-01,3200000.0,158.0,1700.7,1881.58,21-25,99 yrs lease commencing from 2008,,1.3377848344930934,103.84662468784866
URA,TREVISTA,Condominium,RCR,LORONG 3 TOA PAYOH,12,2024-12-01,2288000.0,118.0,1270.14,1801.38,11-15,99 yrs lease commencing from 2008,,1.3377848344930934,103.84662468784866
URA,TREVISTA,Condominium,RCR,LORONG 3 TOA PAYOH,12,2024-12-01,2470000.0,118.0,1270.14,1944.67,16-20,99 yrs lease commencing from 2008,,1.3377848344930934,103.84662468784866
URA,TREVISTA,Condominium,RCR,LORONG 3 TOA PAYOH,12,2024-12-01,2200000.0,107.0,1151.74,1910.16,06-10,99 yrs lease commencing from 2008,,1.3377848344930934,103.84662468784866
URA,TREVISTA,Condominium,RCR,LORONG 3 TOA PAYOH,12,2025-01-01,3068000.0,161.0,1732.99,1770.35,21-25,99 yrs lease commencing from 2008,,1.3377848344930934,103.84662468784866
URA,TREVISTA,Condominium,RCR,LORONG 3 TOA PAYOH,12,2025-01-01,3158000.0,158.0,1700.7,1856.89,06-10,99 yrs lease commencing from 2008,,1.3377848344930934,103.84662468784866
URA,TREVISTA,Condominium,RCR,LORONG 3 TOA PAYOH,12,2025-01-01,2300000.0,118.0,1270.14,1810.82,11-15,99 yrs lease commencing from 2008,,1.3377848344930934,103.84662468784866
URA,TREVISTA,Condominium,RCR,LORONG 3 TOA PAYOH,12,2025-02-01,3208000.0,150.0,1614.59,1986.89,36-40,99 yrs lease commencing from 2008,,1.3377848344930934,103.84662468784866
URA,TREVISTA,Condominium,RCR,LORONG 3 TOA PAYOH,12,2025-02-01,1720000.0,86.0,925.7,1858.06,26-30,99 yrs lease commencing from 2008,,1.3377848344930934,103.84662468784866
URA,TREVISTA,Condominium,RCR,LORONG 3 TOA PAYOH,12,2025-02-01,1960000.0,94.0,1011.81,1937.13,11-15,99 yrs lease commencing from 2008,,1.3377848344930934,103.84662468784866
URA,TREVISTA,Condominium,RCR,LORONG 3 TOA PAYOH,12,2025-02-01,1738000.0,85.0,914.93,1899.6,16-20,99 yrs lease commencing from 2008,,1.3377848344930934,103.84662468784866
URA,TREVISTA,Condominium,RCR,LORONG 3 TOA PAYOH,12,2025-02-01,2350000.0,104.0,1119.45,2099.25,26-30,99 yrs lease commencing from 2008,,1.3377848344930934,103.84662468784866
URA,TREVISTA,Condominium,RCR,LORONG 3 TOA PAYOH,12,2025-04-01,1695000.0,80.0,861.11,1968.39,26-30,99 yrs lease commencing from 2008,,1.3377848344930934,103.84662468784866
URA,TREVISTA,Condominium,RCR,LORONG 3 TOA PAYOH,12,2025-04-01,2310888.0,106.0,1140.97,2025.37,16-20,99 yrs lease commencing from 2008,,1.3377848344930934,103.84662468784866
URA,TREVISTA,Condominium,RCR,LORONG 3 TOA PAYOH,12,2025-04-01,2420000.0,104.0,1119.45,2161.78,31-35,99 yrs lease commencing from 2008,,1.3377848344930934,103.84662468784866
URA,TREVISTA,Condominium,RCR,LORONG 3 TOA PAYOH,12,2025-04-01,3180000.0,145.0,1560.77,2037.46,21-25,99 yrs lease commencing from 2008,,1.3377848344930934,103.84662468784866
URA,TREVISTA,Condominium,RCR,LORONG 3 TOA PAYOH,12,2025-04-01,2379000.0,103.0,1108.68,2145.79,31-35,99 yrs lease commencing from 2008,,1.3377848344930934,103.84662468784866
URA,TREVISTA,Condominium,RCR,LORONG 3 TOA PAYOH,12,2025-07-01,2460000.0,104.0,1119.45,2197.52,26-30,99 yrs lease commencing from 2008,,1.3377848344930934,103.84662468784866
URA,TREVISTA,Condominium,RCR,LORONG 3 TOA PAYOH,12,2025-07-01,3230000.0,145.0,1560.77,2069.5,26-30,99 yrs lease commencing from 2008,,1.3377848344930934,103.84662468784866
URA,TREVISTA,Condominium,RCR,LORONG 3 TOA PAYOH,12,2025-07-01,3250000.0,158.0,1700.7,1910.98,06-10,99 yrs lease commencing from 2008,,1.3377848344930934,103.84662468784866
URA,TREVISTA,Condominium,RCR,LORONG 3 TOA PAYOH,12,2025-08-01,2400000.0,103.0,1108.68,2164.73,21-25,99 yrs lease commencing from 2008,,1.3377848344930934,103.84662468784866
URA,TREVISTA,Condominium,RCR,LORONG 3 TOA PAYOH,12,2025-09-01,3268000.0,161.0,1732.99,1885.76,11-15,99 yrs lease commencing from 2008,,1.3377848344930934,103.84662468784866
URA,TREVISTA,Condominium,RCR,LORONG 3 TOA PAYOH,12,2025-09-01,1780000.0,83.0,893.4,1992.38,31-35,99 yrs lease commencing from 2008,,1.3377848344930934,103.84662468784866
URA,TREVISTA,Condominium,RCR,LORONG 3 TOA PAYOH,12,2025-09-01,2460000.0,105.0,1130.21,2176.59,31-35,99 yrs lease commencing from 2008,,1.3377848344930934,103.84662468784866
URA,TREVISTA,Condominium,RCR,LORONG 3 TOA PAYOH,12,2025-10-01,1880000.0,86.0,925.7,2030.91,36-40,99 yrs lease commencing from 2008,,1.3377848344930934,103.84662468784866
URA,TREVISTA,Condominium,RCR,LORONG 3 TOA PAYOH,12,2025-11-01,3250000.0,145.0,1560.77,2082.31,26-30,99 yrs lease commencing from 2008,,1.3377848344930934,103.84662468784866
URA,TREVISTA,Condominium,RCR,LORONG 3 TOA PAYOH,12,2025-12-01,2400000.0,106.0,1140.97,2103.47,11-15,99 yrs lease commencing from 2008,,1.3377848344930934,103.84662468784866
URA,TREVISTA,Condominium,RCR,LORONG 3 TOA PAYOH,12,2026-01-01,800000.0,43.0,462.85,1728.43,06-10,99 yrs lease commencing from 2008,,1.3377848344930934,103.84662468784866
URA,TREVISTA,Condominium,RCR,LORONG 3 TOA PAYOH,12,2026-03-01,1800000.0,85.0,914.93,1967.36,31-35,99 yrs lease commencing from 2008,,1.3377848344930934,103.84662468784866
URA,TREVISTA,Condominium,RCR,LORONG 3 TOA PAYOH,12,2026-04-01,2435000.0,102.0,1097.92,2217.83,21-25,99 yrs lease commencing from 2008,,1.3377848344930934,103.84662468784866
URA,TREVISTA,Condominium,RCR,LORONG 3 TOA PAYOH,12,2026-06-01,2440000.0,104.0,1119.45,2179.65,16-20,99 yrs lease commencing from 2008,,1.3377848344930934,103.84662468784866
URA,TREVISTA,Condominium,RCR,LORONG 3 TOA PAYOH,12,2026-06-01,2600000.0,105.0,1130.21,2300.46,36-40,99 yrs lease commencing from 2008,,1.3377848344930934,103.84662468784866
URA,TREVISTA,Condominium,RCR,LORONG 3 TOA PAYOH,12,2026-07-01,3501888.0,161.0,1732.99,2020.72,31-35,99 yrs lease commencing from 2008,,1.3377848344930934,103.84662468784866
